order_item_id,order_id,establishment_id,product_id,product_name_revel_raw,product_name_v2_reference,category_id_v2_reference,category_name_v2_reference,quantity,unit_price,line_total,is_modifier_row,created_date_revel_raw,created_at_chicago,updated_date_revel_raw,updated_at_chicago,created_by_user_id,updated_by_user_id,voided_by_user_id,product_uri,modifier_row_count,price,pure_sales,tax_amount,modifier_amount,initial_price,cost,modifier_cost,commission_amount,discount_amount,discount_rule_amount,discount_tax_amount_included,service_fee_tax,service_fee_taxed,service_fee_untaxed,combo_saving_amount,wholesale_saving_amount,price_to_display,applied_taxes_json,applied_discounts_json,modifieritems_json,ingredientitems_json,commissions_json,reference_discounts_json,uuid,deleted,deleted_date,is_voided,voided_date,voided_by,voided_reason,void_ref_uuid,discount_reason,discount_code,combo_uuid,combo_type,combo_used,parent_combo_uuid,parent_uuid,dining_option,seat_number,course_number,printed,sent,on_hold,special_request,gift_card_number,item_type,sold_by_weight,uom,created_by,updated_by,station,start_time,kitchen_completed,order_local_id
47460468,14673691,26,14554,** 4 Finger Spicy **,** 4 Finger Spicy **,2760,Meals,1.000,4.630000,4.630000,false,2026-06-01T10:01:29,2026-06-01 10:01:29-05:00,2026-06-01T10:02:12,2026-06-01 10:02:12-05:00,38670,38670,,/resources/Product/14554/,0,4.630000,4.630000,0.381975,0.000000,4.630000,0.000000,0.000000,0.000000,,,0.000000,0.000000,0.000000,0.000000,4.530000,0.000000,0.000000,"[{""max_quantity_threshold"": 0, ""min_quantity_threshold"": 0, ""tax_amount"": ""0.3820"", ""name"": ""Sales Tax"", ""max_threshold"": ""0.0000"", ""min_threshold"": ""0.0000"", ""tax_type"": 0, ""flat_tax_units"": 0, ""on_full_price"": true, ""id"": 48416544, ""tax_rate"": ""8.2500"", ""actual_tax_rate"": ""8.2500"", ""tax_table"": null, ""order_item"": ""/resources/OrderItem/47460468/"", ""fiscal_rate"": ""2"", ""local_tax_id"": 590, ""uuid"": ""04311ce8-c328-49fe-be4d-314ce42c10c8"", ""rounding_type"": 0, ""resource_uri"": ""/resources/AppliedTaxOrderItem/48416544/""}]",[],[],[],[],"""[]""",d52ef3fa-ced6-493b-949e-b6eacb5a9293,false,,,,,,,,,684cb668-267e-481f-8f13-e59a5fa1ea32,0,/resources/Product/14511/,684cb668-267e-481f-8f13-e59a5fa1ea32,,1,,0,true,true,false,,,0,false,,/enterprise/User/38670/,/enterprise/User/38670/,/resources/PosStation/1157/,2026-06-01T10:01:27,2026-06-01T10:15:26,14673691
47472134,14676288,26,14401,Gravy,Gravy,2730,Food,1.000,0.790000,0.790000,false,2026-06-01T11:58:07,2026-06-01 11:58:07-05:00,2026-06-01T12:02:02,2026-06-01 12:02:02-05:00,38670,38670,,/resources/Product/14401/,0,0.790000,0.790000,0.065175,0.000000,0.790000,0.000000,0.000000,0.000000,,,0.000000,0.000000,0.000000,0.000000,0.000000,0.000000,0.000000,"[{""max_quantity_threshold"": 0, ""min_quantity_threshold"": 0, ""tax_amount"": ""0.0652"", ""name"": ""Sales Tax"", ""max_threshold"": ""0.0000"", ""min_threshold"": ""0.0000"", ""tax_type"": 0, ""flat_tax_units"": 0, ""on_full_price"": true, ""id"": 48428885, ""tax_rate"": ""8.2500"", ""actual_tax_rate"": ""8.2500"", ""tax_table"": null, ""order_item"": ""/resources/OrderItem/47472134/"", ""fiscal_rate"": ""2"", ""local_tax_id"": 590, ""uuid"": ""767e1e2c-39bb-4a39-8d55-949600c1a64c"", ""rounding_type"": 0, ""resource_uri"": ""/resources/AppliedTaxOrderItem/48428885/""}]",[],[],[],[],"""[]""",1176fbff-debb-41c2-874c-e694174d6ca5,false,,,,,,,,,,0,,,,4,,0,true,true,false,,,0,false,,/enterprise/User/38670/,/enterprise/User/38670/,/resources/PosStation/1151/,2026-06-01T11:58:06,2026-06-01T12:02:00,14676288
47487967,14679762,26,14497,NO DRINK,NO DRINK,2735,Drinks,1.000,0.000000,-0.500000,false,2026-06-01T13:17:34,2026-06-01 13:17:34-05:00,2026-06-01T15:13:56,2026-06-01 15:13:56-05:00,38670,38670,,/resources/Product/14497/,1,0.000000,-0.500000,-0.041250,-0.500000,0.000000,0.000000,0.000000,0.000000,,,0.000000,0.000000,0.000000,0.000000,0.000000,0.000000,0.000000,"[{""max_quantity_threshold"": 0, ""min_quantity_threshold"": 0, ""tax_amount"": ""-0.0413"", ""name"": ""Sales Tax"", ""max_threshold"": ""0.0000"", ""min_threshold"": ""0.0000"", ""tax_type"": 0, ""flat_tax_units"": 0, ""on_full_price"": true, ""id"": 48445083, ""tax_rate"": ""8.2500"", ""actual_tax_rate"": ""8.2500"", ""tax_table"": null, ""order_item"": ""/resources/OrderItem/47487967/"", ""fiscal_rate"": ""2"", ""local_tax_id"": 590, ""uuid"": ""2f92b7aa-839c-4301-b662-3bed42593217"", ""rounding_type"": 0, ""resource_uri"": ""/resources/AppliedTaxOrderItem/48445083/""}]",[],"[{""qty_type"": 0, ""uuid"": ""6b1fad3e-83be-4b51-9ef9-90f0706a2cc3"", ""substitution_of"": null, ""no_modifier_substitute"": false, ""mod_type"": 0, ""modifier_cost"": ""0.0000"", ""qty"": ""1.0"", ""is_discounted"": false, ""split_combo_data"": {""inherited_from_parent"": false, ""combo_fraction_part"": 0, ""overriden_price"": 0}, ""modifier_price"": ""-0.5"", ""order_item"": ""/resources/OrderItem/47487967/"", ""is_substituted"": false, ""modifier"": ""/resources/Modifier/18526/"", ""id"": 26569997, ""conditional_of"": null, ""resource_uri"": ""/resources/ModifierItem/26569997/""}]",[],[],"""[]""",89b53dcc-33f8-4089-be30-15a35331be2e,false,,,,,,,,,64195989-9433-4ef9-8c1c-7cbc02bca74c,0,/resources/Product/14503/,64195989-9433-4ef9-8c1c-7cbc02bca74c,,4,,0,true,true,false,,,0,false,,/enterprise/User/38670/,/enterprise/User/38670/,/resources/PosStation/1153/,2026-06-01T13:17:34,2026-06-01T15:13:54,14679762
47501988,14682669,26,14324,Laynes Sauce,Laynes Sauce,2730,Food,2.000,0.690000,1.380000,false,2026-06-01T15:21:45,2026-06-01 15:21:45-05:00,2026-06-01T15:26:17,2026-06-01 15:26:17-05:00,38670,38670,,/resources/Product/14324/,0,0.690000,1.380000,0.113850,0.000000,0.690000,0.000000,0.000000,0.000000,,,0.000000,0.000000,0.000000,0.000000,0.000000,0.000000,0.000000,"[{""max_quantity_threshold"": 0, ""min_quantity_threshold"": 0, ""tax_amount"": ""0.1139"", ""name"": ""Sales Tax"", ""max_threshold"": ""0.0000"", ""min_threshold"": ""0.0000"", ""tax_type"": 0, ""flat_tax_units"": 0, ""on_full_price"": true, ""id"": 48459429, ""tax_rate"": ""8.2500"", ""actual_tax_rate"": ""8.2500"", ""tax_table"": null, ""order_item"": ""/resources/OrderItem/47501988/"", ""fiscal_rate"": ""2"", ""local_tax_id"": 590, ""uuid"": ""70e9968c-b3f3-4a24-838a-b6db4d915275"", ""rounding_type"": 0, ""resource_uri"": ""/resources/AppliedTaxOrderItem/48459429/""}]",[],[],[],[],"""[]""",1ff86f8a-c137-4cd6-9a51-3355e862418b,false,,,,,,,,,7dcb5abd-6578-46b8-a7e7-21bea52ecc1e,0,/resources/Product/14500/,7dcb5abd-6578-46b8-a7e7-21bea52ecc1e,,4,,0,true,true,false,,,0,false,,/enterprise/User/38670/,/enterprise/User/38670/,/resources/PosStation/1153/,2026-06-01T15:21:45,2026-06-01T15:26:16,14682669
47519141,14686390,26,14324,Laynes Sauce,Laynes Sauce,2730,Food,1.000,0.690000,0.690000,false,2026-06-01T18:09:35,2026-06-01 18:09:35-05:00,2026-06-01T18:23:36,2026-06-01 18:23:36-05:00,75716,35616,,/resources/Product/14324/,0,0.690000,0.690000,0.056925,0.000000,0.690000,0.000000,0.000000,0.000000,,,0.000000,0.000000,0.000000,0.000000,0.000000,0.000000,0.000000,"[{""max_quantity_threshold"": 0, ""min_quantity_threshold"": 0, ""tax_amount"": ""0.0569"", ""name"": ""Sales Tax"", ""max_threshold"": ""0.0000"", ""min_threshold"": ""0.0000"", ""tax_type"": 0, ""flat_tax_units"": 0, ""on_full_price"": true, ""id"": 48477048, ""tax_rate"": ""8.2500"", ""actual_tax_rate"": ""8.2500"", ""tax_table"": null, ""order_item"": ""/resources/OrderItem/47519141/"", ""fiscal_rate"": ""2"", ""local_tax_id"": 590, ""uuid"": ""d7db8b0f-676e-4311-adb7-881fdf6e7c99"", ""rounding_type"": 0, ""resource_uri"": ""/resources/AppliedTaxOrderItem/48477048/""}]",[],[],[],[],"""[]""",f0fa712c-ed1c-4c80-b434-9f96e5d020d8,false,,,,,,,,,350bbcc8-b7aa-4de2-aff0-8214a1e2ce9f,0,/resources/Product/14507/,350bbcc8-b7aa-4de2-aff0-8214a1e2ce9f,,4,,0,true,true,false,,,0,false,,/enterprise/User/75716/,/enterprise/User/35616/,/resources/PosStation/1153/,2026-06-01T18:09:34,2026-06-01T18:23:34,14686390
47531708,14689397,26,14324,Laynes Sauce,Laynes Sauce,2730,Food,1.000,0.690000,0.690000,false,2026-06-01T19:56:20,2026-06-01 19:56:20-05:00,2026-06-01T19:56:24,2026-06-01 19:56:24-05:00,84406,84406,,/resources/Product/14324/,0,0.690000,0.690000,0.056925,0.000000,0.690000,0.000000,0.000000,0.000000,,,0.000000,0.000000,0.000000,0.000000,0.000000,0.000000,0.000000,"[{""max_quantity_threshold"": 0, ""min_quantity_threshold"": 0, ""tax_amount"": ""0.0569"", ""name"": ""Sales Tax"", ""max_threshold"": ""0.0000"", ""min_threshold"": ""0.0000"", ""tax_type"": 0, ""flat_tax_units"": 0, ""on_full_price"": true, ""id"": 48489846, ""tax_rate"": ""8.2500"", ""actual_tax_rate"": ""8.2500"", ""tax_table"": null, ""order_item"": ""/resources/OrderItem/47531708/"", ""fiscal_rate"": ""2"", ""local_tax_id"": 590, ""uuid"": ""85294f60-df7f-41e3-8c56-5fd06555a59f"", ""rounding_type"": 0, ""resource_uri"": ""/resources/AppliedTaxOrderItem/48489846/""}]",[],[],[],[],"""[]""",e857be43-251e-41f2-8b3e-79eb27502f72,false,,,,,,,,,86a6c432-be71-4b1e-b2f3-bc50f2595994,0,/resources/Product/14507/,86a6c432-be71-4b1e-b2f3-bc50f2595994,,1,,0,true,true,false,,,0,false,,/enterprise/User/84406/,/enterprise/User/84406/,/resources/PosStation/1157/,2026-06-01T19:56:17,2026-06-01T19:56:21,14689397
47544317,14692519,26,14535,Fries,Fries,2759,Fries - Choice,2.000,2.690000,5.380000,false,2026-06-01T22:11:25,2026-06-01 22:11:25-05:00,2026-06-01T22:20:04,2026-06-01 22:20:04-05:00,75716,75716,,/resources/Product/14535/,0,2.690000,5.380000,0.443850,0.000000,2.690000,0.000000,0.000000,0.000000,,,0.000000,0.000000,0.000000,0.000000,0.000000,0.000000,0.000000,"[{""max_quantity_threshold"": 0, ""min_quantity_threshold"": 0, ""tax_amount"": ""0.4439"", ""name"": ""Sales Tax"", ""max_threshold"": ""0.0000"", ""min_threshold"": ""0.0000"", ""tax_type"": 0, ""flat_tax_units"": 0, ""on_full_price"": true, ""id"": 48502417, ""tax_rate"": ""8.2500"", ""actual_tax_rate"": ""8.2500"", ""tax_table"": null, ""order_item"": ""/resources/OrderItem/47544317/"", ""fiscal_rate"": ""2"", ""local_tax_id"": 590, ""uuid"": ""3c272c1c-0043-4057-a776-35f8dec68ea1"", ""rounding_type"": 0, ""resource_uri"": ""/resources/AppliedTaxOrderItem/48502417/""}]",[],[],[],[],"""[]""",49e6719a-99d5-4c33-9a4c-1cf58f73e7b9,false,,,,,,,,,2cda6834-e138-430b-9093-3717fc23da33,0,/resources/Product/14505/,2cda6834-e138-430b-9093-3717fc23da33,,4,,0,true,true,false,,,0,false,,/enterprise/User/75716/,/enterprise/User/75716/,/resources/PosStation/1153/,2026-06-01T22:11:24,2026-06-01T22:20:03,14692519
47556760,14695542,26,14535,Fries,Fries,2759,Fries - Choice,1.000,2.690000,2.690000,false,2026-06-02T11:38:17,2026-06-02 11:38:17-05:00,2026-06-02T11:39:14,2026-06-02 11:39:14-05:00,38670,38670,,/resources/Product/14535/,0,2.690000,2.690000,0.221925,0.000000,2.690000,0.000000,0.000000,0.000000,,,0.000000,0.000000,0.000000,0.000000,0.000000,0.000000,0.000000,"[{""max_quantity_threshold"": 0, ""min_quantity_threshold"": 0, ""tax_amount"": ""0.2219"", ""name"": ""Sales Tax"", ""max_threshold"": ""0.0000"", ""min_threshold"": ""0.0000"", ""tax_type"": 0, ""flat_tax_units"": 0, ""on_full_price"": true, ""id"": 48515150, ""tax_rate"": ""8.2500"", ""actual_tax_rate"": ""8.2500"", ""tax_table"": null, ""order_item"": ""/resources/OrderItem/47556760/"", ""fiscal_rate"": ""2"", ""local_tax_id"": 590, ""uuid"": ""4d456dd3-54b1-41e3-a199-afe19db9622c"", ""rounding_type"": 0, ""resource_uri"": ""/resources/AppliedTaxOrderItem/48515150/""}]",[],[],[],[],"""[]""",0e037398-fc1c-413b-9868-6aa2c0670358,false,,,,,,,,,a4ce098c-69b9-47bb-b7d4-a66350d6bfbd,0,/resources/Product/14507/,a4ce098c-69b9-47bb-b7d4-a66350d6bfbd,,4,,0,true,true,false,,,0,false,,/enterprise/User/38670/,/enterprise/User/38670/,/resources/PosStation/1153/,2026-06-02T11:38:15,2026-06-02T11:38:47,14695542
47565928,14697649,26,14535,Fries,Fries,2759,Fries - Choice,1.000,2.690000,2.690000,false,2026-06-02T12:22:13,2026-06-02 12:22:13-05:00,2026-06-02T12:22:51,2026-06-02 12:22:51-05:00,38670,38670,,/resources/Product/14535/,0,2.690000,2.690000,0.221925,0.000000,2.690000,0.000000,0.000000,0.000000,,,0.000000,0.000000,0.000000,0.000000,0.000000,0.000000,0.000000,"[{""max_quantity_threshold"": 0, ""min_quantity_threshold"": 0, ""tax_amount"": ""0.2219"", ""name"": ""Sales Tax"", ""max_threshold"": ""0.0000"", ""min_threshold"": ""0.0000"", ""tax_type"": 0, ""flat_tax_units"": 0, ""on_full_price"": true, ""id"": 48524473, ""tax_rate"": ""8.2500"", ""actual_tax_rate"": ""8.2500"", ""tax_table"": null, ""order_item"": ""/resources/OrderItem/47565928/"", ""fiscal_rate"": ""2"", ""local_tax_id"": 590, ""uuid"": ""72441016-d09f-4ebd-a1b0-36059579ee6d"", ""rounding_type"": 0, ""resource_uri"": ""/resources/AppliedTaxOrderItem/48524473/""}]",[],[],[],[],"""[]""",daeec370-eb15-4148-bd9e-347a1aa3138e,false,,,,,,,,,7cd2e614-bb9e-4315-a0b7-3c1b5a7a6c3b,0,/resources/Product/14507/,7cd2e614-bb9e-4315-a0b7-3c1b5a7a6c3b,,4,,0,true,true,false,,,0,false,,/enterprise/User/38670/,/enterprise/User/38670/,/resources/PosStation/1153/,2026-06-02T12:22:11,2026-06-02T12:22:49,14697649
47584384,14701686,26,14535,Fries,Fries,2759,Fries - Choice,1.000,2.690000,2.690000,false,2026-06-02T14:26:26,2026-06-02 14:26:26-05:00,2026-06-02T14:27:50,2026-06-02 14:27:50-05:00,38670,38670,,/resources/Product/14535/,0,2.690000,2.690000,0.221925,0.000000,2.690000,0.000000,0.000000,0.000000,,,0.000000,0.000000,0.000000,0.000000,0.000000,0.000000,0.000000,"[{""max_quantity_threshold"": 0, ""min_quantity_threshold"": 0, ""tax_amount"": ""0.2219"", ""name"": ""Sales Tax"", ""max_threshold"": ""0.0000"", ""min_threshold"": ""0.0000"", ""tax_type"": 0, ""flat_tax_units"": 0, ""on_full_price"": true, ""id"": 48543084, ""tax_rate"": ""8.2500"", ""actual_tax_rate"": ""8.2500"", ""tax_table"": null, ""order_item"": ""/resources/OrderItem/47584384/"", ""fiscal_rate"": ""2"", ""local_tax_id"": 590, ""uuid"": ""c9fc0a36-7fd0-4074-a524-c5a8e97ec5cf"", ""rounding_type"": 0, ""resource_uri"": ""/resources/AppliedTaxOrderItem/48543084/""}]",[],[],[],[],"""[]""",333fdc66-f150-4537-b5ab-6ddaf018de69,false,,,,,,,,,1a6d7be7-e446-4e66-abd5-efbbfad20e35,0,/resources/Product/14503/,1a6d7be7-e446-4e66-abd5-efbbfad20e35,,4,,0,true,true,false,,,0,false,,/enterprise/User/38670/,/enterprise/User/38670/,/resources/PosStation/1153/,2026-06-02T14:26:25,2026-06-02T14:27:48,14701686
47596883,14705082,26,14547,** 5 Finger Regular **,** 5 Finger Regular **,2760,Meals,1.000,6.140000,6.830000,false,2026-06-02T16:43:47,2026-06-02 16:43:47-05:00,2026-06-02T16:52:22,2026-06-02 16:52:22-05:00,38670,38670,,/resources/Product/14547/,1,6.140000,6.830000,0.563475,0.690000,6.140000,0.000000,0.000000,0.000000,,,0.000000,0.000000,0.000000,0.000000,5.310000,0.000000,0.000000,"[{""max_quantity_threshold"": 0, ""min_quantity_threshold"": 0, ""tax_amount"": ""0.5635"", ""name"": ""Sales Tax"", ""max_threshold"": ""0.0000"", ""min_threshold"": ""0.0000"", ""tax_type"": 0, ""flat_tax_units"": 0, ""on_full_price"": true, ""id"": 48555825, ""tax_rate"": ""8.2500"", ""actual_tax_rate"": ""8.2500"", ""tax_table"": null, ""order_item"": ""/resources/OrderItem/47596883/"", ""fiscal_rate"": ""2"", ""local_tax_id"": 590, ""uuid"": ""0719dbd2-57fb-4ad9-aaed-c6e5702d7ce3"", ""rounding_type"": 0, ""resource_uri"": ""/resources/AppliedTaxOrderItem/48555825/""}]",[],"[{""qty_type"": 0, ""uuid"": ""b4fb1107-95e3-4e30-90c8-b2e7f645dca5"", ""substitution_of"": null, ""no_modifier_substitute"": false, ""mod_type"": 0, ""modifier_cost"": ""0.0000"", ""qty"": ""1.0"", ""is_discounted"": false, ""split_combo_data"": {""inherited_from_parent"": false, ""combo_fraction_part"": 0, ""overriden_price"": 0}, ""modifier_price"": ""0.69"", ""order_item"": ""/resources/OrderItem/47596883/"", ""is_substituted"": false, ""modifier"": ""/resources/Modifier/18262/"", ""id"": 26590344, ""conditional_of"": null, ""resource_uri"": ""/resources/ModifierItem/26590344/""}]",[],[],"""[]""",10976975-5af7-4112-a45d-cc3c6f4b6b2e,false,,,,,,,,,bc42c168-d7ab-4a87-9552-13b607f8851c,0,/resources/Product/14500/,bc42c168-d7ab-4a87-9552-13b607f8851c,,4,,0,true,true,false,,,0,false,,/enterprise/User/38670/,/enterprise/User/38670/,/resources/PosStation/1151/,2026-06-02T16:43:46,2026-06-02T16:52:20,14705082
47612817,14708521,26,14401,Gravy,Gravy,2730,Food,1.000,0.790000,0.790000,false,2026-06-02T18:54:11,2026-06-02 18:54:11-05:00,2026-06-02T19:02:17,2026-06-02 19:02:17-05:00,52540,75716,,/resources/Product/14401/,0,0.790000,0.790000,0.065175,0.000000,0.790000,0.000000,0.000000,0.000000,,,0.000000,0.000000,0.000000,0.000000,0.000000,0.000000,0.000000,"[{""max_quantity_threshold"": 0, ""min_quantity_threshold"": 0, ""tax_amount"": ""0.0652"", ""name"": ""Sales Tax"", ""max_threshold"": ""0.0000"", ""min_threshold"": ""0.0000"", ""tax_type"": 0, ""flat_tax_units"": 0, ""on_full_price"": true, ""id"": 48571989, ""tax_rate"": ""8.2500"", ""actual_tax_rate"": ""8.2500"", ""tax_table"": null, ""order_item"": ""/resources/OrderItem/47612817/"", ""fiscal_rate"": ""2"", ""local_tax_id"": 590, ""uuid"": ""373a7bbc-f38f-483c-9e7d-ebcbc01d5e2d"", ""rounding_type"": 0, ""resource_uri"": ""/resources/AppliedTaxOrderItem/48571989/""}]",[],[],[],[],"""[]""",2a7401be-c745-40fe-875d-cb6dd4aaaaa6,false,,,,,,,,,6cfb7bda-71c1-4c41-9678-de594c1c577b,0,/resources/Product/14507/,6cfb7bda-71c1-4c41-9678-de594c1c577b,,4,,0,true,true,false,,,0,false,,/enterprise/User/52540/,/enterprise/User/75716/,/resources/PosStation/1153/,2026-06-02T18:54:10,2026-06-02T19:02:15,14708521
47625979,14711555,26,14327,BBQ Sauce,BBQ Sauce,2730,Food,1.000,0.690000,0.690000,false,2026-06-02T20:44:12,2026-06-02 20:44:12-05:00,2026-06-02T20:48:02,2026-06-02 20:48:02-05:00,75716,75716,,/resources/Product/14327/,0,0.690000,0.690000,0.056925,0.000000,0.690000,0.000000,0.000000,0.000000,,,0.000000,0.000000,0.000000,0.000000,0.000000,0.000000,0.000000,"[{""max_quantity_threshold"": 0, ""min_quantity_threshold"": 0, ""tax_amount"": ""0.0569"", ""name"": ""Sales Tax"", ""max_threshold"": ""0.0000"", ""min_threshold"": ""0.0000"", ""tax_type"": 0, ""flat_tax_units"": 0, ""on_full_price"": true, ""id"": 48585345, ""tax_rate"": ""8.2500"", ""actual_tax_rate"": ""8.2500"", ""tax_table"": null, ""order_item"": ""/resources/OrderItem/47625979/"", ""fiscal_rate"": ""2"", ""local_tax_id"": 590, ""uuid"": ""51f9373e-c51c-4233-a7f5-a566a58cc809"", ""rounding_type"": 0, ""resource_uri"": ""/resources/AppliedTaxOrderItem/48585345/""}]",[],[],[],[],"""[]""",d3fa7320-73b0-44af-8fae-355750f1884b,false,,,,,,,,,f081d16e-4617-473d-ad7b-cd6c66cd30f0,0,/resources/Product/14500/,f081d16e-4617-473d-ad7b-cd6c66cd30f0,,4,,0,true,true,false,,,0,false,,/enterprise/User/75716/,/enterprise/User/75716/,/resources/PosStation/1153/,2026-06-02T20:44:11,2026-06-02T20:47:59,14711555
47634578,14713827,26,14475,LOBBY DRINK,LOBBY DRINK,2735,Drinks,1.000,2.690000,2.690000,false,2026-06-02T23:07:31,2026-06-02 23:07:31-05:00,2026-06-02T23:12:04,2026-06-02 23:12:04-05:00,75716,37426,,/resources/Product/14475/,0,2.690000,2.690000,0.221925,0.000000,2.690000,0.000000,0.000000,0.000000,,,0.000000,0.000000,0.000000,0.000000,0.000000,0.000000,0.000000,"[{""max_quantity_threshold"": 0, ""min_quantity_threshold"": 0, ""tax_amount"": ""0.2219"", ""name"": ""Sales Tax"", ""max_threshold"": ""0.0000"", ""min_threshold"": ""0.0000"", ""tax_type"": 0, ""flat_tax_units"": 0, ""on_full_price"": true, ""id"": 48593915, ""tax_rate"": ""8.2500"", ""actual_tax_rate"": ""8.2500"", ""tax_table"": null, ""order_item"": ""/resources/OrderItem/47634578/"", ""fiscal_rate"": ""2"", ""local_tax_id"": 590, ""uuid"": ""83e5df73-4fed-4e76-8d7e-f78cef1e7c57"", ""rounding_type"": 0, ""resource_uri"": ""/resources/AppliedTaxOrderItem/48593915/""}]",[],[],[],[],"""[]""",8d5d7a8d-c2dc-4272-a3dc-eed9e19c3b3d,false,,,,,,,,,33aded6b-8f5a-4078-bf37-884da68e792f,0,/resources/Product/14503/,33aded6b-8f5a-4078-bf37-884da68e792f,,4,,0,true,true,false,,,0,false,,/enterprise/User/75716/,/enterprise/User/37426/,/resources/PosStation/1153/,2026-06-02T23:07:30,2026-06-02T23:11:29,14713827
47646658,14716832,26,14524,Toast,Toast,2758,Toast Choice,1.000,1.090000,1.090000,false,2026-06-03T11:46:33,2026-06-03 11:46:33-05:00,2026-06-03T11:47:45,2026-06-03 11:47:45-05:00,75716,38670,,/resources/Product/14524/,0,1.090000,1.090000,0.089925,0.000000,1.090000,0.000000,0.000000,0.000000,,,0.000000,0.000000,0.000000,0.000000,0.000000,0.000000,0.000000,"[{""max_quantity_threshold"": 0, ""min_quantity_threshold"": 0, ""tax_amount"": ""0.0899"", ""name"": ""Sales Tax"", ""max_threshold"": ""0.0000"", ""min_threshold"": ""0.0000"", ""tax_type"": 0, ""flat_tax_units"": 0, ""on_full_price"": true, ""id"": 48606657, ""tax_rate"": ""8.2500"", ""actual_tax_rate"": ""8.2500"", ""tax_table"": null, ""order_item"": ""/resources/OrderItem/47646658/"", ""fiscal_rate"": ""2"", ""local_tax_id"": 590, ""uuid"": ""a47d5a04-f288-4084-b97e-0d62b76ba9d4"", ""rounding_type"": 0, ""resource_uri"": ""/resources/AppliedTaxOrderItem/48606657/""}]",[],[],[],[],"""[]""",2b6295a1-4e06-488d-9298-ae99dbde3b6b,false,,,,,,,,,847adc28-275a-46ca-ab0e-ef1beceb1dbf,0,/resources/Product/14507/,847adc28-275a-46ca-ab0e-ef1beceb1dbf,,4,,0,true,true,false,,,0,false,,/enterprise/User/75716/,/enterprise/User/38670/,/resources/PosStation/1153/,2026-06-03T11:46:32,2026-06-03T11:47:36,14716832
47657108,14719101,26,14324,Laynes Sauce,Laynes Sauce,2730,Food,1.000,0.690000,0.690000,false,2026-06-03T12:32:44,2026-06-03 12:32:44-05:00,2026-06-03T12:36:57,2026-06-03 12:36:57-05:00,38670,38670,,/resources/Product/14324/,0,0.690000,0.690000,0.056925,0.000000,0.690000,0.000000,0.000000,0.000000,,,0.000000,0.000000,0.000000,0.000000,0.000000,0.000000,0.000000,"[{""max_quantity_threshold"": 0, ""min_quantity_threshold"": 0, ""tax_amount"": ""0.0569"", ""name"": ""Sales Tax"", ""max_threshold"": ""0.0000"", ""min_threshold"": ""0.0000"", ""tax_type"": 0, ""flat_tax_units"": 0, ""on_full_price"": true, ""id"": 48617324, ""tax_rate"": ""8.2500"", ""actual_tax_rate"": ""8.2500"", ""tax_table"": null, ""order_item"": ""/resources/OrderItem/47657108/"", ""fiscal_rate"": ""2"", ""local_tax_id"": 590, ""uuid"": ""c8c50fe0-c3e6-403c-8091-0abf049a3a1f"", ""rounding_type"": 0, ""resource_uri"": ""/resources/AppliedTaxOrderItem/48617324/""}]",[],[],[],[],"""[]""",34853571-bf2d-46b8-a8d3-33e31225a4c1,false,,,,,,,,,a8871264-486f-4a27-abef-58116522de2c,0,/resources/Product/14510/,a8871264-486f-4a27-abef-58116522de2c,,4,,0,true,true,false,,,0,false,,/enterprise/User/38670/,/enterprise/User/38670/,/resources/PosStation/1153/,2026-06-03T12:32:43,2026-06-03T12:36:54,14719101
47671332,14722471,26,14559,** 3 Finger Spicy **,** 3 Finger Spicy **,2760,Meals,1.000,2.630000,2.630000,false,2026-06-03T14:09:40,2026-06-03 14:09:40-05:00,2026-06-03T14:12:30,2026-06-03 14:12:30-05:00,38670,38670,,/resources/Product/14559/,0,2.630000,2.630000,0.216975,0.000000,2.630000,0.000000,0.000000,0.000000,,,0.000000,0.000000,0.000000,0.000000,4.240000,0.000000,0.000000,"[{""max_quantity_threshold"": 0, ""min_quantity_threshold"": 0, ""tax_amount"": ""0.2170"", ""name"": ""Sales Tax"", ""max_threshold"": ""0.0000"", ""min_threshold"": ""0.0000"", ""tax_type"": 0, ""flat_tax_units"": 0, ""on_full_price"": true, ""id"": 48631889, ""tax_rate"": ""8.2500"", ""actual_tax_rate"": ""8.2500"", ""tax_table"": null, ""order_item"": ""/resources/OrderItem/47671332/"", ""fiscal_rate"": ""2"", ""local_tax_id"": 590, ""uuid"": ""a0298b49-40c0-42de-8755-8ea2a7008491"", ""rounding_type"": 0, ""resource_uri"": ""/resources/AppliedTaxOrderItem/48631889/""}]",[],[],[],[],"""[]""",3a9d054f-4efd-4fce-a0bc-b86a81cd238c,false,,,,,,,,,d5a0f251-aa06-48e8-98fe-2efdbbcedcfd,0,/resources/Product/14507/,d5a0f251-aa06-48e8-98fe-2efdbbcedcfd,,4,,0,true,true,false,,,0,false,,/enterprise/User/38670/,/enterprise/User/38670/,/resources/PosStation/1153/,2026-06-03T14:09:39,2026-06-03T14:12:28,14722471
47681150,14725063,26,14495,Regular Tea,Regular Tea,2735,Drinks,1.000,2.690000,2.690000,false,2026-06-03T15:59:39,2026-06-03 15:59:39-05:00,2026-06-03T16:00:11,2026-06-03 16:00:11-05:00,84406,84406,,/resources/Product/14495/,0,2.690000,2.690000,0.221925,0.000000,2.690000,0.000000,0.000000,0.000000,,,0.000000,0.000000,0.000000,0.000000,0.000000,0.000000,0.000000,"[{""max_quantity_threshold"": 0, ""min_quantity_threshold"": 0, ""tax_amount"": ""0.2219"", ""name"": ""Sales Tax"", ""max_threshold"": ""0.0000"", ""min_threshold"": ""0.0000"", ""tax_type"": 0, ""flat_tax_units"": 0, ""on_full_price"": true, ""id"": 48641917, ""tax_rate"": ""8.2500"", ""actual_tax_rate"": ""8.2500"", ""tax_table"": null, ""order_item"": ""/resources/OrderItem/47681150/"", ""fiscal_rate"": ""2"", ""local_tax_id"": 590, ""uuid"": ""6a4e31bb-473f-4fb3-a61b-8b8806f8a8c1"", ""rounding_type"": 0, ""resource_uri"": ""/resources/AppliedTaxOrderItem/48641917/""}]",[],[],[],[],"""[]""",5f44e81f-5205-4bc9-8199-f515df60184f,false,,,,,,,,,3f3115e0-f17a-4905-a703-05d007aeca60,0,/resources/Product/14511/,3f3115e0-f17a-4905-a703-05d007aeca60,,1,,0,true,true,false,,,0,false,,/enterprise/User/84406/,/enterprise/User/84406/,/resources/PosStation/1157/,,,14725063
47699292,14729324,26,14524,Toast,Toast,2758,Toast Choice,1.000,1.090000,1.090000,false,2026-06-03T18:28:19,2026-06-03 18:28:19-05:00,2026-06-03T18:34:01,2026-06-03 18:34:01-05:00,75716,75716,,/resources/Product/14524/,0,1.090000,1.090000,0.089925,0.000000,1.090000,0.000000,0.000000,0.000000,,,0.000000,0.000000,0.000000,0.000000,0.000000,0.000000,0.000000,"[{""max_quantity_threshold"": 0, ""min_quantity_threshold"": 0, ""tax_amount"": ""0.0899"", ""name"": ""Sales Tax"", ""max_threshold"": ""0.0000"", ""min_threshold"": ""0.0000"", ""tax_type"": 0, ""flat_tax_units"": 0, ""on_full_price"": true, ""id"": 48660467, ""tax_rate"": ""8.2500"", ""actual_tax_rate"": ""8.2500"", ""tax_table"": null, ""order_item"": ""/resources/OrderItem/47699292/"", ""fiscal_rate"": ""2"", ""local_tax_id"": 590, ""uuid"": ""e34a66ca-8241-4685-b594-d4fa9f02263a"", ""rounding_type"": 0, ""resource_uri"": ""/resources/AppliedTaxOrderItem/48660467/""}]",[],[],[],[],"""[]""",78b18171-20b4-4a38-9f0a-c1dfc51710f3,false,,,,,,,,,df3a1349-2dca-4277-bf06-4107b5df01a6,0,/resources/Product/14511/,df3a1349-2dca-4277-bf06-4107b5df01a6,,4,,0,true,true,false,,,0,false,,/enterprise/User/75716/,/enterprise/User/75716/,/resources/PosStation/1153/,2026-06-03T18:28:18,2026-06-03T18:33:59,14729324
47714271,14732573,26,14324,Laynes Sauce,Laynes Sauce,2730,Food,2.000,0.690000,1.380000,false,2026-06-03T20:20:51,2026-06-03 20:20:51-05:00,2026-06-03T20:23:12,2026-06-03 20:23:12-05:00,37426,37426,,/resources/Product/14324/,0,0.690000,1.380000,0.113850,0.000000,0.690000,0.000000,0.000000,0.000000,,,0.000000,0.000000,0.000000,0.000000,0.000000,0.000000,0.000000,"[{""max_quantity_threshold"": 0, ""min_quantity_threshold"": 0, ""tax_amount"": ""0.1139"", ""name"": ""Sales Tax"", ""max_threshold"": ""0.0000"", ""min_threshold"": ""0.0000"", ""tax_type"": 0, ""flat_tax_units"": 0, ""on_full_price"": true, ""id"": 48675635, ""tax_rate"": ""8.2500"", ""actual_tax_rate"": ""8.2500"", ""tax_table"": null, ""order_item"": ""/resources/OrderItem/47714271/"", ""fiscal_rate"": ""2"", ""local_tax_id"": 590, ""uuid"": ""e3e727b8-8751-4aa2-9bdb-136aa7640686"", ""rounding_type"": 0, ""resource_uri"": ""/resources/AppliedTaxOrderItem/48675635/""}]",[],[],[],[],"""[]""",5d5572fc-bbb6-4413-9bfa-ec37be3014e7,false,,,,,,,,,d7d3be1c-1f6f-4f65-b6f9-cd768da0a54f,0,/resources/Product/14500/,d7d3be1c-1f6f-4f65-b6f9-cd768da0a54f,,1,,0,true,true,false,,,0,false,,/enterprise/User/37426/,/enterprise/User/37426/,/resources/PosStation/1157/,2026-06-03T20:20:47,2026-06-03T20:23:07,14732573
47723843,14734816,26,14324,Laynes Sauce,Laynes Sauce,2730,Food,1.000,0.690000,0.690000,false,2026-06-03T21:57:48,2026-06-03 21:57:48-05:00,2026-06-03T22:00:27,2026-06-03 22:00:27-05:00,35616,35616,,/resources/Product/14324/,0,0.690000,0.690000,0.056925,0.000000,0.690000,0.000000,0.000000,0.000000,,,0.000000,0.000000,0.000000,0.000000,0.000000,0.000000,0.000000,"[{""max_quantity_threshold"": 0, ""min_quantity_threshold"": 0, ""tax_amount"": ""0.0569"", ""name"": ""Sales Tax"", ""max_threshold"": ""0.0000"", ""min_threshold"": ""0.0000"", ""tax_type"": 0, ""flat_tax_units"": 0, ""on_full_price"": true, ""id"": 48685167, ""tax_rate"": ""8.2500"", ""actual_tax_rate"": ""8.2500"", ""tax_table"": null, ""order_item"": ""/resources/OrderItem/47723843/"", ""fiscal_rate"": ""2"", ""local_tax_id"": 590, ""uuid"": ""88f7b1ed-b606-46f1-bb98-5cf59d5234a9"", ""rounding_type"": 0, ""resource_uri"": ""/resources/AppliedTaxOrderItem/48685167/""}]",[],[],[],[],"""[]""",0b4c2345-5d1a-4c55-9f8d-baf4170b8fdc,false,,,,,,,,,3a76aad8-98da-4800-b29c-6ca15716197d,0,/resources/Product/14510/,3a76aad8-98da-4800-b29c-6ca15716197d,,4,,0,true,true,false,,,0,false,,/enterprise/User/35616/,/enterprise/User/35616/,/resources/PosStation/1151/,2026-06-03T21:57:46,2026-06-03T22:00:24,14734816
47736959,14738447,26,14324,Laynes Sauce,Laynes Sauce,2730,Food,1.000,0.690000,0.690000,false,2026-06-04T11:36:02,2026-06-04 11:36:02-05:00,2026-06-04T11:40:39,2026-06-04 11:40:39-05:00,38670,38670,,/resources/Product/14324/,0,0.690000,0.690000,0.056925,0.000000,0.690000,0.000000,0.000000,0.000000,,,0.000000,0.000000,0.000000,0.000000,0.000000,0.000000,0.000000,"[{""max_quantity_threshold"": 0, ""min_quantity_threshold"": 0, ""tax_amount"": ""0.0569"", ""name"": ""Sales Tax"", ""max_threshold"": ""0.0000"", ""min_threshold"": ""0.0000"", ""tax_type"": 0, ""flat_tax_units"": 0, ""on_full_price"": true, ""id"": 48698659, ""tax_rate"": ""8.2500"", ""actual_tax_rate"": ""8.2500"", ""tax_table"": null, ""order_item"": ""/resources/OrderItem/47736959/"", ""fiscal_rate"": ""2"", ""local_tax_id"": 590, ""uuid"": ""87d23aeb-2a1c-4edc-83bc-6cf1a947ef21"", ""rounding_type"": 0, ""resource_uri"": ""/resources/AppliedTaxOrderItem/48698659/""}]",[],[],[],[],"""[]""",63c31672-7467-4ce7-99f1-9b6baf9d4d73,false,,,,,,,,,338b4ced-56b5-4056-9689-01396ddbeaa8,0,/resources/Product/14503/,338b4ced-56b5-4056-9689-01396ddbeaa8,,1,,0,true,true,false,,,0,false,,/enterprise/User/38670/,/enterprise/User/38670/,/resources/PosStation/1157/,2026-06-04T11:35:58,2026-06-04T11:40:35,14738447
47753862,14741869,26,14524,Toast,Toast,2758,Toast Choice,1.000,1.090000,1.090000,false,2026-06-04T12:50:31,2026-06-04 12:50:31-05:00,2026-06-04T12:51:54,2026-06-04 12:51:54-05:00,38670,38670,,/resources/Product/14524/,0,1.090000,1.090000,0.089925,0.000000,1.090000,0.000000,0.000000,0.000000,,,0.000000,0.000000,0.000000,0.000000,0.000000,0.000000,0.000000,"[{""max_quantity_threshold"": 0, ""min_quantity_threshold"": 0, ""tax_amount"": ""0.0899"", ""name"": ""Sales Tax"", ""max_threshold"": ""0.0000"", ""min_threshold"": ""0.0000"", ""tax_type"": 0, ""flat_tax_units"": 0, ""on_full_price"": true, ""id"": 48715809, ""tax_rate"": ""8.2500"", ""actual_tax_rate"": ""8.2500"", ""tax_table"": null, ""order_item"": ""/resources/OrderItem/47753862/"", ""fiscal_rate"": ""2"", ""local_tax_id"": 590, ""uuid"": ""80e38a18-d83e-4ec9-896f-bafea5127ac4"", ""rounding_type"": 0, ""resource_uri"": ""/resources/AppliedTaxOrderItem/48715809/""}]",[],[],[],[],"""[]""",35af783e-9952-4202-a364-bead8557d9c1,false,,,,,,,,,0a423ae1-bbbc-44e2-a152-6e3b2420fa02,0,/resources/Product/14507/,0a423ae1-bbbc-44e2-a152-6e3b2420fa02,,4,,0,true,true,false,,,0,false,,/enterprise/User/38670/,/enterprise/User/38670/,/resources/PosStation/1151/,2026-06-04T12:50:30,2026-06-04T12:51:52,14741869
47767013,14745084,26,14324,Laynes Sauce,Laynes Sauce,2730,Food,1.000,0.690000,0.690000,false,2026-06-04T14:17:40,2026-06-04 14:17:40-05:00,2026-06-04T14:20:33,2026-06-04 14:20:33-05:00,38670,38670,,/resources/Product/14324/,0,0.690000,0.690000,0.056925,0.000000,0.690000,0.000000,0.000000,0.000000,,,0.000000,0.000000,0.000000,0.000000,0.000000,0.000000,0.000000,"[{""max_quantity_threshold"": 0, ""min_quantity_threshold"": 0, ""tax_amount"": ""0.0569"", ""name"": ""Sales Tax"", ""max_threshold"": ""0.0000"", ""min_threshold"": ""0.0000"", ""tax_type"": 0, ""flat_tax_units"": 0, ""on_full_price"": true, ""id"": 48729192, ""tax_rate"": ""8.2500"", ""actual_tax_rate"": ""8.2500"", ""tax_table"": null, ""order_item"": ""/resources/OrderItem/47767013/"", ""fiscal_rate"": ""2"", ""local_tax_id"": 590, ""uuid"": ""e79c695a-6ea6-4700-bf13-ae975f3d1809"", ""rounding_type"": 0, ""resource_uri"": ""/resources/AppliedTaxOrderItem/48729192/""}]",[],[],[],[],"""[]""",d8683e89-5399-4742-9840-7ae9801225bc,false,,,,,,,,,082390e9-9b06-494b-b6ec-b2fe2e1e51a9,0,/resources/Product/14511/,082390e9-9b06-494b-b6ec-b2fe2e1e51a9,,4,,0,true,true,false,,,0,false,,/enterprise/User/38670/,/enterprise/User/38670/,/resources/PosStation/1153/,2026-06-04T14:17:39,2026-06-04T14:19:31,14745084
47781368,14748409,26,14474,LOBBY DRINK LARGE,LOBBY DRINK LARGE,2735,Drinks,1.000,2.690000,2.690000,false,2026-06-04T16:39:08,2026-06-04 16:39:08-05:00,2026-06-04T16:45:52,2026-06-04 16:45:52-05:00,38670,38670,,/resources/Product/14474/,0,2.690000,2.690000,0.221925,0.000000,2.690000,0.000000,0.000000,0.000000,,,0.000000,0.000000,0.000000,0.000000,0.000000,0.000000,0.690000,"[{""max_quantity_threshold"": 0, ""min_quantity_threshold"": 0, ""tax_amount"": ""0.2219"", ""name"": ""Sales Tax"", ""max_threshold"": ""0.0000"", ""min_threshold"": ""0.0000"", ""tax_type"": 0, ""flat_tax_units"": 0, ""on_full_price"": true, ""id"": 48743784, ""tax_rate"": ""8.2500"", ""actual_tax_rate"": ""8.2500"", ""tax_table"": null, ""order_item"": ""/resources/OrderItem/47781368/"", ""fiscal_rate"": ""2"", ""local_tax_id"": 590, ""uuid"": ""aaf809dd-ee02-4868-94b0-63ec362ecbe4"", ""rounding_type"": 0, ""resource_uri"": ""/resources/AppliedTaxOrderItem/48743784/""}]",[],[],[],[],"""[]""",39133cf7-d026-4697-a51f-175c023653ba,false,,,,,,,,,7ed3cbca-fcc2-4e13-af9c-234fdda6ca4a,0,/resources/Product/14507/,7ed3cbca-fcc2-4e13-af9c-234fdda6ca4a,,4,,0,true,true,false,,,0,false,,/enterprise/User/38670/,/enterprise/User/38670/,/resources/PosStation/1153/,2026-06-04T16:39:07,2026-06-04T16:45:49,14748409
47790251,14750478,26,14324,Laynes Sauce,Laynes Sauce,2730,Food,2.000,0.690000,1.380000,false,2026-06-04T17:52:42,2026-06-04 17:52:42-05:00,2026-06-04T17:58:47,2026-06-04 17:58:47-05:00,38670,38670,,/resources/Product/14324/,0,0.690000,1.380000,0.113850,0.000000,0.690000,0.000000,0.000000,0.000000,,,0.000000,0.000000,0.000000,0.000000,0.000000,0.000000,0.000000,"[{""max_quantity_threshold"": 0, ""min_quantity_threshold"": 0, ""tax_amount"": ""0.1139"", ""name"": ""Sales Tax"", ""max_threshold"": ""0.0000"", ""min_threshold"": ""0.0000"", ""tax_type"": 0, ""flat_tax_units"": 0, ""on_full_price"": true, ""id"": 48752903, ""tax_rate"": ""8.2500"", ""actual_tax_rate"": ""8.2500"", ""tax_table"": null, ""order_item"": ""/resources/OrderItem/47790251/"", ""fiscal_rate"": ""2"", ""local_tax_id"": 590, ""uuid"": ""482e3750-d3ac-4d69-9cde-b2813a6f17cd"", ""rounding_type"": 0, ""resource_uri"": ""/resources/AppliedTaxOrderItem/48752903/""}]",[],[],[],[],"""[]""",43920937-663f-409a-821f-06067148b686,false,,,,,,,,,5bf2c65d-64ac-41e8-afe6-e1e6f0c2d110,0,/resources/Product/14440/,5bf2c65d-64ac-41e8-afe6-e1e6f0c2d110,,1,,0,true,true,false,,,0,false,,/enterprise/User/38670/,/enterprise/User/38670/,/resources/PosStation/1157/,2026-06-04T17:52:38,2026-06-04T17:58:42,14750478
47804727,14753670,26,14524,Toast,Toast,2758,Toast Choice,1.000,1.090000,1.090000,false,2026-06-04T19:30:12,2026-06-04 19:30:12-05:00,2026-06-04T19:31:33,2026-06-04 19:31:33-05:00,38670,60799,,/resources/Product/14524/,0,1.090000,1.090000,0.089925,0.000000,1.090000,0.000000,0.000000,0.000000,,,0.000000,0.000000,0.000000,0.000000,0.000000,0.000000,0.000000,"[{""max_quantity_threshold"": 0, ""min_quantity_threshold"": 0, ""tax_amount"": ""0.0899"", ""name"": ""Sales Tax"", ""max_threshold"": ""0.0000"", ""min_threshold"": ""0.0000"", ""tax_type"": 0, ""flat_tax_units"": 0, ""on_full_price"": true, ""id"": 48767679, ""tax_rate"": ""8.2500"", ""actual_tax_rate"": ""8.2500"", ""tax_table"": null, ""order_item"": ""/resources/OrderItem/47804727/"", ""fiscal_rate"": ""2"", ""local_tax_id"": 590, ""uuid"": ""a69a8a49-db51-4b39-8238-6908b6eeee8d"", ""rounding_type"": 0, ""resource_uri"": ""/resources/AppliedTaxOrderItem/48767679/""}]",[],[],[],[],"""[]""",b183c44f-ffeb-42bb-a0c2-3000cdbad5d8,false,,,,,,,,,b7ea124e-99b1-40db-968e-ab9d7b657de7,0,/resources/Product/14500/,b7ea124e-99b1-40db-968e-ab9d7b657de7,,4,,0,true,true,false,,,0,false,,/enterprise/User/38670/,/enterprise/User/60799/,/resources/PosStation/1153/,2026-06-04T19:30:10,2026-06-04T19:31:31,14753670
47812553,14755363,26,14324,Laynes Sauce,Laynes Sauce,2730,Food,1.000,0.690000,0.690000,false,2026-06-04T20:25:57,2026-06-04 20:25:57-05:00,2026-06-04T20:26:59,2026-06-04 20:26:59-05:00,38670,60799,,/resources/Product/14324/,0,0.690000,0.690000,0.056925,0.000000,0.690000,0.000000,0.000000,0.000000,,,0.000000,0.000000,0.000000,0.000000,0.000000,0.000000,0.000000,"[{""max_quantity_threshold"": 0, ""min_quantity_threshold"": 0, ""tax_amount"": ""0.0569"", ""name"": ""Sales Tax"", ""max_threshold"": ""0.0000"", ""min_threshold"": ""0.0000"", ""tax_type"": 0, ""flat_tax_units"": 0, ""on_full_price"": true, ""id"": 48775596, ""tax_rate"": ""8.2500"", ""actual_tax_rate"": ""8.2500"", ""tax_table"": null, ""order_item"": ""/resources/OrderItem/47812553/"", ""fiscal_rate"": ""2"", ""local_tax_id"": 590, ""uuid"": ""4b576e3a-a222-4560-b0b5-5b57e693b4e1"", ""rounding_type"": 0, ""resource_uri"": ""/resources/AppliedTaxOrderItem/48775596/""}]",[],[],[],[],"""[]""",9bf3dd6f-d34d-48e7-a4b1-4e75383b25e8,false,,,,,,,,,,0,,,,4,,0,true,true,false,,,0,false,,/enterprise/User/38670/,/enterprise/User/60799/,/resources/PosStation/1153/,2026-06-04T20:25:55,2026-06-04T20:26:57,14755363
47822651,14758025,26,14405,4 Finger Meal*,4 Finger Meal*,2744,Meals,2.000,15.320000,30.640000,false,2026-06-04T21:58:55,2026-06-04 21:58:55-05:00,2026-06-04T21:58:57,2026-06-04 21:58:57-05:00,1,38670,,/resources/Product/14405/,5,15.320000,30.640000,2.527800,0.000000,15.320000,0.000000,0.000000,0.000000,,,0.000000,0.000000,0.000000,0.000000,0.000000,0.000000,0.000000,"[{""max_quantity_threshold"": 0, ""min_quantity_threshold"": 0, ""tax_amount"": ""2.5278"", ""name"": ""Sales Tax"", ""max_threshold"": ""0.0000"", ""min_threshold"": ""0.0000"", ""tax_type"": 0, ""flat_tax_units"": 1, ""on_full_price"": true, ""id"": 48785645, ""tax_rate"": ""8.2500"", ""actual_tax_rate"": ""8.2500"", ""tax_table"": null, ""order_item"": ""/resources/OrderItem/47822651/"", ""fiscal_rate"": ""2"", ""local_tax_id"": 590, ""uuid"": ""b5cc18d3-4031-43ca-bd98-a398e9161dc2"", ""rounding_type"": 0, ""resource_uri"": ""/resources/AppliedTaxOrderItem/48785645/""}]",[],"[{""qty_type"": 0, ""uuid"": ""513efe83-9494-4743-af84-753cc4681b54"", ""substitution_of"": null, ""no_modifier_substitute"": false, ""mod_type"": 0, ""modifier_cost"": ""0.0000"", ""qty"": ""1.0"", ""is_discounted"": false, ""split_combo_data"": {""inherited_from_parent"": false, ""combo_fraction_part"": 0, ""overriden_price"": 0}, ""modifier_price"": ""0.0"", ""order_item"": ""/resources/OrderItem/47822651/"", ""is_substituted"": false, ""modifier"": ""/resources/Modifier/18504/"", ""id"": 26636374, ""conditional_of"": null, ""resource_uri"": ""/resources/ModifierItem/26636374/""}, {""qty_type"": 0, ""uuid"": ""28509a58-c0ec-4ad3-9304-66b37ecbb6cf"", ""substitution_of"": null, ""no_modifier_substitute"": false, ""mod_type"": 0, ""modifier_cost"": ""0.0000"", ""qty"": ""1.0"", ""is_discounted"": false, ""split_combo_data"": {""inherited_from_parent"": false, ""combo_fraction_part"": 0, ""overriden_price"": 0}, ""modifier_price"": ""0.0"", ""order_item"": ""/resources/OrderItem/47822651/"", ""is_substituted"": false, ""modifier"": ""/resources/Modifier/18503/"", ""id"": 26636375, ""conditional_of"": null, ""resource_uri"": ""/resources/ModifierItem/26636375/""}, {""qty_type"": 0, ""uuid"": ""b49ef9e3-49d2-4a22-aacb-86a40d906a2d"", ""substitution_of"": null, ""no_modifier_substitute"": false, ""mod_type"": 0, ""modifier_cost"": ""0.0000"", ""qty"": ""1.0"", ""is_discounted"": false, ""split_combo_data"": {""inherited_from_parent"": false, ""combo_fraction_part"": 0, ""overriden_price"": 0}, ""modifier_price"": ""0.0"", ""order_item"": ""/resources/OrderItem/47822651/"", ""is_substituted"": false, ""modifier"": ""/resources/Modifier/18501/"", ""id"": 26636376, ""conditional_of"": null, ""resource_uri"": ""/resources/ModifierItem/26636376/""}, {""qty_type"": 0, ""uuid"": ""c246d8c3-ad13-43d6-ae20-2bc266eac58f"", ""substitution_of"": null, ""no_modifier_substitute"": false, ""mod_type"": 0, ""modifier_cost"": ""0.0000"", ""qty"": ""1.0"", ""is_discounted"": false, ""split_combo_data"": {""inherited_from_parent"": false, ""combo_fraction_part"": 0, ""overriden_price"": 0}, ""modifier_price"": ""0.0"", ""order_item"": ""/resources/OrderItem/47822651/"", ""is_substituted"": false, ""modifier"": ""/resources/Modifier/18500/"", ""id"": 26636377, ""conditional_of"": null, ""resource_uri"": ""/resources/ModifierItem/26636377/""}, {""qty_type"": 0, ""uuid"": ""39ff57c5-1570-4bba-8847-2f48eafd089f"", ""substitution_of"": null, ""no_modifier_substitute"": false, ""mod_type"": 0, ""modifier_cost"": ""0.0000"", ""qty"": ""1.0"", ""is_discounted"": false, ""split_combo_data"": {""inherited_from_parent"": false, ""combo_fraction_part"": 0, ""overriden_price"": 0}, ""modifier_price"": ""0.0"", ""order_item"": ""/resources/OrderItem/47822651/"", ""is_substituted"": false, ""modifier"": ""/resources/Modifier/18487/"", ""id"": 26636378, ""conditional_of"": null, ""resource_uri"": ""/resources/ModifierItem/26636378/""}]",[],[],"""[]""",741b5a04-98a8-412a-8b70-d6a5543f9b5c,false,,,,,,,,,,0,,,,100,,0,true,true,false,,,0,false,Unit,/enterprise/User/1/,/enterprise/User/38670/,/resources/PosStation/1150/,,,84ca0b62
47837303,14761890,26,14324,Laynes Sauce,Laynes Sauce,2730,Food,1.000,0.690000,0.690000,false,2026-06-05T11:33:12,2026-06-05 11:33:12-05:00,2026-06-05T11:37:32,2026-06-05 11:37:32-05:00,35616,35616,,/resources/Product/14324/,0,0.690000,0.690000,0.056925,0.000000,0.690000,0.000000,0.000000,0.000000,,,0.000000,0.000000,0.000000,0.000000,0.000000,0.000000,0.000000,"[{""max_quantity_threshold"": 0, ""min_quantity_threshold"": 0, ""tax_amount"": ""0.0569"", ""name"": ""Sales Tax"", ""max_threshold"": ""0.0000"", ""min_threshold"": ""0.0000"", ""tax_type"": 0, ""flat_tax_units"": 0, ""on_full_price"": true, ""id"": 48800802, ""tax_rate"": ""8.2500"", ""actual_tax_rate"": ""8.2500"", ""tax_table"": null, ""order_item"": ""/resources/OrderItem/47837303/"", ""fiscal_rate"": ""2"", ""local_tax_id"": 590, ""uuid"": ""dd3d8cc8-1437-4893-a139-0cb71c4c7a13"", ""rounding_type"": 0, ""resource_uri"": ""/resources/AppliedTaxOrderItem/48800802/""}]",[],[],[],[],"""[]""",0f2db2e8-2d8e-410b-9222-6dcd9993e155,false,,,,,,,,,ffce01c2-53be-4ede-94ec-7d149a94962f,0,/resources/Product/14507/,ffce01c2-53be-4ede-94ec-7d149a94962f,,4,,0,true,true,false,,,0,false,,/enterprise/User/35616/,/enterprise/User/35616/,/resources/PosStation/1153/,2026-06-05T11:33:10,2026-06-05T11:37:29,14761890
47854857,14765586,26,14475,LOBBY DRINK,LOBBY DRINK,2735,Drinks,1.000,2.690000,2.690000,false,2026-06-05T12:49:55,2026-06-05 12:49:55-05:00,2026-06-05T12:50:07,2026-06-05 12:50:07-05:00,35616,35616,,/resources/Product/14475/,0,2.690000,2.690000,0.221925,0.000000,2.690000,0.000000,0.000000,0.000000,,,0.000000,0.000000,0.000000,0.000000,0.000000,0.000000,0.000000,"[{""max_quantity_threshold"": 0, ""min_quantity_threshold"": 0, ""tax_amount"": ""0.2219"", ""name"": ""Sales Tax"", ""max_threshold"": ""0.0000"", ""min_threshold"": ""0.0000"", ""tax_type"": 0, ""flat_tax_units"": 0, ""on_full_price"": true, ""id"": 48818704, ""tax_rate"": ""8.2500"", ""actual_tax_rate"": ""8.2500"", ""tax_table"": null, ""order_item"": ""/resources/OrderItem/47854857/"", ""fiscal_rate"": ""2"", ""local_tax_id"": 590, ""uuid"": ""658138d6-f873-41ae-8d2f-dc4210c556d0"", ""rounding_type"": 0, ""resource_uri"": ""/resources/AppliedTaxOrderItem/48818704/""}]",[],[],[],[],"""[]""",820b97ba-2b20-4f05-ae2f-01bf80baade8,false,,,,,,,,,4d32f6b4-f9be-4c90-8814-3c81de234658,0,/resources/Product/14507/,4d32f6b4-f9be-4c90-8814-3c81de234658,,1,,0,true,false,false,,,0,false,,/enterprise/User/35616/,/enterprise/User/35616/,/resources/PosStation/1157/,,,14765586
47868312,14768511,26,14548,** 5 Finger Spicy **,** 5 Finger Spicy **,2760,Meals,1.000,6.140000,6.140000,false,2026-06-05T14:06:44,2026-06-05 14:06:44-05:00,2026-06-05T14:09:00,2026-06-05 14:09:00-05:00,35616,35616,,/resources/Product/14548/,0,6.140000,6.140000,0.506550,0.000000,6.140000,0.000000,0.000000,0.000000,,,0.000000,0.000000,0.000000,0.000000,5.310000,0.000000,0.000000,"[{""max_quantity_threshold"": 0, ""min_quantity_threshold"": 0, ""tax_amount"": ""0.5065"", ""name"": ""Sales Tax"", ""max_threshold"": ""0.0000"", ""min_threshold"": ""0.0000"", ""tax_type"": 0, ""flat_tax_units"": 0, ""on_full_price"": true, ""id"": 48832450, ""tax_rate"": ""8.2500"", ""actual_tax_rate"": ""8.2500"", ""tax_table"": null, ""order_item"": ""/resources/OrderItem/47868312/"", ""fiscal_rate"": ""2"", ""local_tax_id"": 590, ""uuid"": ""1723b450-a170-4367-b719-05c419684f29"", ""rounding_type"": 0, ""resource_uri"": ""/resources/AppliedTaxOrderItem/48832450/""}]",[],[],[],[],"""[]""",d3f0a177-5f84-4e80-bf5b-e531898d15b5,false,,,,,,,,,b1db994f-5469-473b-8f23-e677a47fde21,0,/resources/Product/14500/,b1db994f-5469-473b-8f23-e677a47fde21,,1,,0,true,true,false,,,0,false,,/enterprise/User/35616/,/enterprise/User/35616/,/resources/PosStation/1157/,2026-06-05T14:06:40,2026-06-05T14:08:54,14768511
47882146,14771680,26,14474,LOBBY DRINK LARGE,LOBBY DRINK LARGE,2735,Drinks,1.000,2.690000,2.690000,false,2026-06-05T16:02:20,2026-06-05 16:02:20-05:00,2026-06-05T16:07:00,2026-06-05 16:07:00-05:00,80870,35616,,/resources/Product/14474/,0,2.690000,2.690000,0.221925,0.000000,2.690000,0.000000,0.000000,0.000000,,,0.000000,0.000000,0.000000,0.000000,0.000000,0.000000,0.000000,"[{""max_quantity_threshold"": 0, ""min_quantity_threshold"": 0, ""tax_amount"": ""0.2219"", ""name"": ""Sales Tax"", ""max_threshold"": ""0.0000"", ""min_threshold"": ""0.0000"", ""tax_type"": 0, ""flat_tax_units"": 0, ""on_full_price"": true, ""id"": 48846582, ""tax_rate"": ""8.2500"", ""actual_tax_rate"": ""8.2500"", ""tax_table"": null, ""order_item"": ""/resources/OrderItem/47882146/"", ""fiscal_rate"": ""2"", ""local_tax_id"": 590, ""uuid"": ""3c532be7-1c43-4acf-9322-2344284d709b"", ""rounding_type"": 0, ""resource_uri"": ""/resources/AppliedTaxOrderItem/48846582/""}]",[],[],[],[],"""[]""",1f063df2-4ad1-4744-b2b9-2d3978718aec,false,,,,,,,,,07701ee6-2cc4-4484-9434-fefbd95af283,0,/resources/Product/14500/,07701ee6-2cc4-4484-9434-fefbd95af283,,4,,0,true,true,false,,,0,false,,/enterprise/User/80870/,/enterprise/User/35616/,/resources/PosStation/1153/,2026-06-05T16:02:18,2026-06-05T16:03:40,14771680
47896134,14774877,26,14535,Fries,Fries,2759,Fries - Choice,1.000,2.690000,2.690000,false,2026-06-05T17:52:29,2026-06-05 17:52:29-05:00,2026-06-05T17:57:39,2026-06-05 17:57:39-05:00,80870,84406,,/resources/Product/14535/,0,2.690000,2.690000,0.221925,0.000000,2.690000,0.000000,0.000000,0.000000,,,0.000000,0.000000,0.000000,0.000000,0.000000,0.000000,0.000000,"[{""max_quantity_threshold"": 0, ""min_quantity_threshold"": 0, ""tax_amount"": ""0.2219"", ""name"": ""Sales Tax"", ""max_threshold"": ""0.0000"", ""min_threshold"": ""0.0000"", ""tax_type"": 0, ""flat_tax_units"": 0, ""on_full_price"": true, ""id"": 48860912, ""tax_rate"": ""8.2500"", ""actual_tax_rate"": ""8.2500"", ""tax_table"": null, ""order_item"": ""/resources/OrderItem/47896134/"", ""fiscal_rate"": ""2"", ""local_tax_id"": 590, ""uuid"": ""02cd91c2-2183-443b-9ea8-38defccd0ec6"", ""rounding_type"": 0, ""resource_uri"": ""/resources/AppliedTaxOrderItem/48860912/""}]",[],[],[],[],"""[]""",afde7792-4859-4f02-a40a-127675848c8a,false,,,,,,,,,39bdda1d-f162-4ced-bc44-dcb660723a45,0,/resources/Product/14503/,39bdda1d-f162-4ced-bc44-dcb660723a45,,4,,0,true,true,false,,,0,false,,/enterprise/User/80870/,/enterprise/User/84406/,/resources/PosStation/1153/,2026-06-05T17:52:27,2026-06-05T17:57:36,14774877
47906938,14777235,26,14565,** Club Spicy **,** Club Spicy **,2760,Meals,1.000,6.130000,6.130000,false,2026-06-05T18:56:00,2026-06-05 18:56:00-05:00,2026-06-05T18:59:48,2026-06-05 18:59:48-05:00,75716,75716,,/resources/Product/14565/,0,6.130000,6.130000,0.505725,0.000000,6.130000,0.000000,0.000000,0.000000,,,0.000000,0.000000,0.000000,0.000000,4.160000,0.000000,0.000000,"[{""max_quantity_threshold"": 0, ""min_quantity_threshold"": 0, ""tax_amount"": ""0.5057"", ""name"": ""Sales Tax"", ""max_threshold"": ""0.0000"", ""min_threshold"": ""0.0000"", ""tax_type"": 0, ""flat_tax_units"": 0, ""on_full_price"": true, ""id"": 48871978, ""tax_rate"": ""8.2500"", ""actual_tax_rate"": ""8.2500"", ""tax_table"": null, ""order_item"": ""/resources/OrderItem/47906938/"", ""fiscal_rate"": ""2"", ""local_tax_id"": 590, ""uuid"": ""17a0c17b-5ba0-4905-b415-c81a166d3e8a"", ""rounding_type"": 0, ""resource_uri"": ""/resources/AppliedTaxOrderItem/48871978/""}]",[],[],[],[],"""[]""",bad9b973-b627-40de-b10d-b72b48044606,false,,,,,,,,,77dffd77-38f4-4b5e-a7f4-82d9e89fdf3a,0,/resources/Product/14510/,77dffd77-38f4-4b5e-a7f4-82d9e89fdf3a,,4,,0,true,true,false,,,0,false,,/enterprise/User/75716/,/enterprise/User/75716/,/resources/PosStation/1153/,2026-06-05T18:55:58,2026-06-05T18:59:45,14777235
47924302,14780898,26,14324,Laynes Sauce,Laynes Sauce,2730,Food,1.000,0.690000,0.690000,false,2026-06-05T20:45:26,2026-06-05 20:45:26-05:00,2026-06-05T20:48:53,2026-06-05 20:48:53-05:00,75716,75716,,/resources/Product/14324/,0,0.690000,0.690000,0.056925,0.000000,0.690000,0.000000,0.000000,0.000000,,,0.000000,0.000000,0.000000,0.000000,0.000000,0.000000,0.000000,"[{""max_quantity_threshold"": 0, ""min_quantity_threshold"": 0, ""tax_amount"": ""0.0569"", ""name"": ""Sales Tax"", ""max_threshold"": ""0.0000"", ""min_threshold"": ""0.0000"", ""tax_type"": 0, ""flat_tax_units"": 0, ""on_full_price"": true, ""id"": 48889507, ""tax_rate"": ""8.2500"", ""actual_tax_rate"": ""8.2500"", ""tax_table"": null, ""order_item"": ""/resources/OrderItem/47924302/"", ""fiscal_rate"": ""2"", ""local_tax_id"": 590, ""uuid"": ""4804a5eb-9b40-4702-87dc-295406606535"", ""rounding_type"": 0, ""resource_uri"": ""/resources/AppliedTaxOrderItem/48889507/""}]",[],[],[],[],"""[]""",c34f415c-1640-490f-9570-01b0e16b1edc,false,,,,,,,,,9725fef9-14f6-40ea-87ea-7746075fb1b8,0,/resources/Product/14507/,9725fef9-14f6-40ea-87ea-7746075fb1b8,,4,,0,true,true,false,,,0,false,,/enterprise/User/75716/,/enterprise/User/75716/,/resources/PosStation/1153/,2026-06-05T20:45:24,2026-06-05T20:48:15,14780898
47934630,14783244,26,14524,Toast,Toast,2758,Toast Choice,1.000,1.090000,1.090000,false,2026-06-05T22:24:42,2026-06-05 22:24:42-05:00,2026-06-05T22:28:25,2026-06-05 22:28:25-05:00,75716,84406,,/resources/Product/14524/,0,1.090000,1.090000,0.089925,0.000000,1.090000,0.000000,0.000000,0.000000,,,0.000000,0.000000,0.000000,0.000000,0.000000,0.000000,0.000000,"[{""max_quantity_threshold"": 0, ""min_quantity_threshold"": 0, ""tax_amount"": ""0.0899"", ""name"": ""Sales Tax"", ""max_threshold"": ""0.0000"", ""min_threshold"": ""0.0000"", ""tax_type"": 0, ""flat_tax_units"": 0, ""on_full_price"": true, ""id"": 48899843, ""tax_rate"": ""8.2500"", ""actual_tax_rate"": ""8.2500"", ""tax_table"": null, ""order_item"": ""/resources/OrderItem/47934630/"", ""fiscal_rate"": ""2"", ""local_tax_id"": 590, ""uuid"": ""105ef00d-2e80-4458-8e88-ce854a202378"", ""rounding_type"": 0, ""resource_uri"": ""/resources/AppliedTaxOrderItem/48899843/""}]",[],[],[],[],"""[]""",fc6c7ea4-9ca5-41d2-a5c0-7aa40396865d,false,,,,,,,,,daf9f842-8f92-4ec4-82d8-03c8b43d9497,0,/resources/Product/14507/,daf9f842-8f92-4ec4-82d8-03c8b43d9497,,4,,0,true,true,false,,,0,false,,/enterprise/User/75716/,/enterprise/User/84406/,/resources/PosStation/1153/,2026-06-05T22:24:40,2026-06-05T22:26:58,14783244
47949611,14786916,26,14524,Toast,Toast,2758,Toast Choice,1.000,1.090000,1.090000,false,2026-06-06T11:49:18,2026-06-06 11:49:18-05:00,2026-06-06T11:53:24,2026-06-06 11:53:24-05:00,38670,38670,,/resources/Product/14524/,0,1.090000,1.090000,0.089925,0.000000,1.090000,0.000000,0.000000,0.000000,,,0.000000,0.000000,0.000000,0.000000,0.000000,0.000000,0.000000,"[{""max_quantity_threshold"": 0, ""min_quantity_threshold"": 0, ""tax_amount"": ""0.0899"", ""name"": ""Sales Tax"", ""max_threshold"": ""0.0000"", ""min_threshold"": ""0.0000"", ""tax_type"": 0, ""flat_tax_units"": 0, ""on_full_price"": true, ""id"": 48915351, ""tax_rate"": ""8.2500"", ""actual_tax_rate"": ""8.2500"", ""tax_table"": null, ""order_item"": ""/resources/OrderItem/47949611/"", ""fiscal_rate"": ""2"", ""local_tax_id"": 590, ""uuid"": ""8e2bb187-f38e-4ea4-8c43-e39ac1a7faa9"", ""rounding_type"": 0, ""resource_uri"": ""/resources/AppliedTaxOrderItem/48915351/""}]",[],[],[],[],"""[]""",7f1f05b6-911d-4441-a655-b7f995434872,false,,,,,,,,,6ed39774-ab65-42c5-ad96-c596649a8d81,0,/resources/Product/14507/,6ed39774-ab65-42c5-ad96-c596649a8d81,,1,,0,true,true,false,,,0,false,,/enterprise/User/38670/,/enterprise/User/38670/,/resources/PosStation/1157/,2026-06-06T11:49:18,2026-06-06T11:53:23,14786916
47958569,14788610,26,14475,LOBBY DRINK,LOBBY DRINK,2735,Drinks,1.000,2.690000,2.690000,false,2026-06-06T12:37:50,2026-06-06 12:37:50-05:00,2026-06-06T12:37:59,2026-06-06 12:37:59-05:00,37426,37426,,/resources/Product/14475/,0,2.690000,2.690000,0.221925,0.000000,2.690000,0.000000,0.000000,0.000000,,,0.000000,0.000000,0.000000,0.000000,0.000000,0.000000,0.000000,"[{""max_quantity_threshold"": 0, ""min_quantity_threshold"": 0, ""tax_amount"": ""0.2219"", ""name"": ""Sales Tax"", ""max_threshold"": ""0.0000"", ""min_threshold"": ""0.0000"", ""tax_type"": 0, ""flat_tax_units"": 0, ""on_full_price"": true, ""id"": 48924613, ""tax_rate"": ""8.2500"", ""actual_tax_rate"": ""8.2500"", ""tax_table"": null, ""order_item"": ""/resources/OrderItem/47958569/"", ""fiscal_rate"": ""2"", ""local_tax_id"": 590, ""uuid"": ""912089d1-22a1-4bcd-9301-a8340bc3bfd7"", ""rounding_type"": 0, ""resource_uri"": ""/resources/AppliedTaxOrderItem/48924613/""}]",[],[],[],[],"""[]""",fbb8dee0-32e8-4e80-8ab1-dabcb7b63518,false,,,,,,,,,fd7a43b3-1739-4517-a0fd-c6be9b92b227,0,/resources/Product/14503/,fd7a43b3-1739-4517-a0fd-c6be9b92b227,,0,,0,true,false,false,,,0,false,,/enterprise/User/37426/,/enterprise/User/37426/,/resources/PosStation/1157/,,,14788610
47973815,14791382,26,14519,Family 10 Regular 10 Spicy,Family 10 Regular 10 Spicy,2757,Family Pack Chicken Choice,1.000,42.170000,42.170000,false,2026-06-06T14:01:59,2026-06-06 14:01:59-05:00,2026-06-06T14:05:03,2026-06-06 14:05:03-05:00,38670,38670,,/resources/Product/14519/,2,42.170000,42.170000,3.479025,0.000000,42.170000,0.000000,0.000000,0.000000,,,0.000000,0.000000,0.000000,0.000000,-42.170000,0.000000,0.000000,"[{""max_quantity_threshold"": 0, ""min_quantity_threshold"": 0, ""tax_amount"": ""3.4790"", ""name"": ""Sales Tax"", ""max_threshold"": ""0.0000"", ""min_threshold"": ""0.0000"", ""tax_type"": 0, ""flat_tax_units"": 0, ""on_full_price"": true, ""id"": 48940216, ""tax_rate"": ""8.2500"", ""actual_tax_rate"": ""8.2500"", ""tax_table"": null, ""order_item"": ""/resources/OrderItem/47973815/"", ""fiscal_rate"": ""2"", ""local_tax_id"": 590, ""uuid"": ""b118abec-f2d0-4c23-9d9c-c0d15d0e4be6"", ""rounding_type"": 0, ""resource_uri"": ""/resources/AppliedTaxOrderItem/48940216/""}]",[],"[{""qty_type"": 0, ""uuid"": ""1db23a75-5f7b-43b6-8309-6851160f2888"", ""substitution_of"": null, ""no_modifier_substitute"": false, ""mod_type"": 0, ""modifier_cost"": ""0.0000"", ""qty"": ""1.0"", ""is_discounted"": false, ""split_combo_data"": {""inherited_from_parent"": false, ""combo_fraction_part"": 0, ""overriden_price"": 0}, ""modifier_price"": ""0.0"", ""order_item"": ""/resources/OrderItem/47973815/"", ""is_substituted"": false, ""modifier"": ""/resources/Modifier/18513/"", ""id"": 26665852, ""conditional_of"": null, ""resource_uri"": ""/resources/ModifierItem/26665852/""}, {""qty_type"": 0, ""uuid"": ""5ace4870-8885-4d5a-9d2f-c7606e23d9a8"", ""substitution_of"": null, ""no_modifier_substitute"": false, ""mod_type"": 0, ""modifier_cost"": ""0.0000"", ""qty"": ""1.0"", ""is_discounted"": false, ""split_combo_data"": {""inherited_from_parent"": false, ""combo_fraction_part"": 0, ""overriden_price"": 0}, ""modifier_price"": ""0.0"", ""order_item"": ""/resources/OrderItem/47973815/"", ""is_substituted"": false, ""modifier"": ""/resources/Modifier/18512/"", ""id"": 26665853, ""conditional_of"": null, ""resource_uri"": ""/resources/ModifierItem/26665853/""}]",[],[],"""[]""",6d882849-66ec-4de8-bad1-4a529b129fdd,false,,,,,,,,,236cce21-1eed-4c5e-a54c-210914399723,0,/resources/Product/14440/,236cce21-1eed-4c5e-a54c-210914399723,,1,,0,true,true,false,,,0,false,,/enterprise/User/38670/,/enterprise/User/38670/,/resources/PosStation/1157/,2026-06-06T14:01:59,2026-06-06T14:05:02,14791382
47988693,14794813,26,14524,Toast,Toast,2758,Toast Choice,1.000,1.090000,1.090000,false,2026-06-06T15:53:37,2026-06-06 15:53:37-05:00,2026-06-06T15:57:53,2026-06-06 15:57:53-05:00,38670,38670,,/resources/Product/14524/,0,1.090000,1.090000,0.089925,0.000000,1.090000,0.000000,0.000000,0.000000,,,0.000000,0.000000,0.000000,0.000000,0.000000,0.000000,0.000000,"[{""max_quantity_threshold"": 0, ""min_quantity_threshold"": 0, ""tax_amount"": ""0.0899"", ""name"": ""Sales Tax"", ""max_threshold"": ""0.0000"", ""min_threshold"": ""0.0000"", ""tax_type"": 0, ""flat_tax_units"": 0, ""on_full_price"": true, ""id"": 48955363, ""tax_rate"": ""8.2500"", ""actual_tax_rate"": ""8.2500"", ""tax_table"": null, ""order_item"": ""/resources/OrderItem/47988693/"", ""fiscal_rate"": ""2"", ""local_tax_id"": 590, ""uuid"": ""e673e890-31cf-4fa3-9a8d-a9162dc7e898"", ""rounding_type"": 0, ""resource_uri"": ""/resources/AppliedTaxOrderItem/48955363/""}]",[],[],[],[],"""[]""",44ab8432-3727-4c23-a763-c32956a64c7d,false,,,,,,,,,34485af1-f24b-47c8-ab17-13a3ff89a9f4,0,/resources/Product/14507/,34485af1-f24b-47c8-ab17-13a3ff89a9f4,,4,,0,true,true,false,,,0,false,,/enterprise/User/38670/,/enterprise/User/38670/,/resources/PosStation/1153/,2026-06-06T15:53:34,2026-06-06T15:57:49,14794813
48000515,14797404,26,14324,Laynes Sauce,Laynes Sauce,2730,Food,1.000,0.690000,0.690000,false,2026-06-06T17:25:15,2026-06-06 17:25:15-05:00,2026-06-06T17:36:45,2026-06-06 17:36:45-05:00,38670,75716,,/resources/Product/14324/,0,0.690000,0.690000,0.056925,0.000000,0.690000,0.000000,0.000000,0.000000,,,0.000000,0.000000,0.000000,0.000000,0.000000,0.000000,0.000000,"[{""max_quantity_threshold"": 0, ""min_quantity_threshold"": 0, ""tax_amount"": ""0.0569"", ""name"": ""Sales Tax"", ""max_threshold"": ""0.0000"", ""min_threshold"": ""0.0000"", ""tax_type"": 0, ""flat_tax_units"": 0, ""on_full_price"": true, ""id"": 48967503, ""tax_rate"": ""8.2500"", ""actual_tax_rate"": ""8.2500"", ""tax_table"": null, ""order_item"": ""/resources/OrderItem/48000515/"", ""fiscal_rate"": ""2"", ""local_tax_id"": 590, ""uuid"": ""9460c352-979a-405e-ade1-29d65ad79a4b"", ""rounding_type"": 0, ""resource_uri"": ""/resources/AppliedTaxOrderItem/48967503/""}]",[],[],[],[],"""[]""",a2591866-0b8c-4efe-bb2a-4da21bef3d64,false,,,,,,,,,a4800efe-d586-45c5-9a0c-a4c7d1c16f7d,0,/resources/Product/14507/,a4800efe-d586-45c5-9a0c-a4c7d1c16f7d,,4,,0,true,true,false,,,0,false,,/enterprise/User/38670/,/enterprise/User/75716/,/resources/PosStation/1153/,2026-06-06T17:25:13,2026-06-06T17:36:41,14797404
48009470,14799235,26,14535,Fries,Fries,2759,Fries - Choice,1.000,2.690000,2.690000,false,2026-06-06T18:30:01,2026-06-06 18:30:01-05:00,2026-06-06T18:30:11,2026-06-06 18:30:11-05:00,38670,38670,,/resources/Product/14535/,0,2.690000,2.690000,0.221925,0.000000,2.690000,0.000000,0.000000,0.000000,,,0.000000,0.000000,0.000000,0.000000,0.000000,0.000000,0.000000,"[{""max_quantity_threshold"": 0, ""min_quantity_threshold"": 0, ""tax_amount"": ""0.2219"", ""name"": ""Sales Tax"", ""max_threshold"": ""0.0000"", ""min_threshold"": ""0.0000"", ""tax_type"": 0, ""flat_tax_units"": 0, ""on_full_price"": true, ""id"": 48976740, ""tax_rate"": ""8.2500"", ""actual_tax_rate"": ""8.2500"", ""tax_table"": null, ""order_item"": ""/resources/OrderItem/48009470/"", ""fiscal_rate"": ""2"", ""local_tax_id"": 590, ""uuid"": ""fa8d7b21-c478-40d1-92cf-f30919e46570"", ""rounding_type"": 0, ""resource_uri"": ""/resources/AppliedTaxOrderItem/48976740/""}]",[],[],[],[],"""[]""",3fe5d650-08ce-46db-b803-dfb6906ec387,false,,,,,,,,,7fc53d3f-4313-4d2f-9778-2090815a81f4,0,/resources/Product/14511/,7fc53d3f-4313-4d2f-9778-2090815a81f4,,0,,0,true,true,false,,,0,false,,/enterprise/User/38670/,/enterprise/User/38670/,/resources/PosStation/1157/,2026-06-06T18:30:01,2026-06-06T18:35:01,14799235
48028099,14802930,26,14524,Toast,Toast,2758,Toast Choice,1.000,1.090000,1.090000,false,2026-06-06T20:59:09,2026-06-06 20:59:09-05:00,2026-06-06T21:06:17,2026-06-06 21:06:17-05:00,75716,75716,,/resources/Product/14524/,0,1.090000,1.090000,0.089925,0.000000,1.090000,0.000000,0.000000,0.000000,,,0.000000,0.000000,0.000000,0.000000,0.000000,0.000000,0.000000,"[{""max_quantity_threshold"": 0, ""min_quantity_threshold"": 0, ""tax_amount"": ""0.0899"", ""name"": ""Sales Tax"", ""max_threshold"": ""0.0000"", ""min_threshold"": ""0.0000"", ""tax_type"": 0, ""flat_tax_units"": 0, ""on_full_price"": true, ""id"": 48995668, ""tax_rate"": ""8.2500"", ""actual_tax_rate"": ""8.2500"", ""tax_table"": null, ""order_item"": ""/resources/OrderItem/48028099/"", ""fiscal_rate"": ""2"", ""local_tax_id"": 590, ""uuid"": ""380dc17f-7d67-48a6-a7f2-519e99980539"", ""rounding_type"": 0, ""resource_uri"": ""/resources/AppliedTaxOrderItem/48995668/""}]",[],[],[],[],"""[]""",0667f578-c843-4c09-b124-69f664920dc2,false,,,,,,,,,659f43ce-1e00-4093-97a1-66e3b265f2ed,0,/resources/Product/14500/,659f43ce-1e00-4093-97a1-66e3b265f2ed,,4,,0,true,true,false,,,0,false,,/enterprise/User/75716/,/enterprise/User/75716/,/resources/PosStation/1153/,2026-06-06T20:59:06,2026-06-06T21:06:13,14802930
48039743,14805663,26,14340,** Grilled Cheese Sandwich **,** Grilled Cheese Sandwich **,2730,Food,1.000,4.590000,4.590000,false,2026-06-06T23:35:14,2026-06-06 23:35:14-05:00,2026-06-06T23:52:07,2026-06-06 23:52:07-05:00,38670,75716,,/resources/Product/14340/,0,4.590000,4.590000,0.378675,0.000000,4.590000,0.000000,0.000000,0.000000,,,0.000000,0.000000,0.000000,0.000000,0.000000,0.000000,0.000000,"[{""max_quantity_threshold"": 0, ""min_quantity_threshold"": 0, ""tax_amount"": ""0.3787"", ""name"": ""Sales Tax"", ""max_threshold"": ""0.0000"", ""min_threshold"": ""0.0000"", ""tax_type"": 0, ""flat_tax_units"": 0, ""on_full_price"": true, ""id"": 49007245, ""tax_rate"": ""8.2500"", ""actual_tax_rate"": ""8.2500"", ""tax_table"": null, ""order_item"": ""/resources/OrderItem/48039743/"", ""fiscal_rate"": ""2"", ""local_tax_id"": 590, ""uuid"": ""74c14873-536f-406a-8a27-e26ccbc806e4"", ""rounding_type"": 0, ""resource_uri"": ""/resources/AppliedTaxOrderItem/49007245/""}]",[],[],[],[],"""[]""",87ecd5b3-f8c9-431f-bd6d-fa929dd7ecb9,false,,,,,,,,,,0,,,,4,,0,true,true,false,,,0,false,,/enterprise/User/38670/,/enterprise/User/75716/,/resources/PosStation/1153/,2026-06-06T23:35:11,2026-06-06T23:52:03,14805663
48055629,14809287,26,14524,Toast,Toast,2758,Toast Choice,1.000,1.090000,1.090000,false,2026-06-07T12:05:55,2026-06-07 12:05:55-05:00,2026-06-07T12:06:54,2026-06-07 12:06:54-05:00,37532,37532,,/resources/Product/14524/,0,1.090000,1.090000,0.089925,0.000000,1.090000,0.000000,0.000000,0.000000,,,0.000000,0.000000,0.000000,0.000000,0.000000,0.000000,0.000000,"[{""max_quantity_threshold"": 0, ""min_quantity_threshold"": 0, ""tax_amount"": ""0.0899"", ""name"": ""Sales Tax"", ""max_threshold"": ""0.0000"", ""min_threshold"": ""0.0000"", ""tax_type"": 0, ""flat_tax_units"": 0, ""on_full_price"": true, ""id"": 49023690, ""tax_rate"": ""8.2500"", ""actual_tax_rate"": ""8.2500"", ""tax_table"": null, ""order_item"": ""/resources/OrderItem/48055629/"", ""fiscal_rate"": ""2"", ""local_tax_id"": 590, ""uuid"": ""00a5aa3a-f369-4f9a-ac3b-d84ee60663a4"", ""rounding_type"": 0, ""resource_uri"": ""/resources/AppliedTaxOrderItem/49023690/""}]",[],[],[],[],"""[]""",203f2b77-543e-419f-8202-79a1d7748760,false,,,,,,,,,0252bf61-04c6-466a-ad0f-d7f345634399,0,/resources/Product/14507/,0252bf61-04c6-466a-ad0f-d7f345634399,,4,,0,true,true,false,,,0,false,,/enterprise/User/37532/,/enterprise/User/37532/,/resources/PosStation/1153/,2026-06-07T12:05:52,2026-06-07T12:06:50,14809287
48076121,14812207,26,14324,Laynes Sauce,Laynes Sauce,2730,Food,1.000,0.690000,0.690000,false,2026-06-07T13:42:28,2026-06-07 13:42:28-05:00,2026-06-07T13:46:21,2026-06-07 13:46:21-05:00,37532,84406,,/resources/Product/14324/,0,0.690000,0.690000,0.056925,0.000000,0.690000,0.000000,0.000000,0.000000,,,0.000000,0.000000,0.000000,0.000000,0.000000,0.000000,0.000000,"[{""max_quantity_threshold"": 0, ""min_quantity_threshold"": 0, ""tax_amount"": ""0.0569"", ""name"": ""Sales Tax"", ""max_threshold"": ""0.0000"", ""min_threshold"": ""0.0000"", ""tax_type"": 0, ""flat_tax_units"": 0, ""on_full_price"": true, ""id"": 49044558, ""tax_rate"": ""8.2500"", ""actual_tax_rate"": ""8.2500"", ""tax_table"": null, ""order_item"": ""/resources/OrderItem/48076121/"", ""fiscal_rate"": ""2"", ""local_tax_id"": 590, ""uuid"": ""478261d9-ab7a-40c2-a114-1ad5c9173153"", ""rounding_type"": 0, ""resource_uri"": ""/resources/AppliedTaxOrderItem/49044558/""}]",[],[],[],[],"""[]""",3bd3743e-0cc5-4d26-b0c8-987b543438b2,false,,,,,,,,,d834050a-ddb9-44f1-94c5-4f843205a2d5,0,/resources/Product/14507/,d834050a-ddb9-44f1-94c5-4f843205a2d5,,4,,0,true,true,false,,,0,false,,/enterprise/User/37532/,/enterprise/User/84406/,/resources/PosStation/1153/,2026-06-07T13:42:26,2026-06-07T13:46:17,14812207
48090097,14816364,26,14328,Jalapeno Ranch,Jalapeno Ranch,2730,Food,1.000,0.690000,0.690000,false,2026-06-07T15:20:16,2026-06-07 15:20:16-05:00,2026-06-07T15:27:40,2026-06-07 15:27:40-05:00,37532,37532,,/resources/Product/14328/,0,0.690000,0.690000,0.056925,0.000000,0.690000,0.000000,0.000000,0.000000,,,0.000000,0.000000,0.000000,0.000000,0.000000,0.000000,0.000000,"[{""max_quantity_threshold"": 0, ""min_quantity_threshold"": 0, ""tax_amount"": ""0.0569"", ""name"": ""Sales Tax"", ""max_threshold"": ""0.0000"", ""min_threshold"": ""0.0000"", ""tax_type"": 0, ""flat_tax_units"": 0, ""on_full_price"": true, ""id"": 49058905, ""tax_rate"": ""8.2500"", ""actual_tax_rate"": ""8.2500"", ""tax_table"": null, ""order_item"": ""/resources/OrderItem/48090097/"", ""fiscal_rate"": ""2"", ""local_tax_id"": 590, ""uuid"": ""b3cdd218-dbd5-49a6-bcdf-0eeab04589c6"", ""rounding_type"": 0, ""resource_uri"": ""/resources/AppliedTaxOrderItem/49058905/""}]",[],[],[],[],"""[]""",587bd5a1-cb68-41fb-b664-1705864e93e3,false,,,,,,,,,fa27172c-ebc3-4bb8-8056-68f07eb9e234,0,/resources/Product/14500/,fa27172c-ebc3-4bb8-8056-68f07eb9e234,,1,,0,true,true,false,,,0,false,,/enterprise/User/37532/,/enterprise/User/37532/,/resources/PosStation/1157/,2026-06-07T15:20:16,2026-06-07T15:27:38,14816364
48104766,14819673,26,14327,BBQ Sauce,BBQ Sauce,2730,Food,1.000,0.690000,0.690000,false,2026-06-07T17:13:50,2026-06-07 17:13:50-05:00,2026-06-07T17:22:57,2026-06-07 17:22:57-05:00,84406,84406,,/resources/Product/14327/,0,0.690000,0.690000,0.056925,0.000000,0.690000,0.000000,0.000000,0.000000,,,0.000000,0.000000,0.000000,0.000000,0.000000,0.000000,0.000000,"[{""max_quantity_threshold"": 0, ""min_quantity_threshold"": 0, ""tax_amount"": ""0.0569"", ""name"": ""Sales Tax"", ""max_threshold"": ""0.0000"", ""min_threshold"": ""0.0000"", ""tax_type"": 0, ""flat_tax_units"": 0, ""on_full_price"": true, ""id"": 49073948, ""tax_rate"": ""8.2500"", ""actual_tax_rate"": ""8.2500"", ""tax_table"": null, ""order_item"": ""/resources/OrderItem/48104766/"", ""fiscal_rate"": ""2"", ""local_tax_id"": 590, ""uuid"": ""53ee79af-e29c-4845-bd8f-4f29d342a7db"", ""rounding_type"": 0, ""resource_uri"": ""/resources/AppliedTaxOrderItem/49073948/""}]",[],[],[],[],"""[]""",0fe687a1-bba8-4c10-b830-eebd92ee430f,false,,,,,,,,,80541f78-c4a5-48ee-aa66-e7de05f4e8ac,0,/resources/Product/14440/,80541f78-c4a5-48ee-aa66-e7de05f4e8ac,,1,,0,true,true,false,,,0,false,,/enterprise/User/84406/,/enterprise/User/84406/,/resources/PosStation/1157/,2026-06-07T17:13:50,2026-06-07T17:22:56,14819673
48119149,14822952,26,14475,LOBBY DRINK,LOBBY DRINK,2735,Drinks,1.000,2.690000,2.690000,false,2026-06-07T18:48:52,2026-06-07 18:48:52-05:00,2026-06-07T18:51:40,2026-06-07 18:51:40-05:00,80870,35616,,/resources/Product/14475/,0,2.690000,2.690000,0.221925,0.000000,2.690000,0.000000,0.000000,0.000000,,,0.000000,0.000000,0.000000,0.000000,0.000000,0.000000,0.000000,"[{""max_quantity_threshold"": 0, ""min_quantity_threshold"": 0, ""tax_amount"": ""0.2219"", ""name"": ""Sales Tax"", ""max_threshold"": ""0.0000"", ""min_threshold"": ""0.0000"", ""tax_type"": 0, ""flat_tax_units"": 0, ""on_full_price"": true, ""id"": 49088632, ""tax_rate"": ""8.2500"", ""actual_tax_rate"": ""8.2500"", ""tax_table"": null, ""order_item"": ""/resources/OrderItem/48119149/"", ""fiscal_rate"": ""2"", ""local_tax_id"": 590, ""uuid"": ""6006936e-3bd4-49d5-b52c-942e9d922611"", ""rounding_type"": 0, ""resource_uri"": ""/resources/AppliedTaxOrderItem/49088632/""}]",[],[],[],[],"""[]""",d6c34935-3382-4e2b-963c-5dae1fb8bd2b,false,,,,,,,,,729d4238-dc52-4407-ad58-21499d84d393,0,/resources/Product/14511/,729d4238-dc52-4407-ad58-21499d84d393,,4,,0,true,true,false,,,0,false,,/enterprise/User/80870/,/enterprise/User/35616/,/resources/PosStation/1153/,2026-06-07T18:48:49,2026-06-07T18:51:09,14822952
48130798,14825490,26,14524,Toast,Toast,2758,Toast Choice,1.000,1.090000,1.090000,false,2026-06-07T20:16:43,2026-06-07 20:16:43-05:00,2026-06-07T20:17:55,2026-06-07 20:17:55-05:00,80870,35616,,/resources/Product/14524/,0,1.090000,1.090000,0.089925,0.000000,1.090000,0.000000,0.000000,0.000000,,,0.000000,0.000000,0.000000,0.000000,0.000000,0.000000,0.000000,"[{""max_quantity_threshold"": 0, ""min_quantity_threshold"": 0, ""tax_amount"": ""0.0899"", ""name"": ""Sales Tax"", ""max_threshold"": ""0.0000"", ""min_threshold"": ""0.0000"", ""tax_type"": 0, ""flat_tax_units"": 0, ""on_full_price"": true, ""id"": 49100640, ""tax_rate"": ""8.2500"", ""actual_tax_rate"": ""8.2500"", ""tax_table"": null, ""order_item"": ""/resources/OrderItem/48130798/"", ""fiscal_rate"": ""2"", ""local_tax_id"": 590, ""uuid"": ""2998e317-4027-4e47-8a73-0145297323d4"", ""rounding_type"": 0, ""resource_uri"": ""/resources/AppliedTaxOrderItem/49100640/""}]",[],[],[],[],"""[]""",fcf29083-f667-49d1-9ee3-6864bbe7b355,false,,,,,,,,,c9184ad9-98b5-4cc4-9190-d6be9437f111,0,/resources/Product/14500/,c9184ad9-98b5-4cc4-9190-d6be9437f111,,4,,0,true,true,false,,,0,false,,/enterprise/User/80870/,/enterprise/User/35616/,/resources/PosStation/1153/,2026-06-07T20:16:40,2026-06-07T20:17:49,14825490
48137389,14827034,26,14475,LOBBY DRINK,LOBBY DRINK,2735,Drinks,1.000,2.690000,2.690000,false,2026-06-07T21:17:04,2026-06-07 21:17:04-05:00,2026-06-07T21:17:57,2026-06-07 21:17:57-05:00,80870,80870,,/resources/Product/14475/,0,2.690000,2.690000,0.221925,0.000000,2.690000,0.000000,0.000000,0.000000,,,0.000000,0.000000,0.000000,0.000000,0.000000,0.000000,0.000000,"[{""max_quantity_threshold"": 0, ""min_quantity_threshold"": 0, ""tax_amount"": ""0.2219"", ""name"": ""Sales Tax"", ""max_threshold"": ""0.0000"", ""min_threshold"": ""0.0000"", ""tax_type"": 0, ""flat_tax_units"": 0, ""on_full_price"": true, ""id"": 49107180, ""tax_rate"": ""8.2500"", ""actual_tax_rate"": ""8.2500"", ""tax_table"": null, ""order_item"": ""/resources/OrderItem/48137389/"", ""fiscal_rate"": ""2"", ""local_tax_id"": 590, ""uuid"": ""3dd76152-e494-4e00-b236-498e335b9f21"", ""rounding_type"": 0, ""resource_uri"": ""/resources/AppliedTaxOrderItem/49107180/""}]",[],[],[],[],"""[]""",16f402e1-6299-49d5-a2e9-ea78f381017b,false,,,,,,,,,a69dca43-956c-459b-bd9a-681d0f78b54c,0,/resources/Product/14500/,a69dca43-956c-459b-bd9a-681d0f78b54c,,1,,0,true,false,false,,,0,false,,/enterprise/User/80870/,/enterprise/User/80870/,/resources/PosStation/1157/,,,14827034
48148940,14830273,26,14537,Extra Crispy Fries,Extra Crispy Fries,2759,Fries - Choice,1.000,2.690000,2.690000,false,2026-06-08T11:05:43,2026-06-08 11:05:43-05:00,2026-06-08T11:12:22,2026-06-08 11:12:22-05:00,38670,38670,,/resources/Product/14537/,0,2.690000,2.690000,0.221925,0.000000,2.690000,0.000000,0.000000,0.000000,,,0.000000,0.000000,0.000000,0.000000,0.000000,0.000000,0.000000,"[{""max_quantity_threshold"": 0, ""min_quantity_threshold"": 0, ""tax_amount"": ""0.2219"", ""name"": ""Sales Tax"", ""max_threshold"": ""0.0000"", ""min_threshold"": ""0.0000"", ""tax_type"": 0, ""flat_tax_units"": 0, ""on_full_price"": true, ""id"": 49118836, ""tax_rate"": ""8.2500"", ""actual_tax_rate"": ""8.2500"", ""tax_table"": null, ""order_item"": ""/resources/OrderItem/48148940/"", ""fiscal_rate"": ""2"", ""local_tax_id"": 590, ""uuid"": ""632c2fb2-a1a2-4833-b23a-72ea46983792"", ""rounding_type"": 0, ""resource_uri"": ""/resources/AppliedTaxOrderItem/49118836/""}]",[],[],[],[],"""[]""",a26e4acc-1ef7-4dc3-b7eb-d5b1545dbfd1,false,,,,,,,,,59d6413a-4807-48ed-b717-d438fe72c63d,0,/resources/Product/14507/,59d6413a-4807-48ed-b717-d438fe72c63d,,0,,0,true,true,false,,,0,false,,/enterprise/User/38670/,/enterprise/User/38670/,/resources/PosStation/1157/,2026-06-08T11:05:42,2026-06-08T11:12:21,14830273
48160475,14832442,26,14535,Fries,Fries,2759,Fries - Choice,1.000,2.690000,2.690000,false,2026-06-08T12:15:43,2026-06-08 12:15:43-05:00,2026-06-08T12:21:58,2026-06-08 12:21:58-05:00,38670,38670,,/resources/Product/14535/,0,2.690000,2.690000,0.221925,0.000000,2.690000,0.000000,0.000000,0.000000,,,0.000000,0.000000,0.000000,0.000000,0.000000,0.000000,0.000000,"[{""max_quantity_threshold"": 0, ""min_quantity_threshold"": 0, ""tax_amount"": ""0.2219"", ""name"": ""Sales Tax"", ""max_threshold"": ""0.0000"", ""min_threshold"": ""0.0000"", ""tax_type"": 0, ""flat_tax_units"": 0, ""on_full_price"": true, ""id"": 49130704, ""tax_rate"": ""8.2500"", ""actual_tax_rate"": ""8.2500"", ""tax_table"": null, ""order_item"": ""/resources/OrderItem/48160475/"", ""fiscal_rate"": ""2"", ""local_tax_id"": 590, ""uuid"": ""ab0184c5-318c-4d3d-b6a2-257b55c3838c"", ""rounding_type"": 0, ""resource_uri"": ""/resources/AppliedTaxOrderItem/49130704/""}]",[],[],[],[],"""[]""",8513cf32-64a7-4e6e-9625-bb8f819b3001,false,,,,,,,,,63a2c9f4-8d6c-4fa3-90c4-034d756aa5a2,0,/resources/Product/14510/,63a2c9f4-8d6c-4fa3-90c4-034d756aa5a2,,1,,0,true,true,false,,,0,false,,/enterprise/User/38670/,/enterprise/User/38670/,/resources/PosStation/1157/,2026-06-08T12:15:42,2026-06-08T12:21:53,14832442
48170646,14834981,26,14321,Fries,Fries,2730,Food,1.000,2.690000,2.690000,false,2026-06-08T13:08:22,2026-06-08 13:08:22-05:00,2026-06-08T13:10:19,2026-06-08 13:10:19-05:00,38670,38670,,/resources/Product/14321/,1,2.690000,2.690000,0.221925,0.000000,2.690000,0.000000,0.000000,0.000000,,,0.000000,0.000000,0.000000,0.000000,0.000000,0.000000,0.000000,"[{""max_quantity_threshold"": 0, ""min_quantity_threshold"": 0, ""tax_amount"": ""0.2219"", ""name"": ""Sales Tax"", ""max_threshold"": ""0.0000"", ""min_threshold"": ""0.0000"", ""tax_type"": 0, ""flat_tax_units"": 0, ""on_full_price"": true, ""id"": 49141059, ""tax_rate"": ""8.2500"", ""actual_tax_rate"": ""8.2500"", ""tax_table"": null, ""order_item"": ""/resources/OrderItem/48170646/"", ""fiscal_rate"": ""2"", ""local_tax_id"": 590, ""uuid"": ""0db91d79-9928-4fd1-b89a-9b031b318be4"", ""rounding_type"": 0, ""resource_uri"": ""/resources/AppliedTaxOrderItem/49141059/""}]",[],"[{""qty_type"": 0, ""uuid"": ""96094dce-4530-448c-9a8a-b077f4b87b20"", ""substitution_of"": null, ""no_modifier_substitute"": false, ""mod_type"": 0, ""modifier_cost"": ""0.0000"", ""qty"": ""1.0"", ""is_discounted"": false, ""split_combo_data"": {""inherited_from_parent"": false, ""combo_fraction_part"": 0, ""overriden_price"": 0}, ""modifier_price"": ""0.0"", ""order_item"": ""/resources/OrderItem/48170646/"", ""is_substituted"": false, ""modifier"": ""/resources/Modifier/18130/"", ""id"": 26704712, ""conditional_of"": null, ""resource_uri"": ""/resources/ModifierItem/26704712/""}]",[],[],"""[]""",77fdf099-190c-4d1f-a05f-906b6aa2b107,false,,,,,,,,,,0,,,,4,,0,true,true,false,,,0,false,,/enterprise/User/38670/,/enterprise/User/38670/,/resources/PosStation/1153/,2026-06-08T13:08:19,2026-06-08T13:09:14,14834981
48182512,14837927,26,14553,** 4 Finger Regular **,** 4 Finger Regular **,2760,Meals,1.000,5.140000,5.140000,false,2026-06-08T14:56:10,2026-06-08 14:56:10-05:00,2026-06-08T14:57:33,2026-06-08 14:57:33-05:00,38670,38670,,/resources/Product/14553/,0,5.140000,5.140000,0.424050,0.000000,5.140000,0.000000,0.000000,0.000000,,,0.000000,0.000000,0.000000,0.000000,4.020000,0.000000,0.000000,"[{""max_quantity_threshold"": 0, ""min_quantity_threshold"": 0, ""tax_amount"": ""0.4240"", ""name"": ""Sales Tax"", ""max_threshold"": ""0.0000"", ""min_threshold"": ""0.0000"", ""tax_type"": 0, ""flat_tax_units"": 0, ""on_full_price"": true, ""id"": 49153155, ""tax_rate"": ""8.2500"", ""actual_tax_rate"": ""8.2500"", ""tax_table"": null, ""order_item"": ""/resources/OrderItem/48182512/"", ""fiscal_rate"": ""2"", ""local_tax_id"": 590, ""uuid"": ""280e0611-f9d3-4160-9584-13539550b39f"", ""rounding_type"": 0, ""resource_uri"": ""/resources/AppliedTaxOrderItem/49153155/""}]",[],[],[],[],"""[]""",3033fe2a-4dc1-4cf4-8912-a7e4f57ce3f1,false,,,,,,,,,c6580a40-2422-488d-b3dd-ae82de86ee23,0,/resources/Product/14511/,c6580a40-2422-488d-b3dd-ae82de86ee23,,4,,0,true,true,false,,,0,false,,/enterprise/User/38670/,/enterprise/User/38670/,/resources/PosStation/1153/,2026-06-08T14:56:06,2026-06-08T14:57:29,14837927
48193374,14840718,26,14524,Toast,Toast,2758,Toast Choice,1.000,1.090000,1.090000,false,2026-06-08T17:05:14,2026-06-08 17:05:14-05:00,2026-06-08T17:18:55,2026-06-08 17:18:55-05:00,38670,35616,,/resources/Product/14524/,0,1.090000,1.090000,0.089925,0.000000,1.090000,0.000000,0.000000,0.000000,,,0.000000,0.000000,0.000000,0.000000,0.000000,0.000000,0.000000,"[{""max_quantity_threshold"": 0, ""min_quantity_threshold"": 0, ""tax_amount"": ""0.0899"", ""name"": ""Sales Tax"", ""max_threshold"": ""0.0000"", ""min_threshold"": ""0.0000"", ""tax_type"": 0, ""flat_tax_units"": 0, ""on_full_price"": true, ""id"": 49164210, ""tax_rate"": ""8.2500"", ""actual_tax_rate"": ""8.2500"", ""tax_table"": null, ""order_item"": ""/resources/OrderItem/48193374/"", ""fiscal_rate"": ""2"", ""local_tax_id"": 590, ""uuid"": ""b3c36f4d-9339-482c-b5c6-04abf4c6048b"", ""rounding_type"": 0, ""resource_uri"": ""/resources/AppliedTaxOrderItem/49164210/""}]",[],[],[],[],"""[]""",3d116bd4-04d5-456c-a32f-a88e12055632,false,,,,,,,,,f4039a6a-e8fb-4da0-afee-163568804299,0,/resources/Product/14500/,f4039a6a-e8fb-4da0-afee-163568804299,,4,,0,true,true,false,,,0,false,,/enterprise/User/38670/,/enterprise/User/35616/,/resources/PosStation/1153/,2026-06-08T17:05:11,2026-06-08T17:18:51,14840718
48207762,14843611,26,14524,Toast,Toast,2758,Toast Choice,1.000,1.090000,1.090000,false,2026-06-08T19:10:41,2026-06-08 19:10:41-05:00,2026-06-08T19:17:52,2026-06-08 19:17:52-05:00,84406,84406,,/resources/Product/14524/,0,1.090000,1.090000,0.089925,0.000000,1.090000,0.000000,0.000000,0.000000,,,0.000000,0.000000,0.000000,0.000000,0.000000,0.000000,0.000000,"[{""max_quantity_threshold"": 0, ""min_quantity_threshold"": 0, ""tax_amount"": ""0.0899"", ""name"": ""Sales Tax"", ""max_threshold"": ""0.0000"", ""min_threshold"": ""0.0000"", ""tax_type"": 0, ""flat_tax_units"": 0, ""on_full_price"": true, ""id"": 49178761, ""tax_rate"": ""8.2500"", ""actual_tax_rate"": ""8.2500"", ""tax_table"": null, ""order_item"": ""/resources/OrderItem/48207762/"", ""fiscal_rate"": ""2"", ""local_tax_id"": 590, ""uuid"": ""c46fe653-2b30-4acd-aa01-2972de425552"", ""rounding_type"": 0, ""resource_uri"": ""/resources/AppliedTaxOrderItem/49178761/""}]",[],[],[],[],"""[]""",a15af576-c453-4820-b1c6-f6e042a1af04,false,,,,,,,,,fc645cb5-3ffc-4bb6-895b-8c3df4d5b236,0,/resources/Product/14507/,fc645cb5-3ffc-4bb6-895b-8c3df4d5b236,,4,,0,true,true,false,,,0,false,,/enterprise/User/84406/,/enterprise/User/84406/,/resources/PosStation/1153/,2026-06-08T19:10:38,2026-06-08T19:17:47,14843611
48216481,14845822,26,14487,Regular Poweraid,Regular Poweraid,2735,Drinks,1.000,2.690000,2.690000,false,2026-06-08T20:31:16,2026-06-08 20:31:16-05:00,2026-06-08T20:32:16,2026-06-08 20:32:16-05:00,84406,84406,,/resources/Product/14487/,0,2.690000,2.690000,0.221925,0.000000,2.690000,0.000000,0.000000,0.000000,,,0.000000,0.000000,0.000000,0.000000,0.000000,0.000000,0.000000,"[{""max_quantity_threshold"": 0, ""min_quantity_threshold"": 0, ""tax_amount"": ""0.2219"", ""name"": ""Sales Tax"", ""max_threshold"": ""0.0000"", ""min_threshold"": ""0.0000"", ""tax_type"": 0, ""flat_tax_units"": 0, ""on_full_price"": true, ""id"": 49187663, ""tax_rate"": ""8.2500"", ""actual_tax_rate"": ""8.2500"", ""tax_table"": null, ""order_item"": ""/resources/OrderItem/48216481/"", ""fiscal_rate"": ""2"", ""local_tax_id"": 590, ""uuid"": ""1d8f1bfa-9a54-4534-916c-46a6111809bd"", ""rounding_type"": 0, ""resource_uri"": ""/resources/AppliedTaxOrderItem/49187663/""}]",[],[],[],[],"""[]""",373effba-5143-452f-9167-c893f5f536e5,false,,,,,,,,,c662f495-4f14-4d43-beec-6b6345116452,0,/resources/Product/14511/,c662f495-4f14-4d43-beec-6b6345116452,,4,,0,true,true,false,,,0,false,,/enterprise/User/84406/,/enterprise/User/84406/,/resources/PosStation/1153/,2026-06-08T20:31:13,2026-06-08T20:32:11,14845822
48224881,14848013,26,14494,Regular Sweet Tea,Regular Sweet Tea,2735,Drinks,1.000,2.690000,2.690000,false,2026-06-08T22:29:30,2026-06-08 22:29:30-05:00,2026-06-08T22:34:40,2026-06-08 22:34:40-05:00,84406,84406,,/resources/Product/14494/,0,2.690000,2.690000,0.221925,0.000000,2.690000,0.000000,0.000000,0.000000,,,0.000000,0.000000,0.000000,0.000000,0.000000,0.000000,0.000000,"[{""max_quantity_threshold"": 0, ""min_quantity_threshold"": 0, ""tax_amount"": ""0.2219"", ""name"": ""Sales Tax"", ""max_threshold"": ""0.0000"", ""min_threshold"": ""0.0000"", ""tax_type"": 0, ""flat_tax_units"": 0, ""on_full_price"": true, ""id"": 49196048, ""tax_rate"": ""8.2500"", ""actual_tax_rate"": ""8.2500"", ""tax_table"": null, ""order_item"": ""/resources/OrderItem/48224881/"", ""fiscal_rate"": ""2"", ""local_tax_id"": 590, ""uuid"": ""f6f1ae94-a8fb-44fc-b3a9-ea12ca8bf0e2"", ""rounding_type"": 0, ""resource_uri"": ""/resources/AppliedTaxOrderItem/49196048/""}]",[],[],[],[],"""[]""",5c2441d9-e182-447e-ba66-f2b7ec948762,false,,,,,,,,,8c0f2e8b-c938-4c45-9091-aa71b9cfe0f6,0,/resources/Product/14500/,8c0f2e8b-c938-4c45-9091-aa71b9cfe0f6,,4,,0,true,true,false,,,0,false,,/enterprise/User/84406/,/enterprise/User/84406/,/resources/PosStation/1153/,2026-06-08T22:29:31,2026-06-08T22:34:40,14848013
48234885,14850686,26,14475,LOBBY DRINK,LOBBY DRINK,2735,Drinks,1.000,2.690000,2.690000,false,2026-06-09T11:34:21,2026-06-09 11:34:21-05:00,2026-06-09T11:34:51,2026-06-09 11:34:51-05:00,38670,38670,,/resources/Product/14475/,0,2.690000,2.690000,0.221925,0.000000,2.690000,0.000000,0.000000,0.000000,,,0.000000,0.000000,0.000000,0.000000,0.000000,0.000000,0.000000,"[{""max_quantity_threshold"": 0, ""min_quantity_threshold"": 0, ""tax_amount"": ""0.2219"", ""name"": ""Sales Tax"", ""max_threshold"": ""0.0000"", ""min_threshold"": ""0.0000"", ""tax_type"": 0, ""flat_tax_units"": 0, ""on_full_price"": true, ""id"": 49206446, ""tax_rate"": ""8.2500"", ""actual_tax_rate"": ""8.2500"", ""tax_table"": null, ""order_item"": ""/resources/OrderItem/48234885/"", ""fiscal_rate"": ""2"", ""local_tax_id"": 590, ""uuid"": ""2f5f9365-e6b7-4e00-9bbb-de1b79b073c5"", ""rounding_type"": 0, ""resource_uri"": ""/resources/AppliedTaxOrderItem/49206446/""}]",[],[],[],[],"""[]""",60b584f0-2fa3-466a-99c9-66c801a2f418,false,,,,,,,,,5eb390a9-2c70-4994-8d92-6b637e03400a,0,/resources/Product/14511/,5eb390a9-2c70-4994-8d92-6b637e03400a,,1,,0,true,false,false,,,0,false,,/enterprise/User/38670/,/enterprise/User/38670/,/resources/PosStation/1157/,,,14850686
48248660,14853393,26,14548,** 5 Finger Spicy **,** 5 Finger Spicy **,2760,Meals,1.000,6.140000,6.140000,false,2026-06-09T12:40:04,2026-06-09 12:40:04-05:00,2026-06-09T12:41:28,2026-06-09 12:41:28-05:00,37426,38670,,/resources/Product/14548/,0,6.140000,6.140000,0.506550,0.000000,6.140000,0.000000,0.000000,0.000000,,,0.000000,0.000000,0.000000,0.000000,5.310000,0.000000,0.000000,"[{""max_quantity_threshold"": 0, ""min_quantity_threshold"": 0, ""tax_amount"": ""0.5065"", ""name"": ""Sales Tax"", ""max_threshold"": ""0.0000"", ""min_threshold"": ""0.0000"", ""tax_type"": 0, ""flat_tax_units"": 0, ""on_full_price"": true, ""id"": 49220551, ""tax_rate"": ""8.2500"", ""actual_tax_rate"": ""8.2500"", ""tax_table"": null, ""order_item"": ""/resources/OrderItem/48248660/"", ""fiscal_rate"": ""2"", ""local_tax_id"": 590, ""uuid"": ""65ac65c1-f3eb-443b-8270-4e8ccc7932ab"", ""rounding_type"": 0, ""resource_uri"": ""/resources/AppliedTaxOrderItem/49220551/""}]",[],[],[],[],"""[]""",3b5b8a07-85f1-49f7-a5e3-643d6d221db3,false,,,,,,,,,9c693dd4-f964-4721-b3f0-e6165f1510ed,0,/resources/Product/14500/,9c693dd4-f964-4721-b3f0-e6165f1510ed,,4,,0,true,true,false,,,0,false,,/enterprise/User/37426/,/enterprise/User/38670/,/resources/PosStation/1153/,2026-06-09T12:40:00,2026-06-09T12:41:23,14853393
48265501,14857698,26,14535,Fries,Fries,2759,Fries - Choice,1.000,2.690000,2.690000,false,2026-06-09T14:52:10,2026-06-09 14:52:10-05:00,2026-06-09T14:58:48,2026-06-09 14:58:48-05:00,37426,38670,,/resources/Product/14535/,0,2.690000,2.690000,0.221925,0.000000,2.690000,0.000000,0.000000,0.000000,,,0.000000,0.000000,0.000000,0.000000,0.000000,0.000000,0.000000,"[{""max_quantity_threshold"": 0, ""min_quantity_threshold"": 0, ""tax_amount"": ""0.2219"", ""name"": ""Sales Tax"", ""max_threshold"": ""0.0000"", ""min_threshold"": ""0.0000"", ""tax_type"": 0, ""flat_tax_units"": 0, ""on_full_price"": true, ""id"": 49237747, ""tax_rate"": ""8.2500"", ""actual_tax_rate"": ""8.2500"", ""tax_table"": null, ""order_item"": ""/resources/OrderItem/48265501/"", ""fiscal_rate"": ""2"", ""local_tax_id"": 590, ""uuid"": ""7c9ee4de-9e9e-40dd-9d99-c52d0843c1fa"", ""rounding_type"": 0, ""resource_uri"": ""/resources/AppliedTaxOrderItem/49237747/""}]",[],[],[],[],"""[]""",0947cb61-ec06-48d0-b90a-900af261ded2,false,,,,,,,,,50d30c7f-008f-4d55-b64f-d28cb32e45a5,0,/resources/Product/14507/,50d30c7f-008f-4d55-b64f-d28cb32e45a5,,4,,0,true,true,false,,,0,false,,/enterprise/User/37426/,/enterprise/User/38670/,/resources/PosStation/1153/,2026-06-09T14:52:06,2026-06-09T14:58:43,14857698
48285062,14862516,26,14475,LOBBY DRINK,LOBBY DRINK,2735,Drinks,1.000,2.690000,2.690000,false,2026-06-09T18:13:29,2026-06-09 18:13:29-05:00,2026-06-09T18:13:59,2026-06-09 18:13:59-05:00,75716,75716,,/resources/Product/14475/,0,2.690000,2.690000,0.221925,0.000000,2.690000,0.000000,0.000000,0.000000,,,0.000000,0.000000,0.000000,0.000000,0.000000,0.000000,0.000000,"[{""max_quantity_threshold"": 0, ""min_quantity_threshold"": 0, ""tax_amount"": ""0.2219"", ""name"": ""Sales Tax"", ""max_threshold"": ""0.0000"", ""min_threshold"": ""0.0000"", ""tax_type"": 0, ""flat_tax_units"": 0, ""on_full_price"": true, ""id"": 49257851, ""tax_rate"": ""8.2500"", ""actual_tax_rate"": ""8.2500"", ""tax_table"": null, ""order_item"": ""/resources/OrderItem/48285062/"", ""fiscal_rate"": ""2"", ""local_tax_id"": 590, ""uuid"": ""63735a93-b0ca-40b5-834f-b1e11715ac3d"", ""rounding_type"": 0, ""resource_uri"": ""/resources/AppliedTaxOrderItem/49257851/""}]",[],[],[],[],"""[]""",8f4c35aa-6fce-47f5-9fbb-71a62dcc8613,false,,,,,,,,,b7cfc98c-8bfb-43e5-bbfc-e7ba66b4f877,0,/resources/Product/14510/,b7cfc98c-8bfb-43e5-bbfc-e7ba66b4f877,,0,,0,true,false,false,,,0,false,,/enterprise/User/75716/,/enterprise/User/75716/,/resources/PosStation/1157/,,,14862516
48307200,14867342,26,14324,Laynes Sauce,Laynes Sauce,2730,Food,1.000,0.690000,0.690000,false,2026-06-09T21:24:22,2026-06-09 21:24:22-05:00,2026-06-09T21:27:00,2026-06-09 21:27:00-05:00,75716,75716,,/resources/Product/14324/,0,0.690000,0.690000,0.056925,0.000000,0.690000,0.000000,0.000000,0.000000,,,0.000000,0.000000,0.000000,0.000000,0.000000,0.000000,0.000000,"[{""max_quantity_threshold"": 0, ""min_quantity_threshold"": 0, ""tax_amount"": ""0.0569"", ""name"": ""Sales Tax"", ""max_threshold"": ""0.0000"", ""min_threshold"": ""0.0000"", ""tax_type"": 0, ""flat_tax_units"": 0, ""on_full_price"": true, ""id"": 49280102, ""tax_rate"": ""8.2500"", ""actual_tax_rate"": ""8.2500"", ""tax_table"": null, ""order_item"": ""/resources/OrderItem/48307200/"", ""fiscal_rate"": ""2"", ""local_tax_id"": 590, ""uuid"": ""571f13f4-7a8e-408c-83fc-2a2fab5f19bd"", ""rounding_type"": 0, ""resource_uri"": ""/resources/AppliedTaxOrderItem/49280102/""}]",[],[],[],[],"""[]""",8c066141-d596-4df5-bfe6-fe3de9e0e528,false,,,,,,,,,bfb2f218-ec88-4592-941e-eb922975246a,0,/resources/Product/14507/,bfb2f218-ec88-4592-941e-eb922975246a,,4,,0,true,true,false,,,0,false,,/enterprise/User/75716/,/enterprise/User/75716/,/resources/PosStation/1153/,2026-06-09T21:24:19,2026-06-09T21:26:55,14867342
48318681,14870397,26,14535,Fries,Fries,2759,Fries - Choice,1.000,2.690000,2.690000,false,2026-06-10T11:03:44,2026-06-10 11:03:44-05:00,2026-06-10T11:07:15,2026-06-10 11:07:15-05:00,35616,35616,,/resources/Product/14535/,0,2.690000,2.690000,0.221925,0.000000,2.690000,0.000000,0.000000,0.000000,,,0.000000,0.000000,0.000000,0.000000,0.000000,0.000000,0.000000,"[{""max_quantity_threshold"": 0, ""min_quantity_threshold"": 0, ""tax_amount"": ""0.2219"", ""name"": ""Sales Tax"", ""max_threshold"": ""0.0000"", ""min_threshold"": ""0.0000"", ""tax_type"": 0, ""flat_tax_units"": 0, ""on_full_price"": true, ""id"": 49291880, ""tax_rate"": ""8.2500"", ""actual_tax_rate"": ""8.2500"", ""tax_table"": null, ""order_item"": ""/resources/OrderItem/48318681/"", ""fiscal_rate"": ""2"", ""local_tax_id"": 590, ""uuid"": ""1728a63f-311f-42e9-97e2-7169dbfda427"", ""rounding_type"": 0, ""resource_uri"": ""/resources/AppliedTaxOrderItem/49291880/""}]",[],[],[],[],"""[]""",d2fb57ca-c198-479d-85b9-a0ed0379cf6f,false,,,,,,,,,b4e46e90-2c99-42cd-bb7e-1f1a0fe66e8e,0,/resources/Product/14510/,b4e46e90-2c99-42cd-bb7e-1f1a0fe66e8e,,4,,0,true,true,false,,,0,false,,/enterprise/User/35616/,/enterprise/User/35616/,/resources/PosStation/1153/,2026-06-10T11:03:40,2026-06-10T11:07:10,14870397
48327044,14872236,26,14524,Toast,Toast,2758,Toast Choice,1.000,1.090000,1.090000,false,2026-06-10T11:49:46,2026-06-10 11:49:46-05:00,2026-06-10T11:56:22,2026-06-10 11:56:22-05:00,35616,35616,,/resources/Product/14524/,0,1.090000,1.090000,0.089925,0.000000,1.090000,0.000000,0.000000,0.000000,,,0.000000,0.000000,0.000000,0.000000,0.000000,0.000000,0.000000,"[{""max_quantity_threshold"": 0, ""min_quantity_threshold"": 0, ""tax_amount"": ""0.0899"", ""name"": ""Sales Tax"", ""max_threshold"": ""0.0000"", ""min_threshold"": ""0.0000"", ""tax_type"": 0, ""flat_tax_units"": 0, ""on_full_price"": true, ""id"": 49300660, ""tax_rate"": ""8.2500"", ""actual_tax_rate"": ""8.2500"", ""tax_table"": null, ""order_item"": ""/resources/OrderItem/48327044/"", ""fiscal_rate"": ""2"", ""local_tax_id"": 590, ""uuid"": ""2f66240f-ea9a-4b28-bc51-530f163dc308"", ""rounding_type"": 0, ""resource_uri"": ""/resources/AppliedTaxOrderItem/49300660/""}]",[],[],[],[],"""[]""",ddb56a76-8974-46e5-ba32-19f7742d301b,false,,,,,,,,,355d1f45-be6e-4361-b906-a819a91c1161,0,/resources/Product/14511/,355d1f45-be6e-4361-b906-a819a91c1161,,1,,0,true,true,false,,,0,false,,/enterprise/User/35616/,/enterprise/User/35616/,/resources/PosStation/1157/,2026-06-10T11:49:45,2026-06-10T11:56:19,14872236
48340117,14875039,26,14550,** 3 Regular 2 Spicy **,** 3 Regular 2 Spicy **,2760,Meals,1.000,5.440000,5.440000,false,2026-06-10T12:44:27,2026-06-10 12:44:27-05:00,2026-06-10T12:46:44,2026-06-10 12:46:44-05:00,35616,35616,,/resources/Product/14550/,0,5.440000,5.440000,0.448800,0.000000,5.440000,0.000000,0.000000,0.000000,,,0.000000,0.000000,0.000000,0.000000,6.010000,0.000000,0.000000,"[{""max_quantity_threshold"": 0, ""min_quantity_threshold"": 0, ""tax_amount"": ""0.4488"", ""name"": ""Sales Tax"", ""max_threshold"": ""0.0000"", ""min_threshold"": ""0.0000"", ""tax_type"": 0, ""flat_tax_units"": 0, ""on_full_price"": true, ""id"": 49313842, ""tax_rate"": ""8.2500"", ""actual_tax_rate"": ""8.2500"", ""tax_table"": null, ""order_item"": ""/resources/OrderItem/48340117/"", ""fiscal_rate"": ""2"", ""local_tax_id"": 590, ""uuid"": ""67a1e9a5-9cda-425f-8a63-f76b841675a3"", ""rounding_type"": 0, ""resource_uri"": ""/resources/AppliedTaxOrderItem/49313842/""}]",[],[],[],[],"""[]""",ad3523ed-c039-484c-9930-d254f4482234,false,,,,,,,,,786c43b8-918f-4d56-8a49-9d528c9cba88,0,/resources/Product/14500/,786c43b8-918f-4d56-8a49-9d528c9cba88,,4,,0,true,true,false,,,0,false,,/enterprise/User/35616/,/enterprise/User/35616/,/resources/PosStation/1153/,2026-06-10T12:44:23,2026-06-10T12:46:38,14875039
48356938,14879217,26,14558,** 3 Finger Regular  **,** 3 Finger Regular  **,2760,Meals,1.000,2.630000,2.630000,false,2026-06-10T14:50:34,2026-06-10 14:50:34-05:00,2026-06-10T14:51:19,2026-06-10 14:51:19-05:00,75716,75716,,/resources/Product/14558/,0,2.630000,2.630000,0.216975,0.000000,2.630000,0.000000,0.000000,0.000000,,,0.000000,0.000000,0.000000,0.000000,4.240000,0.000000,0.000000,"[{""max_quantity_threshold"": 0, ""min_quantity_threshold"": 0, ""tax_amount"": ""0.2170"", ""name"": ""Sales Tax"", ""max_threshold"": ""0.0000"", ""min_threshold"": ""0.0000"", ""tax_type"": 0, ""flat_tax_units"": 0, ""on_full_price"": true, ""id"": 49331000, ""tax_rate"": ""8.2500"", ""actual_tax_rate"": ""8.2500"", ""tax_table"": null, ""order_item"": ""/resources/OrderItem/48356938/"", ""fiscal_rate"": ""2"", ""local_tax_id"": 590, ""uuid"": ""fdfd1d06-410c-47b1-add1-efe38764282b"", ""rounding_type"": 0, ""resource_uri"": ""/resources/AppliedTaxOrderItem/49331000/""}]",[],[],[],[],"""[]""",16378a30-0731-44bd-bf99-74664794ec03,false,,,,,,,,,c2000e67-6971-4d1f-9de5-7afe0959314b,0,/resources/Product/14507/,c2000e67-6971-4d1f-9de5-7afe0959314b,,0,,0,true,true,false,,,0,false,,/enterprise/User/75716/,/enterprise/User/75716/,/resources/PosStation/1157/,2026-06-10T14:50:32,2026-06-10T14:51:16,14879217
48377216,14884053,26,14328,Jalapeno Ranch,Jalapeno Ranch,2730,Food,1.000,0.690000,0.690000,false,2026-06-10T18:00:00,2026-06-10 18:00:00-05:00,2026-06-10T18:13:16,2026-06-10 18:13:16-05:00,38670,38670,,/resources/Product/14328/,0,0.690000,0.690000,0.056925,0.000000,0.690000,0.000000,0.000000,0.000000,,,0.000000,0.000000,0.000000,0.000000,0.000000,0.000000,0.000000,"[{""max_quantity_threshold"": 0, ""min_quantity_threshold"": 0, ""tax_amount"": ""0.0569"", ""name"": ""Sales Tax"", ""max_threshold"": ""0.0000"", ""min_threshold"": ""0.0000"", ""tax_type"": 0, ""flat_tax_units"": 0, ""on_full_price"": true, ""id"": 49351517, ""tax_rate"": ""8.2500"", ""actual_tax_rate"": ""8.2500"", ""tax_table"": null, ""order_item"": ""/resources/OrderItem/48377216/"", ""fiscal_rate"": ""2"", ""local_tax_id"": 590, ""uuid"": ""9c87722c-7d05-48ce-991d-40ed53748f7a"", ""rounding_type"": 0, ""resource_uri"": ""/resources/AppliedTaxOrderItem/49351517/""}]",[],[],[],[],"""[]""",e9242942-2744-4406-8d01-23e756f800e5,false,,,,,,,,,12d96534-2296-4815-a93d-e658c8540ada,0,/resources/Product/14510/,12d96534-2296-4815-a93d-e658c8540ada,,1,,0,true,true,false,,,0,false,,/enterprise/User/38670/,/enterprise/User/38670/,/resources/PosStation/1157/,2026-06-10T17:59:57,2026-06-10T18:13:13,14884053
48391595,14887110,26,14475,LOBBY DRINK,LOBBY DRINK,2735,Drinks,1.000,2.690000,2.690000,false,2026-06-10T19:35:39,2026-06-10 19:35:39-05:00,2026-06-10T19:40:00,2026-06-10 19:40:00-05:00,75716,38670,,/resources/Product/14475/,0,2.690000,2.690000,0.221925,0.000000,2.690000,0.000000,0.000000,0.000000,,,0.000000,0.000000,0.000000,0.000000,0.000000,0.000000,0.000000,"[{""max_quantity_threshold"": 0, ""min_quantity_threshold"": 0, ""tax_amount"": ""0.2219"", ""name"": ""Sales Tax"", ""max_threshold"": ""0.0000"", ""min_threshold"": ""0.0000"", ""tax_type"": 0, ""flat_tax_units"": 0, ""on_full_price"": true, ""id"": 49366049, ""tax_rate"": ""8.2500"", ""actual_tax_rate"": ""8.2500"", ""tax_table"": null, ""order_item"": ""/resources/OrderItem/48391595/"", ""fiscal_rate"": ""2"", ""local_tax_id"": 590, ""uuid"": ""778b96bd-5544-4bd8-a755-9d17c7de0dd1"", ""rounding_type"": 0, ""resource_uri"": ""/resources/AppliedTaxOrderItem/49366049/""}]",[],[],[],[],"""[]""",3c32fdf3-be18-42d7-b4d1-082665f678b5,false,,,,,,,,,26b2bbea-f9f7-44b8-ad00-6e8e9ab74449,0,/resources/Product/14500/,26b2bbea-f9f7-44b8-ad00-6e8e9ab74449,,4,,0,true,true,false,,,0,false,,/enterprise/User/75716/,/enterprise/User/38670/,/resources/PosStation/1153/,2026-06-10T19:35:35,2026-06-10T19:39:55,14887110
48401507,14889351,26,14535,Fries,Fries,2759,Fries - Choice,1.000,2.690000,2.690000,false,2026-06-10T20:53:00,2026-06-10 20:53:00-05:00,2026-06-10T20:57:35,2026-06-10 20:57:35-05:00,75716,38670,,/resources/Product/14535/,0,2.690000,2.690000,0.221925,0.000000,2.690000,0.000000,0.000000,0.000000,,,0.000000,0.000000,0.000000,0.000000,0.000000,0.000000,0.000000,"[{""max_quantity_threshold"": 0, ""min_quantity_threshold"": 0, ""tax_amount"": ""0.2219"", ""name"": ""Sales Tax"", ""max_threshold"": ""0.0000"", ""min_threshold"": ""0.0000"", ""tax_type"": 0, ""flat_tax_units"": 0, ""on_full_price"": true, ""id"": 49376015, ""tax_rate"": ""8.2500"", ""actual_tax_rate"": ""8.2500"", ""tax_table"": null, ""order_item"": ""/resources/OrderItem/48401507/"", ""fiscal_rate"": ""2"", ""local_tax_id"": 590, ""uuid"": ""d13b9381-bbba-48ff-8d90-b4c4bec9a8e1"", ""rounding_type"": 0, ""resource_uri"": ""/resources/AppliedTaxOrderItem/49376015/""}]",[],[],[],[],"""[]""",8d2a45e2-b288-4f7e-abd8-bae3ba7692e2,false,,,,,,,,,a0cd0189-bb18-447a-b86d-a629019412c0,0,/resources/Product/14510/,a0cd0189-bb18-447a-b86d-a629019412c0,,4,,0,true,true,false,,,0,false,,/enterprise/User/75716/,/enterprise/User/38670/,/resources/PosStation/1153/,2026-06-10T20:52:56,2026-06-10T20:57:30,14889351
48414813,14893038,26,14566,** 2 Kid Finger Regular **,** 2 Kid Finger Regular **,2760,Meals,1.000,1.620000,1.620000,false,2026-06-11T10:46:34,2026-06-11 10:46:34-05:00,2026-06-11T10:49:43,2026-06-11 10:49:43-05:00,38670,38670,,/resources/Product/14566/,0,1.620000,1.620000,0.133650,0.000000,1.620000,0.000000,0.000000,0.000000,,,0.000000,0.000000,0.000000,0.000000,2.960000,0.000000,0.000000,"[{""max_quantity_threshold"": 0, ""min_quantity_threshold"": 0, ""tax_amount"": ""0.1336"", ""name"": ""Sales Tax"", ""max_threshold"": ""0.0000"", ""min_threshold"": ""0.0000"", ""tax_type"": 0, ""flat_tax_units"": 0, ""on_full_price"": true, ""id"": 49389300, ""tax_rate"": ""8.2500"", ""actual_tax_rate"": ""8.2500"", ""tax_table"": null, ""order_item"": ""/resources/OrderItem/48414813/"", ""fiscal_rate"": ""2"", ""local_tax_id"": 590, ""uuid"": ""607919da-4a26-4b66-a4bb-881e85f4c0ba"", ""rounding_type"": 0, ""resource_uri"": ""/resources/AppliedTaxOrderItem/49389300/""}]",[],[],[],[],"""[]""",0eaa8e35-1418-47b1-85a8-3626d1a93673,false,,,,,,,,,9bb49fae-b505-423a-99af-6e2ca73871a5,0,/resources/Product/14505/,9bb49fae-b505-423a-99af-6e2ca73871a5,,4,,0,true,true,false,,,0,false,,/enterprise/User/38670/,/enterprise/User/38670/,/resources/PosStation/1153/,2026-06-11T10:46:30,2026-06-11T10:49:37,14893038
48429113,14896272,26,14327,BBQ Sauce,BBQ Sauce,2730,Food,1.000,0.690000,0.690000,false,2026-06-11T12:10:55,2026-06-11 12:10:55-05:00,2026-06-11T12:27:12,2026-06-11 12:27:12-05:00,38670,38670,,/resources/Product/14327/,0,0.690000,0.690000,0.056925,0.000000,0.690000,0.000000,0.000000,0.000000,,,0.000000,0.000000,0.000000,0.000000,0.000000,0.000000,0.000000,"[{""max_quantity_threshold"": 0, ""min_quantity_threshold"": 0, ""tax_amount"": ""0.0569"", ""name"": ""Sales Tax"", ""max_threshold"": ""0.0000"", ""min_threshold"": ""0.0000"", ""tax_type"": 0, ""flat_tax_units"": 0, ""on_full_price"": true, ""id"": 49403999, ""tax_rate"": ""8.2500"", ""actual_tax_rate"": ""8.2500"", ""tax_table"": null, ""order_item"": ""/resources/OrderItem/48429113/"", ""fiscal_rate"": ""2"", ""local_tax_id"": 590, ""uuid"": ""185a977f-f683-40e1-8eca-bbe2546d0243"", ""rounding_type"": 0, ""resource_uri"": ""/resources/AppliedTaxOrderItem/49403999/""}]",[],[],[],[],"""[]""",76c26bfa-2715-43c6-a2e9-8c7001146c4e,false,,,,,,,,,d96ada9a-06c6-4641-8ac6-c1fbb7183bd6,0,/resources/Product/14507/,d96ada9a-06c6-4641-8ac6-c1fbb7183bd6,,1,,0,true,true,false,,,0,false,,/enterprise/User/38670/,/enterprise/User/38670/,/resources/PosStation/1157/,2026-06-11T12:10:52,2026-06-11T12:27:08,14896272
48443501,14899507,26,14535,Fries,Fries,2759,Fries - Choice,1.000,2.690000,2.690000,false,2026-06-11T13:19:46,2026-06-11 13:19:46-05:00,2026-06-11T13:21:35,2026-06-11 13:21:35-05:00,60799,60799,,/resources/Product/14535/,0,2.690000,2.690000,0.221925,0.000000,2.690000,0.000000,0.000000,0.000000,,,0.000000,0.000000,0.000000,0.000000,0.000000,0.000000,0.000000,"[{""max_quantity_threshold"": 0, ""min_quantity_threshold"": 0, ""tax_amount"": ""0.2219"", ""name"": ""Sales Tax"", ""max_threshold"": ""0.0000"", ""min_threshold"": ""0.0000"", ""tax_type"": 0, ""flat_tax_units"": 0, ""on_full_price"": true, ""id"": 49418660, ""tax_rate"": ""8.2500"", ""actual_tax_rate"": ""8.2500"", ""tax_table"": null, ""order_item"": ""/resources/OrderItem/48443501/"", ""fiscal_rate"": ""2"", ""local_tax_id"": 590, ""uuid"": ""8babce8c-2e7f-4099-b6a0-819464933676"", ""rounding_type"": 0, ""resource_uri"": ""/resources/AppliedTaxOrderItem/49418660/""}]",[],[],[],[],"""[]""",c86ed18b-9ecf-4fcc-85b2-9892e0abcf6d,false,,,,,,,,,9d78d1d0-2f47-47ec-a5f2-b746d438a397,0,/resources/Product/14507/,9d78d1d0-2f47-47ec-a5f2-b746d438a397,,4,,0,true,true,false,,,0,false,,/enterprise/User/60799/,/enterprise/User/60799/,/resources/PosStation/1153/,2026-06-11T13:19:42,2026-06-11T13:20:13,14899507
48468060,14905439,26,14327,BBQ Sauce,BBQ Sauce,2730,Food,1.000,0.690000,0.690000,false,2026-06-11T16:59:33,2026-06-11 16:59:33-05:00,2026-06-11T17:00:11,2026-06-11 17:00:11-05:00,60799,35616,,/resources/Product/14327/,0,0.690000,0.690000,0.056925,0.000000,0.690000,0.000000,0.000000,0.000000,,,0.000000,0.000000,0.000000,0.000000,0.000000,0.000000,0.000000,"[{""max_quantity_threshold"": 0, ""min_quantity_threshold"": 0, ""tax_amount"": ""0.0569"", ""name"": ""Sales Tax"", ""max_threshold"": ""0.0000"", ""min_threshold"": ""0.0000"", ""tax_type"": 0, ""flat_tax_units"": 0, ""on_full_price"": true, ""id"": 49443682, ""tax_rate"": ""8.2500"", ""actual_tax_rate"": ""8.2500"", ""tax_table"": null, ""order_item"": ""/resources/OrderItem/48468060/"", ""fiscal_rate"": ""2"", ""local_tax_id"": 590, ""uuid"": ""ceadf41b-10b8-40d5-a023-f8419dbd9149"", ""rounding_type"": 0, ""resource_uri"": ""/resources/AppliedTaxOrderItem/49443682/""}]",[],[],[],[],"""[]""",67c0aa89-9c22-4739-8185-20b8caa28589,false,,,,,,,,,7d239ce3-9394-40bb-9d9c-a626030276b4,0,/resources/Product/14505/,7d239ce3-9394-40bb-9d9c-a626030276b4,,4,,0,true,true,false,,,0,false,,/enterprise/User/60799/,/enterprise/User/35616/,/resources/PosStation/1153/,2026-06-11T16:59:29,2026-06-11T17:00:01,14905439
48489836,14910158,26,14575,** Wrap Spicy**,** Wrap Spicy**,2760,Meals,1.000,4.620000,4.620000,false,2026-06-11T19:20:14,2026-06-11 19:20:14-05:00,2026-06-11T19:27:48,2026-06-11 19:27:48-05:00,38670,84406,,/resources/Product/14575/,0,4.620000,4.620000,0.381150,0.000000,4.620000,0.000000,0.000000,0.000000,,,0.000000,0.000000,0.000000,0.000000,3.670000,0.000000,0.000000,"[{""max_quantity_threshold"": 0, ""min_quantity_threshold"": 0, ""tax_amount"": ""0.3811"", ""name"": ""Sales Tax"", ""max_threshold"": ""0.0000"", ""min_threshold"": ""0.0000"", ""tax_type"": 0, ""flat_tax_units"": 0, ""on_full_price"": true, ""id"": 49466008, ""tax_rate"": ""8.2500"", ""actual_tax_rate"": ""8.2500"", ""tax_table"": null, ""order_item"": ""/resources/OrderItem/48489836/"", ""fiscal_rate"": ""2"", ""local_tax_id"": 590, ""uuid"": ""987f6247-731f-490c-92ff-15280b73e665"", ""rounding_type"": 0, ""resource_uri"": ""/resources/AppliedTaxOrderItem/49466008/""}]",[],[],[],[],"""[]""",3762739e-1e34-468f-b365-d6c80e638f24,false,,,,,,,,,f8b5b4e3-18c2-4536-b71f-fa51384cd954,0,/resources/Product/14503/,f8b5b4e3-18c2-4536-b71f-fa51384cd954,,4,,0,true,true,false,,,0,false,,/enterprise/User/38670/,/enterprise/User/84406/,/resources/PosStation/1153/,2026-06-11T19:20:10,2026-06-11T19:27:43,14910158
48508493,14914346,26,14535,Fries,Fries,2759,Fries - Choice,1.000,2.690000,2.690000,false,2026-06-11T21:45:03,2026-06-11 21:45:03-05:00,2026-06-11T21:49:15,2026-06-11 21:49:15-05:00,38670,84406,,/resources/Product/14535/,0,2.690000,2.690000,0.221925,0.000000,2.690000,0.000000,0.000000,0.000000,,,0.000000,0.000000,0.000000,0.000000,0.000000,0.000000,0.000000,"[{""max_quantity_threshold"": 0, ""min_quantity_threshold"": 0, ""tax_amount"": ""0.2219"", ""name"": ""Sales Tax"", ""max_threshold"": ""0.0000"", ""min_threshold"": ""0.0000"", ""tax_type"": 0, ""flat_tax_units"": 0, ""on_full_price"": true, ""id"": 49484975, ""tax_rate"": ""8.2500"", ""actual_tax_rate"": ""8.2500"", ""tax_table"": null, ""order_item"": ""/resources/OrderItem/48508493/"", ""fiscal_rate"": ""2"", ""local_tax_id"": 590, ""uuid"": ""6ad63402-7644-4886-a722-1de23d886fd0"", ""rounding_type"": 0, ""resource_uri"": ""/resources/AppliedTaxOrderItem/49484975/""}]",[],[],[],[],"""[]""",215fc053-0a85-4f6f-a59a-8838d6d34457,false,,,,,,,,,c854519d-6728-48bf-bb2a-a51804db444d,0,/resources/Product/14511/,c854519d-6728-48bf-bb2a-a51804db444d,,4,,0,true,true,false,,,0,false,,/enterprise/User/38670/,/enterprise/User/84406/,/resources/PosStation/1153/,2026-06-11T21:44:59,2026-06-11T21:49:10,14914346
48514720,14916001,26,14524,Toast,Toast,2758,Toast Choice,1.000,1.090000,1.090000,false,2026-06-11T23:28:14,2026-06-11 23:28:14-05:00,2026-06-11T23:29:07,2026-06-11 23:29:07-05:00,38670,84406,,/resources/Product/14524/,0,1.090000,1.090000,0.089925,0.000000,1.090000,0.000000,0.000000,0.000000,,,0.000000,0.000000,0.000000,0.000000,0.000000,0.000000,0.000000,"[{""max_quantity_threshold"": 0, ""min_quantity_threshold"": 0, ""tax_amount"": ""0.0899"", ""name"": ""Sales Tax"", ""max_threshold"": ""0.0000"", ""min_threshold"": ""0.0000"", ""tax_type"": 0, ""flat_tax_units"": 0, ""on_full_price"": true, ""id"": 49491130, ""tax_rate"": ""8.2500"", ""actual_tax_rate"": ""8.2500"", ""tax_table"": null, ""order_item"": ""/resources/OrderItem/48514720/"", ""fiscal_rate"": ""2"", ""local_tax_id"": 590, ""uuid"": ""921340b7-cf8d-4137-8330-2a57e6650d39"", ""rounding_type"": 0, ""resource_uri"": ""/resources/AppliedTaxOrderItem/49491130/""}]",[],[],[],[],"""[]""",255627bc-07ef-48e4-9a25-d890e8e859c3,false,,,,,,,,,8c620bc7-7e4c-4f43-b244-e7bd938b27a0,0,/resources/Product/14500/,8c620bc7-7e4c-4f43-b244-e7bd938b27a0,,4,,0,true,true,false,,,0,false,,/enterprise/User/38670/,/enterprise/User/84406/,/resources/PosStation/1153/,2026-06-11T23:28:09,2026-06-11T23:28:12,14916001
48530642,14919901,26,14535,Fries,Fries,2759,Fries - Choice,1.000,2.690000,2.690000,false,2026-06-12T12:01:15,2026-06-12 12:01:15-05:00,2026-06-12T12:06:04,2026-06-12 12:06:04-05:00,35616,35616,,/resources/Product/14535/,0,2.690000,2.690000,0.221925,0.000000,2.690000,0.000000,0.000000,0.000000,,,0.000000,0.000000,0.000000,0.000000,0.000000,0.000000,0.000000,"[{""max_quantity_threshold"": 0, ""min_quantity_threshold"": 0, ""tax_amount"": ""0.2219"", ""name"": ""Sales Tax"", ""max_threshold"": ""0.0000"", ""min_threshold"": ""0.0000"", ""tax_type"": 0, ""flat_tax_units"": 0, ""on_full_price"": true, ""id"": 49507763, ""tax_rate"": ""8.2500"", ""actual_tax_rate"": ""8.2500"", ""tax_table"": null, ""order_item"": ""/resources/OrderItem/48530642/"", ""fiscal_rate"": ""2"", ""local_tax_id"": 590, ""uuid"": ""5162b286-6b40-4263-884e-5736dba1b3b2"", ""rounding_type"": 0, ""resource_uri"": ""/resources/AppliedTaxOrderItem/49507763/""}]",[],[],[],[],"""[]""",248b55e5-1573-43fa-9b64-da7612c0895f,false,,,,,,,,,6b890e9b-c653-4901-bfa1-bf67dc352d2e,0,/resources/Product/14507/,6b890e9b-c653-4901-bfa1-bf67dc352d2e,,4,,0,true,true,false,,,0,false,,/enterprise/User/35616/,/enterprise/User/35616/,/resources/PosStation/1153/,2026-06-12T12:01:10,2026-06-12T12:05:59,14919901
48556953,14925377,26,14324,Laynes Sauce,Laynes Sauce,2730,Food,1.000,0.690000,0.690000,false,2026-06-12T14:04:55,2026-06-12 14:04:55-05:00,2026-06-12T14:06:47,2026-06-12 14:06:47-05:00,35616,35616,,/resources/Product/14324/,0,0.690000,0.690000,0.056925,0.000000,0.690000,0.000000,0.000000,0.000000,,,0.000000,0.000000,0.000000,0.000000,0.000000,0.000000,0.000000,"[{""max_quantity_threshold"": 0, ""min_quantity_threshold"": 0, ""tax_amount"": ""0.0569"", ""name"": ""Sales Tax"", ""max_threshold"": ""0.0000"", ""min_threshold"": ""0.0000"", ""tax_type"": 0, ""flat_tax_units"": 0, ""on_full_price"": true, ""id"": 49534600, ""tax_rate"": ""8.2500"", ""actual_tax_rate"": ""8.2500"", ""tax_table"": null, ""order_item"": ""/resources/OrderItem/48556953/"", ""fiscal_rate"": ""2"", ""local_tax_id"": 590, ""uuid"": ""4ee6172b-4725-4f18-a942-5a85e1b1aa12"", ""rounding_type"": 0, ""resource_uri"": ""/resources/AppliedTaxOrderItem/49534600/""}]",[],[],[],[],"""[]""",c37831ce-4c97-49e5-b036-4ea9f87d4e51,false,,,,,,,,,,0,,,,4,,0,true,true,false,,,0,false,,/enterprise/User/35616/,/enterprise/User/35616/,/resources/PosStation/1151/,2026-06-12T14:04:50,2026-06-12T14:06:41,14925377
48572869,14929028,26,14326,Honey Mustard,Honey Mustard,2730,Food,1.000,0.690000,0.690000,false,2026-06-12T16:16:26,2026-06-12 16:16:26-05:00,2026-06-12T16:18:30,2026-06-12 16:18:30-05:00,35616,37532,,/resources/Product/14326/,0,0.690000,0.690000,0.056925,0.000000,0.690000,0.000000,0.000000,0.000000,,,0.000000,0.000000,0.000000,0.000000,0.000000,0.000000,0.000000,"[{""max_quantity_threshold"": 0, ""min_quantity_threshold"": 0, ""tax_amount"": ""0.0569"", ""name"": ""Sales Tax"", ""max_threshold"": ""0.0000"", ""min_threshold"": ""0.0000"", ""tax_type"": 0, ""flat_tax_units"": 0, ""on_full_price"": true, ""id"": 49550889, ""tax_rate"": ""8.2500"", ""actual_tax_rate"": ""8.2500"", ""tax_table"": null, ""order_item"": ""/resources/OrderItem/48572869/"", ""fiscal_rate"": ""2"", ""local_tax_id"": 590, ""uuid"": ""b118c0c0-ca1d-48fa-a6b7-88f89b14bbd1"", ""rounding_type"": 0, ""resource_uri"": ""/resources/AppliedTaxOrderItem/49550889/""}]",[],[],[],[],"""[]""",8d8be9a7-716b-43cc-997c-ba3ea4ec39b4,false,,,,,,,,,7a8474a6-73ab-4114-9c20-86af5e419192,0,/resources/Product/14500/,7a8474a6-73ab-4114-9c20-86af5e419192,,4,,0,true,true,false,,,0,false,,/enterprise/User/35616/,/enterprise/User/37532/,/resources/PosStation/1153/,2026-06-12T16:16:21,2026-06-12T16:18:23,14929028
48590045,14933080,26,14554,** 4 Finger Spicy **,** 4 Finger Spicy **,2760,Meals,1.000,5.140000,5.140000,false,2026-06-12T18:15:27,2026-06-12 18:15:27-05:00,2026-06-12T18:16:48,2026-06-12 18:16:48-05:00,35616,75716,,/resources/Product/14554/,0,5.140000,5.140000,0.424050,0.000000,5.140000,0.000000,0.000000,0.000000,,,0.000000,0.000000,0.000000,0.000000,4.020000,0.000000,0.000000,"[{""max_quantity_threshold"": 0, ""min_quantity_threshold"": 0, ""tax_amount"": ""0.4240"", ""name"": ""Sales Tax"", ""max_threshold"": ""0.0000"", ""min_threshold"": ""0.0000"", ""tax_type"": 0, ""flat_tax_units"": 0, ""on_full_price"": true, ""id"": 49568361, ""tax_rate"": ""8.2500"", ""actual_tax_rate"": ""8.2500"", ""tax_table"": null, ""order_item"": ""/resources/OrderItem/48590045/"", ""fiscal_rate"": ""2"", ""local_tax_id"": 590, ""uuid"": ""9a76671d-7287-46c1-8af1-a18a6f6e6a59"", ""rounding_type"": 0, ""resource_uri"": ""/resources/AppliedTaxOrderItem/49568361/""}]",[],[],[],[],"""[]""",104c665c-ef30-43b8-9dda-95379fe0b859,false,,,,,,,,,2c9f5965-42a0-4ac5-af5e-4b5768da347b,0,/resources/Product/14511/,2c9f5965-42a0-4ac5-af5e-4b5768da347b,,4,,0,true,true,false,,,0,false,,/enterprise/User/35616/,/enterprise/User/75716/,/resources/PosStation/1153/,2026-06-12T18:15:22,2026-06-12T18:16:42,14933080
48606748,14936448,26,14481,Large Coke Zero,Large Coke Zero,2735,Drinks,1.000,3.690000,3.690000,false,2026-06-12T19:51:55,2026-06-12 19:51:55-05:00,2026-06-12T19:56:08,2026-06-12 19:56:08-05:00,75716,84406,,/resources/Product/14481/,0,3.690000,3.690000,0.304425,0.000000,3.690000,0.000000,0.000000,0.000000,,,0.000000,0.000000,0.000000,0.000000,0.000000,0.000000,0.000000,"[{""max_quantity_threshold"": 0, ""min_quantity_threshold"": 0, ""tax_amount"": ""0.3044"", ""name"": ""Sales Tax"", ""max_threshold"": ""0.0000"", ""min_threshold"": ""0.0000"", ""tax_type"": 0, ""flat_tax_units"": 0, ""on_full_price"": true, ""id"": 49585328, ""tax_rate"": ""8.2500"", ""actual_tax_rate"": ""8.2500"", ""tax_table"": null, ""order_item"": ""/resources/OrderItem/48606748/"", ""fiscal_rate"": ""2"", ""local_tax_id"": 590, ""uuid"": ""4055e435-073a-4332-8a2b-082dfe2afe3c"", ""rounding_type"": 0, ""resource_uri"": ""/resources/AppliedTaxOrderItem/49585328/""}]",[],[],[],[],"""[]""",26d651db-4f9e-42db-9b3a-0cce19623c82,false,,,,,,,,,0aa41c29-ae64-4593-87c3-384abf4774e4,0,/resources/Product/14500/,0aa41c29-ae64-4593-87c3-384abf4774e4,,4,,0,true,true,false,,,0,false,,/enterprise/User/75716/,/enterprise/User/84406/,/resources/PosStation/1153/,2026-06-12T19:51:50,2026-06-12T19:54:55,14936448
48623679,14940097,26,14553,** 4 Finger Regular **,** 4 Finger Regular **,2760,Meals,1.000,4.630000,4.630000,false,2026-06-12T22:04:20,2026-06-12 22:04:20-05:00,2026-06-12T22:07:18,2026-06-12 22:07:18-05:00,75716,75716,,/resources/Product/14553/,0,4.630000,4.630000,0.381975,0.000000,4.630000,0.000000,0.000000,0.000000,,,0.000000,0.000000,0.000000,0.000000,4.530000,0.000000,0.000000,"[{""max_quantity_threshold"": 0, ""min_quantity_threshold"": 0, ""tax_amount"": ""0.3820"", ""name"": ""Sales Tax"", ""max_threshold"": ""0.0000"", ""min_threshold"": ""0.0000"", ""tax_type"": 0, ""flat_tax_units"": 0, ""on_full_price"": true, ""id"": 49602325, ""tax_rate"": ""8.2500"", ""actual_tax_rate"": ""8.2500"", ""tax_table"": null, ""order_item"": ""/resources/OrderItem/48623679/"", ""fiscal_rate"": ""2"", ""local_tax_id"": 590, ""uuid"": ""d60af394-39a4-4beb-b3af-7746bb6157a3"", ""rounding_type"": 0, ""resource_uri"": ""/resources/AppliedTaxOrderItem/49602325/""}]",[],[],[],[],"""[]""",876860dd-a45e-4a76-b697-0463a1472e04,false,,,,,,,,,cbd122f8-63e4-4214-9808-f5d0a43819da,0,/resources/Product/14511/,cbd122f8-63e4-4214-9808-f5d0a43819da,,4,,0,true,true,false,,,0,false,,/enterprise/User/75716/,/enterprise/User/75716/,/resources/PosStation/1153/,2026-06-12T22:04:20,2026-06-12T22:07:17,14940097
48630431,14941669,26,14535,Fries,Fries,2759,Fries - Choice,1.000,2.690000,2.690000,false,2026-06-12T23:26:53,2026-06-12 23:26:53-05:00,2026-06-12T23:28:32,2026-06-12 23:28:32-05:00,75716,84406,,/resources/Product/14535/,0,2.690000,2.690000,0.221925,0.000000,2.690000,0.000000,0.000000,0.000000,,,0.000000,0.000000,0.000000,0.000000,0.000000,0.000000,0.000000,"[{""max_quantity_threshold"": 0, ""min_quantity_threshold"": 0, ""tax_amount"": ""0.2219"", ""name"": ""Sales Tax"", ""max_threshold"": ""0.0000"", ""min_threshold"": ""0.0000"", ""tax_type"": 0, ""flat_tax_units"": 0, ""on_full_price"": true, ""id"": 49609022, ""tax_rate"": ""8.2500"", ""actual_tax_rate"": ""8.2500"", ""tax_table"": null, ""order_item"": ""/resources/OrderItem/48630431/"", ""fiscal_rate"": ""2"", ""local_tax_id"": 590, ""uuid"": ""e8f68ae0-978d-478c-a215-6ccd4d40102d"", ""rounding_type"": 0, ""resource_uri"": ""/resources/AppliedTaxOrderItem/49609022/""}]",[],[],[],[],"""[]""",9df0199d-79b8-439e-ad1e-ebfada2dcab2,false,,,,,,,,,4f6afc95-481a-4787-8943-a985f21f63bf,0,/resources/Product/14511/,4f6afc95-481a-4787-8943-a985f21f63bf,,4,,0,true,true,false,,,0,false,,/enterprise/User/75716/,/enterprise/User/84406/,/resources/PosStation/1153/,2026-06-12T23:26:53,2026-06-12T23:28:30,14941669
48644065,14944721,26,14524,Toast,Toast,2758,Toast Choice,1.000,1.090000,1.090000,false,2026-06-13T11:53:58,2026-06-13 11:53:58-05:00,2026-06-13T11:57:05,2026-06-13 11:57:05-05:00,38670,38670,,/resources/Product/14524/,0,1.090000,1.090000,0.089925,0.000000,1.090000,0.000000,0.000000,0.000000,,,0.000000,0.000000,0.000000,0.000000,0.000000,0.000000,0.000000,"[{""max_quantity_threshold"": 0, ""min_quantity_threshold"": 0, ""tax_amount"": ""0.0899"", ""name"": ""Sales Tax"", ""max_threshold"": ""0.0000"", ""min_threshold"": ""0.0000"", ""tax_type"": 0, ""flat_tax_units"": 0, ""on_full_price"": true, ""id"": 49623181, ""tax_rate"": ""8.2500"", ""actual_tax_rate"": ""8.2500"", ""tax_table"": null, ""order_item"": ""/resources/OrderItem/48644065/"", ""fiscal_rate"": ""2"", ""local_tax_id"": 590, ""uuid"": ""79a5d3a7-5b86-4ad3-8b33-3e3a8608cd2d"", ""rounding_type"": 0, ""resource_uri"": ""/resources/AppliedTaxOrderItem/49623181/""}]",[],[],[],[],"""[]""",927fbdaa-967d-47a8-861f-9a0f543787c6,false,,,,,,,,,67ae39b7-1203-45cc-b182-39943c021087,0,/resources/Product/14511/,67ae39b7-1203-45cc-b182-39943c021087,,0,,0,true,true,false,,,0,false,,/enterprise/User/38670/,/enterprise/User/38670/,/resources/PosStation/1157/,2026-06-13T11:53:54,2026-06-13T11:57:00,14944721
48661078,14948067,26,14494,Regular Sweet Tea,Regular Sweet Tea,2735,Drinks,1.000,2.690000,2.690000,false,2026-06-13T13:15:17,2026-06-13 13:15:17-05:00,2026-06-13T13:16:34,2026-06-13 13:16:34-05:00,37532,38670,,/resources/Product/14494/,0,2.690000,2.690000,0.221925,0.000000,2.690000,0.000000,0.000000,0.000000,,,0.000000,0.000000,0.000000,0.000000,0.000000,0.000000,0.000000,"[{""max_quantity_threshold"": 0, ""min_quantity_threshold"": 0, ""tax_amount"": ""0.2219"", ""name"": ""Sales Tax"", ""max_threshold"": ""0.0000"", ""min_threshold"": ""0.0000"", ""tax_type"": 0, ""flat_tax_units"": 0, ""on_full_price"": true, ""id"": 49640308, ""tax_rate"": ""8.2500"", ""actual_tax_rate"": ""8.2500"", ""tax_table"": null, ""order_item"": ""/resources/OrderItem/48661078/"", ""fiscal_rate"": ""2"", ""local_tax_id"": 590, ""uuid"": ""fd6730ea-d4ae-45bb-8aaa-f104c83a0640"", ""rounding_type"": 0, ""resource_uri"": ""/resources/AppliedTaxOrderItem/49640308/""}]",[],[],[],[],"""[]""",ad783d23-6814-461c-b200-8c5dd7b09789,false,,,,,,,,,3ade8143-4639-4ff3-b06f-c8a9fd0b3ce9,0,/resources/Product/14503/,3ade8143-4639-4ff3-b06f-c8a9fd0b3ce9,,4,,0,true,true,false,,,0,false,,/enterprise/User/37532/,/enterprise/User/38670/,/resources/PosStation/1153/,2026-06-13T13:15:17,2026-06-13T13:16:34,14948067
48678852,14951827,26,14411,Kids Finger Meal*,Kids Finger Meal*,2744,Meals,1.000,6.690000,6.690000,false,2026-06-13T15:11:55,2026-06-13 15:11:55-05:00,2026-06-13T15:14:35,2026-06-13 15:14:35-05:00,1,38670,,/resources/Product/14411/,4,6.690000,6.690000,0.551925,0.000000,6.690000,0.000000,0.000000,0.000000,,,0.000000,0.000000,0.000000,0.000000,0.000000,0.000000,0.000000,"[{""max_quantity_threshold"": 0, ""min_quantity_threshold"": 0, ""tax_amount"": ""0.5519"", ""name"": ""Sales Tax"", ""max_threshold"": ""0.0000"", ""min_threshold"": ""0.0000"", ""tax_type"": 0, ""flat_tax_units"": 1, ""on_full_price"": true, ""id"": 49658375, ""tax_rate"": ""8.2500"", ""actual_tax_rate"": ""8.2500"", ""tax_table"": null, ""order_item"": ""/resources/OrderItem/48678852/"", ""fiscal_rate"": ""2"", ""local_tax_id"": 590, ""uuid"": ""213f3968-a4a1-483a-bf24-a62e22b740ce"", ""rounding_type"": 0, ""resource_uri"": ""/resources/AppliedTaxOrderItem/49658375/""}]",[],"[{""qty_type"": 0, ""uuid"": ""c4d6e1a1-0d61-468d-b46f-958e9ec3a32a"", ""substitution_of"": null, ""no_modifier_substitute"": false, ""mod_type"": 0, ""modifier_cost"": ""0.0000"", ""qty"": ""1.0"", ""is_discounted"": false, ""split_combo_data"": {""inherited_from_parent"": false, ""combo_fraction_part"": 0, ""overriden_price"": 0}, ""modifier_price"": ""0.0"", ""order_item"": ""/resources/OrderItem/48678852/"", ""is_substituted"": false, ""modifier"": ""/resources/Modifier/18504/"", ""id"": 26802432, ""conditional_of"": null, ""resource_uri"": ""/resources/ModifierItem/26802432/""}, {""qty_type"": 0, ""uuid"": ""5dbf57e2-8a23-4bc4-9fe7-cd03f9190f98"", ""substitution_of"": null, ""no_modifier_substitute"": false, ""mod_type"": 0, ""modifier_cost"": ""0.0000"", ""qty"": ""1.0"", ""is_discounted"": false, ""split_combo_data"": {""inherited_from_parent"": false, ""combo_fraction_part"": 0, ""overriden_price"": 0}, ""modifier_price"": ""0.0"", ""order_item"": ""/resources/OrderItem/48678852/"", ""is_substituted"": false, ""modifier"": ""/resources/Modifier/18501/"", ""id"": 26802433, ""conditional_of"": null, ""resource_uri"": ""/resources/ModifierItem/26802433/""}, {""qty_type"": 0, ""uuid"": ""4a285010-f839-452e-ac6c-fef2f9e30e12"", ""substitution_of"": null, ""no_modifier_substitute"": false, ""mod_type"": 0, ""modifier_cost"": ""0.0000"", ""qty"": ""1.0"", ""is_discounted"": false, ""split_combo_data"": {""inherited_from_parent"": false, ""combo_fraction_part"": 0, ""overriden_price"": 0}, ""modifier_price"": ""0.0"", ""order_item"": ""/resources/OrderItem/48678852/"", ""is_substituted"": false, ""modifier"": ""/resources/Modifier/18498/"", ""id"": 26802434, ""conditional_of"": null, ""resource_uri"": ""/resources/ModifierItem/26802434/""}, {""qty_type"": 0, ""uuid"": ""4cda2af7-e6f2-4048-b451-71d40110d384"", ""substitution_of"": null, ""no_modifier_substitute"": false, ""mod_type"": 0, ""modifier_cost"": ""0.0000"", ""qty"": ""1.0"", ""is_discounted"": false, ""split_combo_data"": {""inherited_from_parent"": false, ""combo_fraction_part"": 0, ""overriden_price"": 0}, ""modifier_price"": ""0.0"", ""order_item"": ""/resources/OrderItem/48678852/"", ""is_substituted"": false, ""modifier"": ""/resources/Modifier/18484/"", ""id"": 26802435, ""conditional_of"": null, ""resource_uri"": ""/resources/ModifierItem/26802435/""}]",[],[],"""[]""",4d08fb18-2978-4d32-a274-4426183376d1,false,,,,,,,,,,0,,,,8,,0,true,true,false,,,0,false,Unit,/enterprise/User/1/,/enterprise/User/38670/,/resources/PosStation/1150/,2026-06-13T15:11:56,2026-06-13T15:14:30,86f1d759
48692135,14954766,26,14475,LOBBY DRINK,LOBBY DRINK,2735,Drinks,1.000,2.690000,2.690000,false,2026-06-13T16:58:31,2026-06-13 16:58:31-05:00,2026-06-13T16:59:34,2026-06-13 16:59:34-05:00,60799,60799,,/resources/Product/14475/,0,2.690000,2.690000,0.221925,0.000000,2.690000,0.000000,0.000000,0.000000,,,0.000000,0.000000,0.000000,0.000000,0.000000,0.000000,0.000000,"[{""max_quantity_threshold"": 0, ""min_quantity_threshold"": 0, ""tax_amount"": ""0.2219"", ""name"": ""Sales Tax"", ""max_threshold"": ""0.0000"", ""min_threshold"": ""0.0000"", ""tax_type"": 0, ""flat_tax_units"": 0, ""on_full_price"": true, ""id"": 49671928, ""tax_rate"": ""8.2500"", ""actual_tax_rate"": ""8.2500"", ""tax_table"": null, ""order_item"": ""/resources/OrderItem/48692135/"", ""fiscal_rate"": ""2"", ""local_tax_id"": 590, ""uuid"": ""735fb3e9-5fa4-442b-b6af-4f801cffef87"", ""rounding_type"": 0, ""resource_uri"": ""/resources/AppliedTaxOrderItem/49671928/""}]",[],[],[],[],"""[]""",7ee41dbc-4509-4d56-b5ed-ef023e29dfe4,false,,,,,,,,,4b48e21a-e0ec-4d81-af14-505bc718871a,0,/resources/Product/14500/,4b48e21a-e0ec-4d81-af14-505bc718871a,,1,,0,true,false,false,,,0,false,,/enterprise/User/60799/,/enterprise/User/60799/,/resources/PosStation/1157/,,,14954766
48706323,14957054,26,14535,Fries,Fries,2759,Fries - Choice,1.000,2.690000,2.690000,false,2026-06-13T18:43:42,2026-06-13 18:43:42-05:00,2026-06-13T18:49:13,2026-06-13 18:49:13-05:00,38670,38670,,/resources/Product/14535/,0,2.690000,2.690000,0.221925,0.000000,2.690000,0.000000,0.000000,0.000000,,,0.000000,0.000000,0.000000,0.000000,0.000000,0.000000,0.000000,"[{""max_quantity_threshold"": 0, ""min_quantity_threshold"": 0, ""tax_amount"": ""0.2219"", ""name"": ""Sales Tax"", ""max_threshold"": ""0.0000"", ""min_threshold"": ""0.0000"", ""tax_type"": 0, ""flat_tax_units"": 0, ""on_full_price"": true, ""id"": 49686223, ""tax_rate"": ""8.2500"", ""actual_tax_rate"": ""8.2500"", ""tax_table"": null, ""order_item"": ""/resources/OrderItem/48706323/"", ""fiscal_rate"": ""2"", ""local_tax_id"": 590, ""uuid"": ""5a2c9b68-bf47-4a54-8808-d3930df19e75"", ""rounding_type"": 0, ""resource_uri"": ""/resources/AppliedTaxOrderItem/49686223/""}]",[],[],[],[],"""[]""",ee8f0ff8-7894-42a4-a597-218143a830e6,false,,,,,,,,,74b78036-ce90-4a4f-8d77-674614cc5558,0,/resources/Product/14511/,74b78036-ce90-4a4f-8d77-674614cc5558,,4,,0,true,true,false,,,0,false,,/enterprise/User/38670/,/enterprise/User/38670/,/resources/PosStation/1153/,2026-06-13T18:43:42,2026-06-13T18:49:12,14957054
48723407,14961397,26,14457,Regular Lemonade,Regular Lemonade,2735,Drinks,1.000,2.690000,2.690000,false,2026-06-13T20:58:32,2026-06-13 20:58:32-05:00,2026-06-13T21:00:46,2026-06-13 21:00:46-05:00,38670,38670,,/resources/Product/14457/,0,2.690000,2.690000,0.221925,0.000000,2.690000,0.000000,0.000000,0.000000,,,0.000000,0.000000,0.000000,0.000000,0.000000,0.000000,0.510000,"[{""max_quantity_threshold"": 0, ""min_quantity_threshold"": 0, ""tax_amount"": ""0.2219"", ""name"": ""Sales Tax"", ""max_threshold"": ""0.0000"", ""min_threshold"": ""0.0000"", ""tax_type"": 0, ""flat_tax_units"": 0, ""on_full_price"": true, ""id"": 49703641, ""tax_rate"": ""8.2500"", ""actual_tax_rate"": ""8.2500"", ""tax_table"": null, ""order_item"": ""/resources/OrderItem/48723407/"", ""fiscal_rate"": ""2"", ""local_tax_id"": 590, ""uuid"": ""d4d73492-bcb4-4b15-925d-87a6f891c939"", ""rounding_type"": 0, ""resource_uri"": ""/resources/AppliedTaxOrderItem/49703641/""}]",[],[],[],[],"""[]""",810f6668-5e11-4944-a9df-f56346666663,false,,,,,,,,,2cc5f5af-a2e9-49cf-9054-4ca32cbb37a5,0,/resources/Product/14507/,2cc5f5af-a2e9-49cf-9054-4ca32cbb37a5,,4,,0,true,true,false,,,0,false,,/enterprise/User/38670/,/enterprise/User/38670/,/resources/PosStation/1153/,2026-06-13T20:58:32,2026-06-13T21:00:45,14961397
48734869,14963954,26,14524,Toast,Toast,2758,Toast Choice,1.000,1.090000,1.090000,false,2026-06-13T23:11:30,2026-06-13 23:11:30-05:00,2026-06-13T23:20:51,2026-06-13 23:20:51-05:00,38670,38670,,/resources/Product/14524/,0,1.090000,1.090000,0.089925,0.000000,1.090000,0.000000,0.000000,0.000000,,,0.000000,0.000000,0.000000,0.000000,0.000000,0.000000,0.000000,"[{""max_quantity_threshold"": 0, ""min_quantity_threshold"": 0, ""tax_amount"": ""0.0899"", ""name"": ""Sales Tax"", ""max_threshold"": ""0.0000"", ""min_threshold"": ""0.0000"", ""tax_type"": 0, ""flat_tax_units"": 0, ""on_full_price"": true, ""id"": 49715116, ""tax_rate"": ""8.2500"", ""actual_tax_rate"": ""8.2500"", ""tax_table"": null, ""order_item"": ""/resources/OrderItem/48734869/"", ""fiscal_rate"": ""2"", ""local_tax_id"": 590, ""uuid"": ""7b125edb-61ae-4bed-8de2-33e63ff3b638"", ""rounding_type"": 0, ""resource_uri"": ""/resources/AppliedTaxOrderItem/49715116/""}]",[],[],[],[],"""[]""",b0d25589-64c0-47c2-9b06-208e2fbd28bc,false,,,,,,,,,99ea20a4-d792-47b8-9ff8-1695c5305493,0,/resources/Product/14507/,99ea20a4-d792-47b8-9ff8-1695c5305493,,4,,0,true,true,false,,,0,false,,/enterprise/User/38670/,/enterprise/User/38670/,/resources/PosStation/1153/,2026-06-13T23:11:30,2026-06-13T23:20:50,14963954
48766686,14970135,26,32962,Regular Orange Dream Shake,Regular Orange Dream Shake,2735,Drinks,1.000,5.490000,5.490000,false,2026-06-14T13:05:47,2026-06-14 13:05:47-05:00,2026-06-14T13:09:48,2026-06-14 13:09:48-05:00,37532,35616,,/resources/Product/32962/,0,5.490000,5.490000,0.452925,0.000000,5.490000,0.000000,0.000000,0.000000,,,0.000000,0.000000,0.000000,0.000000,0.000000,0.000000,0.000000,"[{""max_quantity_threshold"": 0, ""min_quantity_threshold"": 0, ""tax_amount"": ""0.4529"", ""name"": ""Sales Tax"", ""max_threshold"": ""0.0000"", ""min_threshold"": ""0.0000"", ""tax_type"": 0, ""flat_tax_units"": 0, ""on_full_price"": true, ""id"": 49747928, ""tax_rate"": ""8.2500"", ""actual_tax_rate"": ""8.2500"", ""tax_table"": null, ""order_item"": ""/resources/OrderItem/48766686/"", ""fiscal_rate"": ""2"", ""local_tax_id"": 590, ""uuid"": ""9203ea9d-85b4-4362-845b-83d1b6ae9106"", ""rounding_type"": 0, ""resource_uri"": ""/resources/AppliedTaxOrderItem/49747928/""}]",[],[],[],[],"""[]""",0629e97a-a0a8-45e3-8a32-2b49feb13f75,false,,,,,,,,,,0,,,,4,,0,true,true,false,,,0,false,,/enterprise/User/37532/,/enterprise/User/35616/,/resources/PosStation/1153/,2026-06-14T13:05:47,2026-06-14T13:09:47,14970135
48787827,14974665,26,14524,Toast,Toast,2758,Toast Choice,1.000,1.090000,1.090000,false,2026-06-14T15:18:01,2026-06-14 15:18:01-05:00,2026-06-14T15:19:31,2026-06-14 15:19:31-05:00,35616,35616,,/resources/Product/14524/,0,1.090000,1.090000,0.089925,0.000000,1.090000,0.000000,0.000000,0.000000,,,0.000000,0.000000,0.000000,0.000000,0.000000,0.000000,0.000000,"[{""max_quantity_threshold"": 0, ""min_quantity_threshold"": 0, ""tax_amount"": ""0.0899"", ""name"": ""Sales Tax"", ""max_threshold"": ""0.0000"", ""min_threshold"": ""0.0000"", ""tax_type"": 0, ""flat_tax_units"": 0, ""on_full_price"": true, ""id"": 49769390, ""tax_rate"": ""8.2500"", ""actual_tax_rate"": ""8.2500"", ""tax_table"": null, ""order_item"": ""/resources/OrderItem/48787827/"", ""fiscal_rate"": ""2"", ""local_tax_id"": 590, ""uuid"": ""63921888-bea2-4b4d-8f89-7c7fc6ba8bb7"", ""rounding_type"": 0, ""resource_uri"": ""/resources/AppliedTaxOrderItem/49769390/""}]",[],[],[],[],"""[]""",ac204767-3bb5-4966-9964-240c6c56a5eb,false,,,,,,,,,269302fb-e559-4107-ae49-963f28ddcabf,0,/resources/Product/14500/,269302fb-e559-4107-ae49-963f28ddcabf,,4,,0,true,true,false,,,0,false,,/enterprise/User/35616/,/enterprise/User/35616/,/resources/PosStation/1153/,2026-06-14T15:18:01,2026-06-14T15:19:30,14974665
48804721,14978635,26,14324,Laynes Sauce,Laynes Sauce,2730,Food,1.000,0.690000,0.690000,false,2026-06-14T17:27:48,2026-06-14 17:27:48-05:00,2026-06-14T17:31:21,2026-06-14 17:31:21-05:00,52540,52540,,/resources/Product/14324/,0,0.690000,0.690000,0.056925,0.000000,0.690000,0.000000,0.000000,0.000000,,,0.000000,0.000000,0.000000,0.000000,0.000000,0.000000,0.000000,"[{""max_quantity_threshold"": 0, ""min_quantity_threshold"": 0, ""tax_amount"": ""0.0569"", ""name"": ""Sales Tax"", ""max_threshold"": ""0.0000"", ""min_threshold"": ""0.0000"", ""tax_type"": 0, ""flat_tax_units"": 0, ""on_full_price"": true, ""id"": 49786709, ""tax_rate"": ""8.2500"", ""actual_tax_rate"": ""8.2500"", ""tax_table"": null, ""order_item"": ""/resources/OrderItem/48804721/"", ""fiscal_rate"": ""2"", ""local_tax_id"": 590, ""uuid"": ""61704cf1-ff40-4f60-8c40-db2ec87b505b"", ""rounding_type"": 0, ""resource_uri"": ""/resources/AppliedTaxOrderItem/49786709/""}]",[],[],[],[],"""[]""",659409af-8416-4acf-b6e7-dd3ba2ec75d6,false,,,,,,,,,883ae442-1d35-4e11-820b-88cf7c613057,0,/resources/Product/14507/,883ae442-1d35-4e11-820b-88cf7c613057,,4,,0,true,true,false,,,0,false,,/enterprise/User/52540/,/enterprise/User/52540/,/resources/PosStation/1153/,2026-06-14T17:27:48,2026-06-14T17:31:20,14978635
48818200,14981453,26,14564,** Club Regular **,** Club Regular **,2760,Meals,1.000,6.620000,6.620000,false,2026-06-14T18:52:52,2026-06-14 18:52:52-05:00,2026-06-14T19:03:10,2026-06-14 19:03:10-05:00,64275,64275,,/resources/Product/14564/,0,6.620000,6.620000,0.546150,0.000000,6.620000,0.000000,0.000000,0.000000,,,0.000000,0.000000,0.000000,0.000000,3.670000,0.000000,0.000000,"[{""max_quantity_threshold"": 0, ""min_quantity_threshold"": 0, ""tax_amount"": ""0.5462"", ""name"": ""Sales Tax"", ""max_threshold"": ""0.0000"", ""min_threshold"": ""0.0000"", ""tax_type"": 0, ""flat_tax_units"": 0, ""on_full_price"": true, ""id"": 49800369, ""tax_rate"": ""8.2500"", ""actual_tax_rate"": ""8.2500"", ""tax_table"": null, ""order_item"": ""/resources/OrderItem/48818200/"", ""fiscal_rate"": ""2"", ""local_tax_id"": 590, ""uuid"": ""5dec4c16-5872-4d5b-8148-df7e8367d6dd"", ""rounding_type"": 0, ""resource_uri"": ""/resources/AppliedTaxOrderItem/49800369/""}]",[],[],[],[],"""[]""",ba1ea1d5-9b9a-429b-9061-d8b2c1d3f222,false,,,,,,,,,676ef9f6-dad2-4c1c-8632-b6fe78aba711,0,/resources/Product/14510/,676ef9f6-dad2-4c1c-8632-b6fe78aba711,,1,,0,true,true,false,,,0,false,,/enterprise/User/64275/,/enterprise/User/64275/,/resources/PosStation/1157/,2026-06-14T18:52:52,2026-06-14T19:03:09,14981453
48828525,14983667,26,14317,** Sandwich **,** Sandwich **,2730,Food,1.000,8.290000,8.290000,false,2026-06-14T20:04:51,2026-06-14 20:04:51-05:00,2026-06-14T20:07:31,2026-06-14 20:07:31-05:00,52540,52540,,/resources/Product/14317/,2,8.290000,8.290000,0.683925,0.000000,8.290000,0.000000,0.000000,0.000000,,,0.000000,0.000000,0.000000,0.000000,0.000000,0.000000,0.000000,"[{""max_quantity_threshold"": 0, ""min_quantity_threshold"": 0, ""tax_amount"": ""0.6839"", ""name"": ""Sales Tax"", ""max_threshold"": ""0.0000"", ""min_threshold"": ""0.0000"", ""tax_type"": 0, ""flat_tax_units"": 0, ""on_full_price"": true, ""id"": 49810837, ""tax_rate"": ""8.2500"", ""actual_tax_rate"": ""8.2500"", ""tax_table"": null, ""order_item"": ""/resources/OrderItem/48828525/"", ""fiscal_rate"": ""2"", ""local_tax_id"": 590, ""uuid"": ""7f499700-3e26-44e4-b35a-9be52a557255"", ""rounding_type"": 0, ""resource_uri"": ""/resources/AppliedTaxOrderItem/49810837/""}]",[],"[{""qty_type"": 0, ""uuid"": ""904d4e83-09fe-4720-bd7d-0c3bce1fde13"", ""substitution_of"": null, ""no_modifier_substitute"": false, ""mod_type"": 0, ""modifier_cost"": ""0.0000"", ""qty"": ""1.0"", ""is_discounted"": false, ""split_combo_data"": {""inherited_from_parent"": false, ""combo_fraction_part"": 0, ""overriden_price"": 0}, ""modifier_price"": ""0.0"", ""order_item"": ""/resources/OrderItem/48828525/"", ""is_substituted"": false, ""modifier"": ""/resources/Modifier/18514/"", ""id"": 26831872, ""conditional_of"": null, ""resource_uri"": ""/resources/ModifierItem/26831872/""}, {""qty_type"": 0, ""uuid"": ""a107250b-709d-4664-aa90-abd74a3855e9"", ""substitution_of"": null, ""no_modifier_substitute"": false, ""mod_type"": 0, ""modifier_cost"": ""0.0000"", ""qty"": ""1.0"", ""is_discounted"": false, ""split_combo_data"": {""inherited_from_parent"": false, ""combo_fraction_part"": 0, ""overriden_price"": 0}, ""modifier_price"": ""0.0"", ""order_item"": ""/resources/OrderItem/48828525/"", ""is_substituted"": false, ""modifier"": ""/resources/Modifier/18307/"", ""id"": 26831873, ""conditional_of"": null, ""resource_uri"": ""/resources/ModifierItem/26831873/""}]",[],[],"""[]""",313a8b9e-294b-4800-84be-e286ad664ed9,false,,,,,,,,,,0,,,,4,,0,true,true,false,,,0,false,,/enterprise/User/52540/,/enterprise/User/52540/,/resources/PosStation/1153/,2026-06-14T20:04:51,2026-06-14T20:07:30,14983667
48842157,14986800,26,14324,Laynes Sauce,Laynes Sauce,2730,Food,2.000,0.690000,1.380000,false,2026-06-14T22:32:48,2026-06-14 22:32:48-05:00,2026-06-14T22:34:06,2026-06-14 22:34:06-05:00,52540,52540,,/resources/Product/14324/,0,0.690000,1.380000,0.113850,0.000000,0.690000,0.000000,0.000000,0.000000,,,0.000000,0.000000,0.000000,0.000000,0.000000,0.000000,0.000000,"[{""max_quantity_threshold"": 0, ""min_quantity_threshold"": 0, ""tax_amount"": ""0.1139"", ""name"": ""Sales Tax"", ""max_threshold"": ""0.0000"", ""min_threshold"": ""0.0000"", ""tax_type"": 0, ""flat_tax_units"": 0, ""on_full_price"": true, ""id"": 49824348, ""tax_rate"": ""8.2500"", ""actual_tax_rate"": ""8.2500"", ""tax_table"": null, ""order_item"": ""/resources/OrderItem/48842157/"", ""fiscal_rate"": ""2"", ""local_tax_id"": 590, ""uuid"": ""67f7f5c2-e5af-4a29-b586-d7ec62b2a524"", ""rounding_type"": 0, ""resource_uri"": ""/resources/AppliedTaxOrderItem/49824348/""}]",[],[],[],[],"""[]""",c0475c00-30aa-403c-bdce-4cbbd47cf213,false,,,,,,,,,7965cd24-a218-4021-b2ef-b15c976b76e5,0,/resources/Product/14500/,7965cd24-a218-4021-b2ef-b15c976b76e5,,4,,0,true,true,false,,,0,false,,/enterprise/User/52540/,/enterprise/User/52540/,/resources/PosStation/1153/,2026-06-14T22:32:48,2026-06-14T22:34:03,14986800
48856648,14990149,26,14475,LOBBY DRINK,LOBBY DRINK,2735,Drinks,1.000,2.690000,2.690000,false,2026-06-15T12:01:18,2026-06-15 12:01:18-05:00,2026-06-15T12:01:27,2026-06-15 12:01:27-05:00,38670,38670,,/resources/Product/14475/,0,2.690000,2.690000,0.221925,0.000000,2.690000,0.000000,0.000000,0.000000,,,0.000000,0.000000,0.000000,0.000000,0.000000,0.000000,0.000000,"[{""max_quantity_threshold"": 0, ""min_quantity_threshold"": 0, ""tax_amount"": ""0.2219"", ""name"": ""Sales Tax"", ""max_threshold"": ""0.0000"", ""min_threshold"": ""0.0000"", ""tax_type"": 0, ""flat_tax_units"": 0, ""on_full_price"": true, ""id"": 49839355, ""tax_rate"": ""8.2500"", ""actual_tax_rate"": ""8.2500"", ""tax_table"": null, ""order_item"": ""/resources/OrderItem/48856648/"", ""fiscal_rate"": ""2"", ""local_tax_id"": 590, ""uuid"": ""b840343a-be61-4332-9abc-3dec472e3337"", ""rounding_type"": 0, ""resource_uri"": ""/resources/AppliedTaxOrderItem/49839355/""}]",[],[],[],[],"""[]""",5160c6c4-73c9-47b7-96b0-b24497e4b816,false,,,,,,,,,e181b52b-d0d8-428e-9ca7-404118ccd793,0,/resources/Product/14500/,e181b52b-d0d8-428e-9ca7-404118ccd793,,1,,0,true,false,false,,,0,false,,/enterprise/User/38670/,/enterprise/User/38670/,/resources/PosStation/1157/,,,14990149
48875226,14994578,26,14556,** 2 Regular 2 Spicy **,** 2 Regular 2 Spicy **,2760,Meals,1.000,4.630000,4.630000,false,2026-06-15T13:42:58,2026-06-15 13:42:58-05:00,2026-06-15T13:44:00,2026-06-15 13:44:00-05:00,38670,38670,,/resources/Product/14556/,1,4.630000,4.630000,0.381975,0.000000,4.630000,0.000000,0.000000,0.000000,,,0.000000,0.000000,0.000000,0.000000,4.530000,0.000000,0.000000,"[{""max_quantity_threshold"": 0, ""min_quantity_threshold"": 0, ""tax_amount"": ""0.3820"", ""name"": ""Sales Tax"", ""max_threshold"": ""0.0000"", ""min_threshold"": ""0.0000"", ""tax_type"": 0, ""flat_tax_units"": 0, ""on_full_price"": true, ""id"": 49858245, ""tax_rate"": ""8.2500"", ""actual_tax_rate"": ""8.2500"", ""tax_table"": null, ""order_item"": ""/resources/OrderItem/48875226/"", ""fiscal_rate"": ""2"", ""local_tax_id"": 590, ""uuid"": ""d7e37d1e-4edb-4e07-8693-f3a6f4d1fa7f"", ""rounding_type"": 0, ""resource_uri"": ""/resources/AppliedTaxOrderItem/49858245/""}]",[],"[{""qty_type"": 0, ""uuid"": ""cd79b792-1eaf-4a80-8dd0-cb8ba5e63e29"", ""substitution_of"": null, ""no_modifier_substitute"": false, ""mod_type"": 0, ""modifier_cost"": ""0.0000"", ""qty"": ""1.0"", ""is_discounted"": false, ""split_combo_data"": {""inherited_from_parent"": false, ""combo_fraction_part"": 0, ""overriden_price"": 0}, ""modifier_price"": ""0.0"", ""order_item"": ""/resources/OrderItem/48875226/"", ""is_substituted"": false, ""modifier"": ""/resources/Modifier/18222/"", ""id"": 26841469, ""conditional_of"": null, ""resource_uri"": ""/resources/ModifierItem/26841469/""}]",[],[],"""[]""",dd21239a-de9f-4311-8b9b-f77729fd40f0,false,,,,,,,,,566aeb02-f3fa-41fe-a9e6-ba98516aa88e,0,/resources/Product/14511/,566aeb02-f3fa-41fe-a9e6-ba98516aa88e,,4,,0,true,true,false,,,0,false,,/enterprise/User/38670/,/enterprise/User/38670/,/resources/PosStation/1153/,2026-06-15T13:42:57,2026-06-15T13:43:58,14994578
48888528,14997934,26,14535,Fries,Fries,2759,Fries - Choice,1.000,2.690000,2.690000,false,2026-06-15T15:51:40,2026-06-15 15:51:40-05:00,2026-06-15T15:57:55,2026-06-15 15:57:55-05:00,38670,35616,,/resources/Product/14535/,0,2.690000,2.690000,0.221925,0.000000,2.690000,0.000000,0.000000,0.000000,,,0.000000,0.000000,0.000000,0.000000,0.000000,0.000000,0.000000,"[{""max_quantity_threshold"": 0, ""min_quantity_threshold"": 0, ""tax_amount"": ""0.2219"", ""name"": ""Sales Tax"", ""max_threshold"": ""0.0000"", ""min_threshold"": ""0.0000"", ""tax_type"": 0, ""flat_tax_units"": 0, ""on_full_price"": true, ""id"": 49871752, ""tax_rate"": ""8.2500"", ""actual_tax_rate"": ""8.2500"", ""tax_table"": null, ""order_item"": ""/resources/OrderItem/48888528/"", ""fiscal_rate"": ""2"", ""local_tax_id"": 590, ""uuid"": ""fb210a43-97c2-4dc8-873e-8d1775f04f72"", ""rounding_type"": 0, ""resource_uri"": ""/resources/AppliedTaxOrderItem/49871752/""}]",[],[],[],[],"""[]""",250ab4f6-c703-4999-8ac1-05cca51adca5,false,,,,,,,,,793be435-1641-488d-93f8-fa9075a28179,0,/resources/Product/14511/,793be435-1641-488d-93f8-fa9075a28179,,4,,0,true,true,false,,,0,false,,/enterprise/User/38670/,/enterprise/User/35616/,/resources/PosStation/1153/,2026-06-15T15:51:39,2026-06-15T15:57:53,14997934
48898666,14999713,26,14554,** 4 Finger Spicy **,** 4 Finger Spicy **,2760,Meals,1.000,3.930000,3.930000,false,2026-06-15T17:30:04,2026-06-15 17:30:04-05:00,2026-06-15T17:31:58,2026-06-15 17:31:58-05:00,38670,35616,,/resources/Product/14554/,0,3.930000,3.930000,0.324225,0.000000,3.930000,0.000000,0.000000,0.000000,,,0.000000,0.000000,0.000000,0.000000,5.230000,0.000000,0.000000,"[{""max_quantity_threshold"": 0, ""min_quantity_threshold"": 0, ""tax_amount"": ""0.3242"", ""name"": ""Sales Tax"", ""max_threshold"": ""0.0000"", ""min_threshold"": ""0.0000"", ""tax_type"": 0, ""flat_tax_units"": 0, ""on_full_price"": true, ""id"": 49882080, ""tax_rate"": ""8.2500"", ""actual_tax_rate"": ""8.2500"", ""tax_table"": null, ""order_item"": ""/resources/OrderItem/48898666/"", ""fiscal_rate"": ""2"", ""local_tax_id"": 590, ""uuid"": ""25fc8865-25d4-4e3a-9a23-7b6004fe24f9"", ""rounding_type"": 0, ""resource_uri"": ""/resources/AppliedTaxOrderItem/49882080/""}]",[],[],[],[],"""[]""",2e797ef0-0709-4043-9852-a22d3c58fef3,false,,,,,,,,,538aafa9-9335-41d8-96c5-8df7a567b7f8,0,/resources/Product/14511/,538aafa9-9335-41d8-96c5-8df7a567b7f8,,4,,0,true,true,false,,,0,false,,/enterprise/User/38670/,/enterprise/User/35616/,/resources/PosStation/1153/,2026-06-15T17:30:03,2026-06-15T17:30:59,14999713
48916733,15004430,26,14401,Gravy,Gravy,2730,Food,1.000,0.790000,0.790000,false,2026-06-15T19:51:52,2026-06-15 19:51:52-05:00,2026-06-15T19:53:47,2026-06-15 19:53:47-05:00,52540,52540,,/resources/Product/14401/,0,0.790000,0.790000,0.065175,0.000000,0.790000,0.000000,0.000000,0.000000,,,0.000000,0.000000,0.000000,0.000000,0.000000,0.000000,0.000000,"[{""max_quantity_threshold"": 0, ""min_quantity_threshold"": 0, ""tax_amount"": ""0.0652"", ""name"": ""Sales Tax"", ""max_threshold"": ""0.0000"", ""min_threshold"": ""0.0000"", ""tax_type"": 0, ""flat_tax_units"": 0, ""on_full_price"": true, ""id"": 49900337, ""tax_rate"": ""8.2500"", ""actual_tax_rate"": ""8.2500"", ""tax_table"": null, ""order_item"": ""/resources/OrderItem/48916733/"", ""fiscal_rate"": ""2"", ""local_tax_id"": 590, ""uuid"": ""ff918be3-498c-4093-90c1-07d536764a0c"", ""rounding_type"": 0, ""resource_uri"": ""/resources/AppliedTaxOrderItem/49900337/""}]",[],[],[],[],"""[]""",7c5d4e41-60c1-408e-bbd7-51d1c52b2b06,false,,,,,,,,,ab813574-abf6-4e65-ae06-4f21e39a9532,0,/resources/Product/14511/,ab813574-abf6-4e65-ae06-4f21e39a9532,,4,,0,true,true,false,,,0,false,,/enterprise/User/52540/,/enterprise/User/52540/,/resources/PosStation/1153/,2026-06-15T19:51:51,2026-06-15T19:53:45,15004430
48928872,15007150,26,14558,** 3 Finger Regular  **,** 3 Finger Regular  **,2760,Meals,1.000,2.140000,2.140000,false,2026-06-15T21:58:39,2026-06-15 21:58:39-05:00,2026-06-15T21:59:41,2026-06-15 21:59:41-05:00,52540,52540,,/resources/Product/14558/,0,2.140000,2.140000,0.176550,0.000000,2.140000,0.000000,0.000000,0.000000,,,0.000000,0.000000,0.000000,0.000000,4.730000,0.000000,0.000000,"[{""max_quantity_threshold"": 0, ""min_quantity_threshold"": 0, ""tax_amount"": ""0.1766"", ""name"": ""Sales Tax"", ""max_threshold"": ""0.0000"", ""min_threshold"": ""0.0000"", ""tax_type"": 0, ""flat_tax_units"": 0, ""on_full_price"": true, ""id"": 49912437, ""tax_rate"": ""8.2500"", ""actual_tax_rate"": ""8.2500"", ""tax_table"": null, ""order_item"": ""/resources/OrderItem/48928872/"", ""fiscal_rate"": ""2"", ""local_tax_id"": 590, ""uuid"": ""71053d33-acfb-4626-bca5-ead4083e85f5"", ""rounding_type"": 0, ""resource_uri"": ""/resources/AppliedTaxOrderItem/49912437/""}]",[],[],[],[],"""[]""",b08dbc5e-d09f-49e5-9317-e529d1fecf15,false,,,,,,,,,1365d09c-092b-4109-b0fe-f060c24c632c,0,/resources/Product/14507/,1365d09c-092b-4109-b0fe-f060c24c632c,,4,,0,true,true,false,,,0,false,,/enterprise/User/52540/,/enterprise/User/52540/,/resources/PosStation/1153/,2026-06-15T21:58:38,2026-06-15T21:59:39,15007150
48943693,15011159,26,14324,Laynes Sauce,Laynes Sauce,2730,Food,2.000,0.690000,1.380000,false,2026-06-16T11:50:03,2026-06-16 11:50:03-05:00,2026-06-16T11:55:40,2026-06-16 11:55:40-05:00,38670,38670,,/resources/Product/14324/,0,0.690000,1.380000,0.113850,0.000000,0.690000,0.000000,0.000000,0.000000,,,0.000000,0.000000,0.000000,0.000000,0.000000,0.000000,0.000000,"[{""max_quantity_threshold"": 0, ""min_quantity_threshold"": 0, ""tax_amount"": ""0.1139"", ""name"": ""Sales Tax"", ""max_threshold"": ""0.0000"", ""min_threshold"": ""0.0000"", ""tax_type"": 0, ""flat_tax_units"": 0, ""on_full_price"": true, ""id"": 49927690, ""tax_rate"": ""8.2500"", ""actual_tax_rate"": ""8.2500"", ""tax_table"": null, ""order_item"": ""/resources/OrderItem/48943693/"", ""fiscal_rate"": ""2"", ""local_tax_id"": 590, ""uuid"": ""e4d4c12f-6068-49eb-9a9a-627b4018e90d"", ""rounding_type"": 0, ""resource_uri"": ""/resources/AppliedTaxOrderItem/49927690/""}]",[],[],[],[],"""[]""",6158f8cf-7846-49fc-99e7-af237a894cc2,false,,,,,,,,,499f45f5-59a9-4f3a-8103-e87c8c159f33,0,/resources/Product/14500/,499f45f5-59a9-4f3a-8103-e87c8c159f33,,4,,0,true,true,false,,,0,false,,/enterprise/User/38670/,/enterprise/User/38670/,/resources/PosStation/1153/,2026-06-16T11:50:02,2026-06-16T11:53:55,15011159
48956924,15014119,26,14404,3 Finger Meal*,3 Finger Meal*,2744,Meals,1.000,12.710000,12.710000,false,2026-06-16T12:55:29,2026-06-16 12:55:29-05:00,2026-06-16T13:19:13,2026-06-16 13:19:13-05:00,1,38670,,/resources/Product/14404/,5,12.710000,12.710000,1.048575,0.000000,12.710000,0.000000,0.000000,0.000000,,,0.000000,0.000000,0.000000,0.000000,0.000000,0.000000,0.000000,"[{""max_quantity_threshold"": 0, ""min_quantity_threshold"": 0, ""tax_amount"": ""1.0486"", ""name"": ""Sales Tax"", ""max_threshold"": ""0.0000"", ""min_threshold"": ""0.0000"", ""tax_type"": 0, ""flat_tax_units"": 1, ""on_full_price"": true, ""id"": 49941122, ""tax_rate"": ""8.2500"", ""actual_tax_rate"": ""8.2500"", ""tax_table"": null, ""order_item"": ""/resources/OrderItem/48956924/"", ""fiscal_rate"": ""2"", ""local_tax_id"": 590, ""uuid"": ""efb10787-0f01-4ad7-a955-7d5e89840eda"", ""rounding_type"": 0, ""resource_uri"": ""/resources/AppliedTaxOrderItem/49941122/""}]",[],"[{""qty_type"": 0, ""uuid"": ""4d7f0f27-2acf-4434-93e0-770be2a4fe4a"", ""substitution_of"": null, ""no_modifier_substitute"": false, ""mod_type"": 0, ""modifier_cost"": ""0.0000"", ""qty"": ""1.0"", ""is_discounted"": false, ""split_combo_data"": {""inherited_from_parent"": false, ""combo_fraction_part"": 0, ""overriden_price"": 0}, ""modifier_price"": ""0.0"", ""order_item"": ""/resources/OrderItem/48956924/"", ""is_substituted"": false, ""modifier"": ""/resources/Modifier/18504/"", ""id"": 26857453, ""conditional_of"": null, ""resource_uri"": ""/resources/ModifierItem/26857453/""}, {""qty_type"": 0, ""uuid"": ""15553794-6680-495c-8008-28c2e6820d67"", ""substitution_of"": null, ""no_modifier_substitute"": false, ""mod_type"": 0, ""modifier_cost"": ""0.0000"", ""qty"": ""1.0"", ""is_discounted"": false, ""split_combo_data"": {""inherited_from_parent"": false, ""combo_fraction_part"": 0, ""overriden_price"": 0}, ""modifier_price"": ""0.0"", ""order_item"": ""/resources/OrderItem/48956924/"", ""is_substituted"": false, ""modifier"": ""/resources/Modifier/18503/"", ""id"": 26857454, ""conditional_of"": null, ""resource_uri"": ""/resources/ModifierItem/26857454/""}, {""qty_type"": 0, ""uuid"": ""e411e229-3007-4ed0-9811-a1bc0d799bb0"", ""substitution_of"": null, ""no_modifier_substitute"": false, ""mod_type"": 0, ""modifier_cost"": ""0.0000"", ""qty"": ""1.0"", ""is_discounted"": false, ""split_combo_data"": {""inherited_from_parent"": false, ""combo_fraction_part"": 0, ""overriden_price"": 0}, ""modifier_price"": ""0.0"", ""order_item"": ""/resources/OrderItem/48956924/"", ""is_substituted"": false, ""modifier"": ""/resources/Modifier/18502/"", ""id"": 26857455, ""conditional_of"": null, ""resource_uri"": ""/resources/ModifierItem/26857455/""}, {""qty_type"": 0, ""uuid"": ""b946970c-ac48-4be5-a64b-6397a7aed702"", ""substitution_of"": null, ""no_modifier_substitute"": false, ""mod_type"": 0, ""modifier_cost"": ""0.0000"", ""qty"": ""1.0"", ""is_discounted"": false, ""split_combo_data"": {""inherited_from_parent"": false, ""combo_fraction_part"": 0, ""overriden_price"": 0}, ""modifier_price"": ""0.0"", ""order_item"": ""/resources/OrderItem/48956924/"", ""is_substituted"": false, ""modifier"": ""/resources/Modifier/18500/"", ""id"": 26857456, ""conditional_of"": null, ""resource_uri"": ""/resources/ModifierItem/26857456/""}, {""qty_type"": 0, ""uuid"": ""06d3484a-addb-4f7b-bc95-e5c41fd082a7"", ""substitution_of"": null, ""no_modifier_substitute"": false, ""mod_type"": 0, ""modifier_cost"": ""0.0000"", ""qty"": ""1.0"", ""is_discounted"": false, ""split_combo_data"": {""inherited_from_parent"": false, ""combo_fraction_part"": 0, ""overriden_price"": 0}, ""modifier_price"": ""0.0"", ""order_item"": ""/resources/OrderItem/48956924/"", ""is_substituted"": false, ""modifier"": ""/resources/Modifier/18489/"", ""id"": 26857457, ""conditional_of"": null, ""resource_uri"": ""/resources/ModifierItem/26857457/""}]",[],[],"""[]""",2ae4e410-525c-4825-837a-cb619915fd99,false,,,,,,,,,,0,,,,100,,0,true,true,false,,,0,false,Unit,/enterprise/User/1/,/enterprise/User/38670/,/resources/PosStation/1150/,2026-06-16T12:55:32,2026-06-16T13:19:11,76d83c84
48967948,15016568,26,14324,Laynes Sauce,Laynes Sauce,2730,Food,2.000,0.690000,1.380000,false,2026-06-16T14:08:35,2026-06-16 14:08:35-05:00,2026-06-16T14:14:45,2026-06-16 14:14:45-05:00,38670,38670,,/resources/Product/14324/,0,0.690000,1.380000,0.113850,0.000000,0.690000,0.000000,0.000000,0.000000,,,0.000000,0.000000,0.000000,0.000000,0.000000,0.000000,0.000000,"[{""max_quantity_threshold"": 0, ""min_quantity_threshold"": 0, ""tax_amount"": ""0.1139"", ""name"": ""Sales Tax"", ""max_threshold"": ""0.0000"", ""min_threshold"": ""0.0000"", ""tax_type"": 0, ""flat_tax_units"": 0, ""on_full_price"": true, ""id"": 49952301, ""tax_rate"": ""8.2500"", ""actual_tax_rate"": ""8.2500"", ""tax_table"": null, ""order_item"": ""/resources/OrderItem/48967948/"", ""fiscal_rate"": ""2"", ""local_tax_id"": 590, ""uuid"": ""d9da3d1c-16d1-45ef-b40c-6cb9947e2903"", ""rounding_type"": 0, ""resource_uri"": ""/resources/AppliedTaxOrderItem/49952301/""}]",[],[],[],[],"""[]""",c06edf0f-b66f-4cb0-b0b1-27dfbc2940ed,false,,,,,,,,,faaac828-51cf-4fa8-b9c1-9ef0f40b1e9c,0,/resources/Product/14500/,faaac828-51cf-4fa8-b9c1-9ef0f40b1e9c,,4,,0,true,true,false,,,0,false,,/enterprise/User/38670/,/enterprise/User/38670/,/resources/PosStation/1153/,2026-06-16T14:08:34,2026-06-16T14:14:43,15016568
48986713,15021218,26,14320,Chicken Finger A la Carte,Chicken Finger A la Carte,2730,Food,3.000,2.290000,6.870000,false,2026-06-16T17:12:45,2026-06-16 17:12:45-05:00,2026-06-16T17:19:22,2026-06-16 17:19:22-05:00,38670,38670,,/resources/Product/14320/,1,2.290000,6.870000,0.566775,0.000000,2.290000,0.000000,0.000000,0.000000,,,0.000000,0.000000,0.000000,0.000000,0.000000,0.000000,0.000000,"[{""max_quantity_threshold"": 0, ""min_quantity_threshold"": 0, ""tax_amount"": ""0.5668"", ""name"": ""Sales Tax"", ""max_threshold"": ""0.0000"", ""min_threshold"": ""0.0000"", ""tax_type"": 0, ""flat_tax_units"": 0, ""on_full_price"": true, ""id"": 49971512, ""tax_rate"": ""8.2500"", ""actual_tax_rate"": ""8.2500"", ""tax_table"": null, ""order_item"": ""/resources/OrderItem/48986713/"", ""fiscal_rate"": ""2"", ""local_tax_id"": 590, ""uuid"": ""bbcea84a-0033-44d6-8082-046931ab3905"", ""rounding_type"": 0, ""resource_uri"": ""/resources/AppliedTaxOrderItem/49971512/""}]",[],"[{""qty_type"": 0, ""uuid"": ""8b19a461-8e09-43f3-876b-ac9b89ebabca"", ""substitution_of"": null, ""no_modifier_substitute"": false, ""mod_type"": 0, ""modifier_cost"": ""0.0000"", ""qty"": ""1.0"", ""is_discounted"": false, ""split_combo_data"": {""inherited_from_parent"": false, ""combo_fraction_part"": 0, ""overriden_price"": 0}, ""modifier_price"": ""0.0"", ""order_item"": ""/resources/OrderItem/48986713/"", ""is_substituted"": false, ""modifier"": ""/resources/Modifier/18515/"", ""id"": 26862816, ""conditional_of"": null, ""resource_uri"": ""/resources/ModifierItem/26862816/""}]",[],[],"""[]""",6c2b5565-cf88-41fc-8f81-b01c45a1d987,false,,,,,,,,,,0,,,,4,,0,true,true,false,,,0,false,,/enterprise/User/38670/,/enterprise/User/38670/,/resources/PosStation/1153/,2026-06-16T17:12:44,2026-06-16T17:19:20,15021218
48999251,15023713,26,14324,Laynes Sauce,Laynes Sauce,2730,Food,1.000,0.690000,0.690000,false,2026-06-16T18:44:15,2026-06-16 18:44:15-05:00,2026-06-16T18:48:17,2026-06-16 18:48:17-05:00,75716,84406,,/resources/Product/14324/,0,0.690000,0.690000,0.056925,0.000000,0.690000,0.000000,0.000000,0.000000,,,0.000000,0.000000,0.000000,0.000000,0.000000,0.000000,0.000000,"[{""max_quantity_threshold"": 0, ""min_quantity_threshold"": 0, ""tax_amount"": ""0.0569"", ""name"": ""Sales Tax"", ""max_threshold"": ""0.0000"", ""min_threshold"": ""0.0000"", ""tax_type"": 0, ""flat_tax_units"": 0, ""on_full_price"": true, ""id"": 49984174, ""tax_rate"": ""8.2500"", ""actual_tax_rate"": ""8.2500"", ""tax_table"": null, ""order_item"": ""/resources/OrderItem/48999251/"", ""fiscal_rate"": ""2"", ""local_tax_id"": 590, ""uuid"": ""f85fc4a0-a899-4b3a-ba95-3b52c85ed284"", ""rounding_type"": 0, ""resource_uri"": ""/resources/AppliedTaxOrderItem/49984174/""}]",[],[],[],[],"""[]""",b9186117-d95f-4b47-930f-99b3ff6c6ec6,false,,,,,,,,,a47d435d-4af7-49c5-8d88-1de6bc85b0bb,0,/resources/Product/14511/,a47d435d-4af7-49c5-8d88-1de6bc85b0bb,,4,,0,true,true,false,,,0,false,,/enterprise/User/75716/,/enterprise/User/84406/,/resources/PosStation/1153/,2026-06-16T18:44:15,2026-06-16T18:48:15,15023713
49021137,15028349,26,14524,Toast,Toast,2758,Toast Choice,1.000,1.090000,1.090000,false,2026-06-16T21:29:55,2026-06-16 21:29:55-05:00,2026-06-16T21:36:37,2026-06-16 21:36:37-05:00,75716,84406,,/resources/Product/14524/,0,1.090000,1.090000,0.089925,0.000000,1.090000,0.000000,0.000000,0.000000,,,0.000000,0.000000,0.000000,0.000000,0.000000,0.000000,0.000000,"[{""max_quantity_threshold"": 0, ""min_quantity_threshold"": 0, ""tax_amount"": ""0.0899"", ""name"": ""Sales Tax"", ""max_threshold"": ""0.0000"", ""min_threshold"": ""0.0000"", ""tax_type"": 0, ""flat_tax_units"": 0, ""on_full_price"": true, ""id"": 50006189, ""tax_rate"": ""8.2500"", ""actual_tax_rate"": ""8.2500"", ""tax_table"": null, ""order_item"": ""/resources/OrderItem/49021137/"", ""fiscal_rate"": ""2"", ""local_tax_id"": 590, ""uuid"": ""666c24d6-ee64-49cc-92ac-6c5b32e4ff3e"", ""rounding_type"": 0, ""resource_uri"": ""/resources/AppliedTaxOrderItem/50006189/""}]",[],[],[],[],"""[]""",559e770a-a358-4874-8d28-34442f34587f,false,,,,,,,,,1f183e14-284f-4b42-bb83-3115eb2f0c89,0,/resources/Product/14507/,1f183e14-284f-4b42-bb83-3115eb2f0c89,,4,,0,true,true,false,,,0,false,,/enterprise/User/75716/,/enterprise/User/84406/,/resources/PosStation/1153/,2026-06-16T21:29:54,2026-06-16T21:36:35,15028349
49031162,15031061,26,14524,Toast,Toast,2758,Toast Choice,1.000,1.090000,1.090000,false,2026-06-17T10:16:41,2026-06-17 10:16:41-05:00,2026-06-17T10:20:45,2026-06-17 10:20:45-05:00,75716,35616,,/resources/Product/14524/,0,1.090000,1.090000,0.089925,0.000000,1.090000,0.000000,0.000000,0.000000,,,0.000000,0.000000,0.000000,0.000000,0.000000,0.000000,0.000000,"[{""max_quantity_threshold"": 0, ""min_quantity_threshold"": 0, ""tax_amount"": ""0.0899"", ""name"": ""Sales Tax"", ""max_threshold"": ""0.0000"", ""min_threshold"": ""0.0000"", ""tax_type"": 0, ""flat_tax_units"": 0, ""on_full_price"": true, ""id"": 50016229, ""tax_rate"": ""8.2500"", ""actual_tax_rate"": ""8.2500"", ""tax_table"": null, ""order_item"": ""/resources/OrderItem/49031162/"", ""fiscal_rate"": ""2"", ""local_tax_id"": 590, ""uuid"": ""8c9c1df0-70c8-49b2-bebd-05548c9760b0"", ""rounding_type"": 0, ""resource_uri"": ""/resources/AppliedTaxOrderItem/50016229/""}]",[],[],[],[],"""[]""",fd3ba777-5f58-4584-9bba-bba9ffa417a0,false,,,,,,,,,a6b383a8-a3ee-4663-87e2-6f8c3cfdf588,0,/resources/Product/14507/,a6b383a8-a3ee-4663-87e2-6f8c3cfdf588,,4,,0,true,true,false,,,0,false,,/enterprise/User/75716/,/enterprise/User/35616/,/resources/PosStation/1153/,2026-06-17T10:16:42,2026-06-17T10:20:42,15031061
49047505,15034809,26,14559,** 3 Finger Spicy **,** 3 Finger Spicy **,2760,Meals,1.000,2.630000,2.630000,false,2026-06-17T12:17:04,2026-06-17 12:17:04-05:00,2026-06-17T12:17:17,2026-06-17 12:17:17-05:00,80870,80870,,/resources/Product/14559/,0,2.630000,2.630000,0.216975,0.000000,2.630000,0.000000,0.000000,0.000000,,,0.000000,0.000000,0.000000,0.000000,4.240000,0.000000,0.000000,"[{""max_quantity_threshold"": 0, ""min_quantity_threshold"": 0, ""tax_amount"": ""0.2170"", ""name"": ""Sales Tax"", ""max_threshold"": ""0.0000"", ""min_threshold"": ""0.0000"", ""tax_type"": 0, ""flat_tax_units"": 0, ""on_full_price"": true, ""id"": 50033135, ""tax_rate"": ""8.2500"", ""actual_tax_rate"": ""8.2500"", ""tax_table"": null, ""order_item"": ""/resources/OrderItem/49047505/"", ""fiscal_rate"": ""2"", ""local_tax_id"": 590, ""uuid"": ""0e8324b3-2339-400a-bd6b-084b22b625ed"", ""rounding_type"": 0, ""resource_uri"": ""/resources/AppliedTaxOrderItem/50033135/""}]",[],[],[],[],"""[]""",a30ada57-7124-46b2-923c-06ab58e2b3c0,false,,,,,,,,,54cbf93b-8147-462b-8612-c3fe1a38f681,0,/resources/Product/14507/,54cbf93b-8147-462b-8612-c3fe1a38f681,,1,,0,true,true,false,,,0,false,,/enterprise/User/80870/,/enterprise/User/80870/,/resources/PosStation/1157/,2026-06-17T12:17:03,2026-06-17T12:17:05,15034809
49068586,15039505,26,14535,Fries,Fries,2759,Fries - Choice,1.000,2.690000,2.690000,false,2026-06-17T14:17:58,2026-06-17 14:17:58-05:00,2026-06-17T14:19:58,2026-06-17 14:19:58-05:00,35616,35616,35616,/resources/Product/14535/,0,2.690000,2.690000,0.221925,0.000000,2.690000,0.000000,0.000000,0.000000,,,0.000000,0.000000,0.000000,0.000000,0.000000,0.000000,0.000000,"[{""max_quantity_threshold"": 0, ""min_quantity_threshold"": 0, ""tax_amount"": ""0.2219"", ""name"": ""Sales Tax"", ""max_threshold"": ""0.0000"", ""min_threshold"": ""0.0000"", ""tax_type"": 0, ""flat_tax_units"": 0, ""on_full_price"": true, ""id"": 50054527, ""tax_rate"": ""8.2500"", ""actual_tax_rate"": ""8.2500"", ""tax_table"": null, ""order_item"": ""/resources/OrderItem/49068586/"", ""fiscal_rate"": ""2"", ""local_tax_id"": 590, ""uuid"": ""91583c92-f519-464a-858b-296ccb4573bd"", ""rounding_type"": 0, ""resource_uri"": ""/resources/AppliedTaxOrderItem/50054527/""}]",[],[],[],[],"""[]""",a55c3c0e-c33d-449d-85fc-cff3e01911c6,false,,,2026-06-17T14:19:58,/enterprise/User/35616/,System mistake card whent thru more than once,a55c3c0e-c33d-449d-85fc-cff3e01911c6,,,2aa4596b-7794-4693-8dc9-ac2a4c72e066,0,/resources/Product/14500/,2aa4596b-7794-4693-8dc9-ac2a4c72e066,,1,,0,true,true,false,,,0,false,,/enterprise/User/35616/,/enterprise/User/35616/,/resources/PosStation/1157/,2026-06-17T14:17:57,2026-06-17T14:19:15,15039505
49086527,15043974,26,14317,** Sandwich **,** Sandwich **,2730,Food,1.000,8.290000,8.290000,false,2026-06-17T17:06:14,2026-06-17 17:06:14-05:00,2026-06-17T17:08:41,2026-06-17 17:08:41-05:00,75716,35616,,/resources/Product/14317/,2,8.290000,8.290000,0.683925,0.000000,8.290000,0.000000,0.000000,0.000000,,,0.000000,0.000000,0.000000,0.000000,0.000000,0.000000,0.000000,"[{""max_quantity_threshold"": 0, ""min_quantity_threshold"": 0, ""tax_amount"": ""0.6839"", ""name"": ""Sales Tax"", ""max_threshold"": ""0.0000"", ""min_threshold"": ""0.0000"", ""tax_type"": 0, ""flat_tax_units"": 0, ""on_full_price"": true, ""id"": 50072923, ""tax_rate"": ""8.2500"", ""actual_tax_rate"": ""8.2500"", ""tax_table"": null, ""order_item"": ""/resources/OrderItem/49086527/"", ""fiscal_rate"": ""2"", ""local_tax_id"": 590, ""uuid"": ""d2668fb1-30c2-487d-be5b-b3c176959ed3"", ""rounding_type"": 0, ""resource_uri"": ""/resources/AppliedTaxOrderItem/50072923/""}]",[],"[{""qty_type"": 0, ""uuid"": ""a7116417-4607-46d7-8503-ce1a58258c05"", ""substitution_of"": null, ""no_modifier_substitute"": false, ""mod_type"": 0, ""modifier_cost"": ""0.0000"", ""qty"": ""1.0"", ""is_discounted"": false, ""split_combo_data"": {""inherited_from_parent"": false, ""combo_fraction_part"": 0, ""overriden_price"": 0}, ""modifier_price"": ""0.0"", ""order_item"": ""/resources/OrderItem/49086527/"", ""is_substituted"": false, ""modifier"": ""/resources/Modifier/18515/"", ""id"": 26881148, ""conditional_of"": null, ""resource_uri"": ""/resources/ModifierItem/26881148/""}, {""qty_type"": 0, ""uuid"": ""a519565a-2897-4ca2-9a89-883cf64ae125"", ""substitution_of"": null, ""no_modifier_substitute"": false, ""mod_type"": 0, ""modifier_cost"": ""0.0000"", ""qty"": ""1.0"", ""is_discounted"": false, ""split_combo_data"": {""inherited_from_parent"": false, ""combo_fraction_part"": 0, ""overriden_price"": 0}, ""modifier_price"": ""0.0"", ""order_item"": ""/resources/OrderItem/49086527/"", ""is_substituted"": false, ""modifier"": ""/resources/Modifier/18307/"", ""id"": 26881149, ""conditional_of"": null, ""resource_uri"": ""/resources/ModifierItem/26881149/""}]",[],[],"""[]""",f40ccefe-f155-4d1f-8bf4-25e908492a50,false,,,,,,,,,,0,,,,4,,0,true,true,false,,,0,false,,/enterprise/User/75716/,/enterprise/User/35616/,/resources/PosStation/1153/,2026-06-17T17:06:13,2026-06-17T17:08:05,15043974
49100246,15046783,26,14490,Regular Dr Pepper,Regular Dr Pepper,2735,Drinks,1.000,2.690000,2.690000,false,2026-06-17T18:35:06,2026-06-17 18:35:06-05:00,2026-06-17T18:36:19,2026-06-17 18:36:19-05:00,75716,75716,,/resources/Product/14490/,0,2.690000,2.690000,0.221925,0.000000,2.690000,0.000000,0.000000,0.000000,,,0.000000,0.000000,0.000000,0.000000,0.000000,0.000000,0.000000,"[{""max_quantity_threshold"": 0, ""min_quantity_threshold"": 0, ""tax_amount"": ""0.2219"", ""name"": ""Sales Tax"", ""max_threshold"": ""0.0000"", ""min_threshold"": ""0.0000"", ""tax_type"": 0, ""flat_tax_units"": 0, ""on_full_price"": true, ""id"": 50086826, ""tax_rate"": ""8.2500"", ""actual_tax_rate"": ""8.2500"", ""tax_table"": null, ""order_item"": ""/resources/OrderItem/49100246/"", ""fiscal_rate"": ""2"", ""local_tax_id"": 590, ""uuid"": ""b99f470b-0e3f-4d56-9fb2-319e72c79921"", ""rounding_type"": 0, ""resource_uri"": ""/resources/AppliedTaxOrderItem/50086826/""}]",[],[],[],[],"""[]""",78639ccb-cd95-4628-8c83-141f25069bbd,false,,,,,,,,,f87176f7-921f-4704-8656-da4cfed4fd91,0,/resources/Product/14511/,f87176f7-921f-4704-8656-da4cfed4fd91,,4,,0,true,true,false,,,0,false,,/enterprise/User/75716/,/enterprise/User/75716/,/resources/PosStation/1153/,2026-06-17T18:35:05,2026-06-17T18:35:15,15046783
49123796,15051307,26,14455,Large Arnold Palmer,Large Arnold Palmer,2735,Drinks,1.000,3.690000,3.690000,false,2026-06-17T21:14:06,2026-06-17 21:14:06-05:00,2026-06-17T21:20:10,2026-06-17 21:20:10-05:00,52540,75716,,/resources/Product/14455/,0,3.690000,3.690000,0.304425,0.000000,3.690000,0.000000,0.000000,0.000000,,,0.000000,0.000000,0.000000,0.000000,0.000000,0.000000,0.510000,"[{""max_quantity_threshold"": 0, ""min_quantity_threshold"": 0, ""tax_amount"": ""0.3044"", ""name"": ""Sales Tax"", ""max_threshold"": ""0.0000"", ""min_threshold"": ""0.0000"", ""tax_type"": 0, ""flat_tax_units"": 0, ""on_full_price"": true, ""id"": 50110644, ""tax_rate"": ""8.2500"", ""actual_tax_rate"": ""8.2500"", ""tax_table"": null, ""order_item"": ""/resources/OrderItem/49123796/"", ""fiscal_rate"": ""2"", ""local_tax_id"": 590, ""uuid"": ""2627ecab-e87c-4bcb-ae54-a6daf3387dec"", ""rounding_type"": 0, ""resource_uri"": ""/resources/AppliedTaxOrderItem/50110644/""}]",[],[],[],[],"""[]""",d4c5f180-8038-4c32-9f30-b735c7a68a5a,false,,,,,,,,,57e5c861-ad11-42c1-bac5-f618c741efff,0,/resources/Product/14507/,57e5c861-ad11-42c1-bac5-f618c741efff,,4,,0,true,true,false,,,0,false,,/enterprise/User/52540/,/enterprise/User/75716/,/resources/PosStation/1153/,2026-06-17T21:14:05,2026-06-17T21:20:08,15051307
49134680,15054133,26,14488,Regular Root Beer,Regular Root Beer,2735,Drinks,1.000,2.690000,2.690000,false,2026-06-17T23:53:59,2026-06-17 23:53:59-05:00,2026-06-17T23:56:08,2026-06-17 23:56:08-05:00,52540,75716,,/resources/Product/14488/,0,2.690000,2.690000,0.221925,0.000000,2.690000,0.000000,0.000000,0.000000,,,0.000000,0.000000,0.000000,0.000000,0.000000,0.000000,0.000000,"[{""max_quantity_threshold"": 0, ""min_quantity_threshold"": 0, ""tax_amount"": ""0.2219"", ""name"": ""Sales Tax"", ""max_threshold"": ""0.0000"", ""min_threshold"": ""0.0000"", ""tax_type"": 0, ""flat_tax_units"": 0, ""on_full_price"": true, ""id"": 50121442, ""tax_rate"": ""8.2500"", ""actual_tax_rate"": ""8.2500"", ""tax_table"": null, ""order_item"": ""/resources/OrderItem/49134680/"", ""fiscal_rate"": ""2"", ""local_tax_id"": 590, ""uuid"": ""15a82943-a85b-4725-935c-7613e635c754"", ""rounding_type"": 0, ""resource_uri"": ""/resources/AppliedTaxOrderItem/50121442/""}]",[],[],[],[],"""[]""",5cd4f19a-86a9-4fa3-9468-beb2e15f6c20,false,,,,,,,,,583dab70-894f-41ca-b22d-eff4eb67773b,0,/resources/Product/14511/,583dab70-894f-41ca-b22d-eff4eb67773b,,4,,0,true,true,false,,,0,false,,/enterprise/User/52540/,/enterprise/User/75716/,/resources/PosStation/1153/,2026-06-17T23:53:58,2026-06-17T23:56:05,15054133
49153424,15058824,26,14324,Laynes Sauce,Laynes Sauce,2730,Food,1.000,0.690000,0.690000,false,2026-06-18T12:21:34,2026-06-18 12:21:34-05:00,2026-06-18T12:27:33,2026-06-18 12:27:33-05:00,35616,35616,,/resources/Product/14324/,0,0.690000,0.690000,0.056925,0.000000,0.690000,0.000000,0.000000,0.000000,,,0.000000,0.000000,0.000000,0.000000,0.000000,0.000000,0.000000,"[{""max_quantity_threshold"": 0, ""min_quantity_threshold"": 0, ""tax_amount"": ""0.0569"", ""name"": ""Sales Tax"", ""max_threshold"": ""0.0000"", ""min_threshold"": ""0.0000"", ""tax_type"": 0, ""flat_tax_units"": 0, ""on_full_price"": true, ""id"": 50140788, ""tax_rate"": ""8.2500"", ""actual_tax_rate"": ""8.2500"", ""tax_table"": null, ""order_item"": ""/resources/OrderItem/49153424/"", ""fiscal_rate"": ""2"", ""local_tax_id"": 590, ""uuid"": ""81d4c0f2-98ee-44f5-a4b0-5abd4924fe53"", ""rounding_type"": 0, ""resource_uri"": ""/resources/AppliedTaxOrderItem/50140788/""}]",[],[],[],[],"""[]""",ce22c157-4dec-4e93-b481-9d23e91166b3,false,,,,,,,,,31e91367-0183-447c-a4ed-7814f5f2db61,0,/resources/Product/14507/,31e91367-0183-447c-a4ed-7814f5f2db61,,1,,0,true,true,false,,,0,false,,/enterprise/User/35616/,/enterprise/User/35616/,/resources/PosStation/1157/,2026-06-18T12:21:32,2026-06-18T12:27:31,15058824
49175401,15063751,26,14548,** 5 Finger Spicy **,** 5 Finger Spicy **,2760,Meals,1.000,5.940000,5.940000,false,2026-06-18T14:22:59,2026-06-18 14:22:59-05:00,2026-06-18T14:23:43,2026-06-18 14:23:43-05:00,35616,38670,,/resources/Product/14548/,0,5.940000,5.940000,0.490050,0.000000,5.940000,0.000000,0.000000,0.000000,,,0.000000,0.000000,0.000000,0.000000,5.510000,0.000000,0.000000,"[{""max_quantity_threshold"": 0, ""min_quantity_threshold"": 0, ""tax_amount"": ""0.4900"", ""name"": ""Sales Tax"", ""max_threshold"": ""0.0000"", ""min_threshold"": ""0.0000"", ""tax_type"": 0, ""flat_tax_units"": 0, ""on_full_price"": true, ""id"": 50163164, ""tax_rate"": ""8.2500"", ""actual_tax_rate"": ""8.2500"", ""tax_table"": null, ""order_item"": ""/resources/OrderItem/49175401/"", ""fiscal_rate"": ""2"", ""local_tax_id"": 590, ""uuid"": ""9c3e9ec8-5ba3-4d1d-91c7-bc01d74fdf12"", ""rounding_type"": 0, ""resource_uri"": ""/resources/AppliedTaxOrderItem/50163164/""}]",[],[],[],[],"""[]""",1929318c-1013-48d3-8d68-e898f84e9f1a,false,,,,,,,,,52482363-c77c-4518-89cc-cb1d4a9246ae,0,/resources/Product/14500/,52482363-c77c-4518-89cc-cb1d4a9246ae,,4,,0,true,true,false,,,0,false,,/enterprise/User/35616/,/enterprise/User/38670/,/resources/PosStation/1153/,2026-06-18T14:22:57,2026-06-18T14:23:41,15063751
49194592,15068555,26,14535,Fries,Fries,2759,Fries - Choice,1.000,2.690000,2.690000,false,2026-06-18T17:23:07,2026-06-18 17:23:07-05:00,2026-06-18T17:28:17,2026-06-18 17:28:17-05:00,38670,35616,,/resources/Product/14535/,0,2.690000,2.690000,0.221925,0.000000,2.690000,0.000000,0.000000,0.000000,,,0.000000,0.000000,0.000000,0.000000,0.000000,0.000000,0.000000,"[{""max_quantity_threshold"": 0, ""min_quantity_threshold"": 0, ""tax_amount"": ""0.2219"", ""name"": ""Sales Tax"", ""max_threshold"": ""0.0000"", ""min_threshold"": ""0.0000"", ""tax_type"": 0, ""flat_tax_units"": 0, ""on_full_price"": true, ""id"": 50182762, ""tax_rate"": ""8.2500"", ""actual_tax_rate"": ""8.2500"", ""tax_table"": null, ""order_item"": ""/resources/OrderItem/49194592/"", ""fiscal_rate"": ""2"", ""local_tax_id"": 590, ""uuid"": ""5f9b1a6f-a8a7-4800-9472-f9dd16b115d3"", ""rounding_type"": 0, ""resource_uri"": ""/resources/AppliedTaxOrderItem/50182762/""}]",[],[],[],[],"""[]""",e5215e2e-17bd-40f4-a44f-8673101aa4be,false,,,,,,,,,e3857251-28ab-451d-9be4-4913029ddcf6,0,/resources/Product/14511/,e3857251-28ab-451d-9be4-4913029ddcf6,,4,,0,true,true,false,,,0,false,,/enterprise/User/38670/,/enterprise/User/35616/,/resources/PosStation/1153/,2026-06-18T17:23:05,2026-06-18T17:28:14,15068555
49205574,15070787,26,14347,** Cookie **,** Cookie **,2730,Food,1.000,2.990000,2.990000,false,2026-06-18T18:28:50,2026-06-18 18:28:50-05:00,2026-06-18T18:40:37,2026-06-18 18:40:37-05:00,38670,38670,,/resources/Product/14347/,1,2.990000,2.990000,0.246675,0.000000,2.990000,0.000000,0.000000,0.000000,,,0.000000,0.000000,0.000000,0.000000,0.000000,0.000000,0.000000,"[{""max_quantity_threshold"": 0, ""min_quantity_threshold"": 0, ""tax_amount"": ""0.2467"", ""name"": ""Sales Tax"", ""max_threshold"": ""0.0000"", ""min_threshold"": ""0.0000"", ""tax_type"": 0, ""flat_tax_units"": 0, ""on_full_price"": true, ""id"": 50194063, ""tax_rate"": ""8.2500"", ""actual_tax_rate"": ""8.2500"", ""tax_table"": null, ""order_item"": ""/resources/OrderItem/49205574/"", ""fiscal_rate"": ""2"", ""local_tax_id"": 590, ""uuid"": ""33d6fa5f-1a72-40bc-9e33-89c26929a2e6"", ""rounding_type"": 0, ""resource_uri"": ""/resources/AppliedTaxOrderItem/50194063/""}]",[],"[{""qty_type"": 0, ""uuid"": ""d49a7314-5106-4366-b46a-fce1ef8ea91d"", ""substitution_of"": null, ""no_modifier_substitute"": false, ""mod_type"": 0, ""modifier_cost"": ""0.0000"", ""qty"": ""1.0"", ""is_discounted"": false, ""split_combo_data"": {""inherited_from_parent"": false, ""combo_fraction_part"": 0, ""overriden_price"": 0}, ""modifier_price"": ""0.0"", ""order_item"": ""/resources/OrderItem/49205574/"", ""is_substituted"": false, ""modifier"": ""/resources/Modifier/18529/"", ""id"": 26904044, ""conditional_of"": null, ""resource_uri"": ""/resources/ModifierItem/26904044/""}]",[],[],"""[]""",736e130f-a370-4acf-ad32-fd691b632b8d,false,,,,,,,,,,0,,,,0,,0,true,true,false,,,0,false,,/enterprise/User/38670/,/enterprise/User/38670/,/resources/PosStation/1157/,2026-06-18T18:28:48,2026-06-18T18:40:35,15070787
49221145,15073788,26,14535,Fries,Fries,2759,Fries - Choice,1.000,2.690000,2.690000,false,2026-06-18T19:57:54,2026-06-18 19:57:54-05:00,2026-06-18T20:01:06,2026-06-18 20:01:06-05:00,38670,84406,,/resources/Product/14535/,0,2.690000,2.690000,0.221925,0.000000,2.690000,0.000000,0.000000,0.000000,,,0.000000,0.000000,0.000000,0.000000,0.000000,0.000000,0.000000,"[{""max_quantity_threshold"": 0, ""min_quantity_threshold"": 0, ""tax_amount"": ""0.2219"", ""name"": ""Sales Tax"", ""max_threshold"": ""0.0000"", ""min_threshold"": ""0.0000"", ""tax_type"": 0, ""flat_tax_units"": 0, ""on_full_price"": true, ""id"": 50209901, ""tax_rate"": ""8.2500"", ""actual_tax_rate"": ""8.2500"", ""tax_table"": null, ""order_item"": ""/resources/OrderItem/49221145/"", ""fiscal_rate"": ""2"", ""local_tax_id"": 590, ""uuid"": ""1db1a72a-97b6-402c-a95d-bf8b8c16571c"", ""rounding_type"": 0, ""resource_uri"": ""/resources/AppliedTaxOrderItem/50209901/""}]",[],[],[],[],"""[]""",3e5971ec-8c80-4bf7-aea1-0bda731523a2,false,,,,,,,,,5a6167d2-aef8-4462-a6d1-30ccc73c3ddc,0,/resources/Product/14507/,5a6167d2-aef8-4462-a6d1-30ccc73c3ddc,,4,,0,true,true,false,,,0,false,,/enterprise/User/38670/,/enterprise/User/84406/,/resources/PosStation/1153/,2026-06-18T19:57:52,2026-06-18T20:01:03,15073788
49241266,15078472,26,14405,4 Finger Meal*,4 Finger Meal*,2744,Meals,1.000,15.320000,15.320000,false,2026-06-18T23:03:51,2026-06-18 23:03:51-05:00,2026-06-18T23:06:40,2026-06-18 23:06:40-05:00,1,38670,,/resources/Product/14405/,5,15.320000,15.320000,1.263900,0.000000,15.320000,0.000000,0.000000,0.000000,,,0.000000,0.000000,0.000000,0.000000,0.000000,0.000000,0.000000,"[{""max_quantity_threshold"": 0, ""min_quantity_threshold"": 0, ""tax_amount"": ""1.2639"", ""name"": ""Sales Tax"", ""max_threshold"": ""0.0000"", ""min_threshold"": ""0.0000"", ""tax_type"": 0, ""flat_tax_units"": 1, ""on_full_price"": true, ""id"": 50229942, ""tax_rate"": ""8.2500"", ""actual_tax_rate"": ""8.2500"", ""tax_table"": null, ""order_item"": ""/resources/OrderItem/49241266/"", ""fiscal_rate"": ""2"", ""local_tax_id"": 590, ""uuid"": ""27b6ece3-8309-4cfc-82f2-64da826a7476"", ""rounding_type"": 0, ""resource_uri"": ""/resources/AppliedTaxOrderItem/50229942/""}]",[],"[{""qty_type"": 0, ""uuid"": ""98a75d33-3fe8-4a21-be86-08fb69af95c0"", ""substitution_of"": null, ""no_modifier_substitute"": false, ""mod_type"": 0, ""modifier_cost"": ""0.0000"", ""qty"": ""1.0"", ""is_discounted"": false, ""split_combo_data"": {""inherited_from_parent"": false, ""combo_fraction_part"": 0, ""overriden_price"": 0}, ""modifier_price"": ""0.0"", ""order_item"": ""/resources/OrderItem/49241266/"", ""is_substituted"": false, ""modifier"": ""/resources/Modifier/18504/"", ""id"": 26911888, ""conditional_of"": null, ""resource_uri"": ""/resources/ModifierItem/26911888/""}, {""qty_type"": 0, ""uuid"": ""34629a4c-6012-4a9b-995e-be66114e7bf9"", ""substitution_of"": null, ""no_modifier_substitute"": false, ""mod_type"": 0, ""modifier_cost"": ""0.0000"", ""qty"": ""1.0"", ""is_discounted"": false, ""split_combo_data"": {""inherited_from_parent"": false, ""combo_fraction_part"": 0, ""overriden_price"": 0}, ""modifier_price"": ""0.0"", ""order_item"": ""/resources/OrderItem/49241266/"", ""is_substituted"": false, ""modifier"": ""/resources/Modifier/18503/"", ""id"": 26911889, ""conditional_of"": null, ""resource_uri"": ""/resources/ModifierItem/26911889/""}, {""qty_type"": 0, ""uuid"": ""bc1d2b12-9c48-4e23-813f-32b8780d5132"", ""substitution_of"": null, ""no_modifier_substitute"": false, ""mod_type"": 0, ""modifier_cost"": ""0.0000"", ""qty"": ""1.0"", ""is_discounted"": false, ""split_combo_data"": {""inherited_from_parent"": false, ""combo_fraction_part"": 0, ""overriden_price"": 0}, ""modifier_price"": ""0.0"", ""order_item"": ""/resources/OrderItem/49241266/"", ""is_substituted"": false, ""modifier"": ""/resources/Modifier/18501/"", ""id"": 26911890, ""conditional_of"": null, ""resource_uri"": ""/resources/ModifierItem/26911890/""}, {""qty_type"": 0, ""uuid"": ""679dfb3b-c519-4145-80a2-15ca5b353da3"", ""substitution_of"": null, ""no_modifier_substitute"": false, ""mod_type"": 0, ""modifier_cost"": ""0.0000"", ""qty"": ""1.0"", ""is_discounted"": false, ""split_combo_data"": {""inherited_from_parent"": false, ""combo_fraction_part"": 0, ""overriden_price"": 0}, ""modifier_price"": ""0.0"", ""order_item"": ""/resources/OrderItem/49241266/"", ""is_substituted"": false, ""modifier"": ""/resources/Modifier/18500/"", ""id"": 26911891, ""conditional_of"": null, ""resource_uri"": ""/resources/ModifierItem/26911891/""}, {""qty_type"": 0, ""uuid"": ""c4389c24-525a-435c-ac7f-f0b209628fbf"", ""substitution_of"": null, ""no_modifier_substitute"": false, ""mod_type"": 0, ""modifier_cost"": ""0.0000"", ""qty"": ""1.0"", ""is_discounted"": false, ""split_combo_data"": {""inherited_from_parent"": false, ""combo_fraction_part"": 0, ""overriden_price"": 0}, ""modifier_price"": ""0.0"", ""order_item"": ""/resources/OrderItem/49241266/"", ""is_substituted"": false, ""modifier"": ""/resources/Modifier/18484/"", ""id"": 26911892, ""conditional_of"": null, ""resource_uri"": ""/resources/ModifierItem/26911892/""}]",[],[],"""[]""",5c064d8f-593c-42c5-8acf-db5285e6c5f3,false,,,,,,,,,,0,,,,100,,0,true,true,false,,,0,false,Unit,/enterprise/User/1/,/enterprise/User/38670/,/resources/PosStation/1150/,2026-06-18T23:03:50,2026-06-18T23:06:36,d4550c9a
49262136,15083195,26,14554,** 4 Finger Spicy **,** 4 Finger Spicy **,2760,Meals,1.000,4.630000,4.630000,false,2026-06-19T12:17:06,2026-06-19 12:17:06-05:00,2026-06-19T12:25:40,2026-06-19 12:25:40-05:00,38670,35616,,/resources/Product/14554/,0,4.630000,4.630000,0.381975,0.000000,4.630000,0.000000,0.000000,0.000000,,,0.000000,0.000000,0.000000,0.000000,4.530000,0.000000,0.000000,"[{""max_quantity_threshold"": 0, ""min_quantity_threshold"": 0, ""tax_amount"": ""0.3820"", ""name"": ""Sales Tax"", ""max_threshold"": ""0.0000"", ""min_threshold"": ""0.0000"", ""tax_type"": 0, ""flat_tax_units"": 0, ""on_full_price"": true, ""id"": 50251411, ""tax_rate"": ""8.2500"", ""actual_tax_rate"": ""8.2500"", ""tax_table"": null, ""order_item"": ""/resources/OrderItem/49262136/"", ""fiscal_rate"": ""2"", ""local_tax_id"": 590, ""uuid"": ""70f327e2-3fd8-4506-855c-82bdc04fdff0"", ""rounding_type"": 0, ""resource_uri"": ""/resources/AppliedTaxOrderItem/50251411/""}]",[],[],[],[],"""[]""",ecc78a31-0371-4d69-973d-ee4b532bcbd1,false,,,,,,,,,dc84c704-8784-49a3-8ce1-3f3b88c45da8,0,/resources/Product/14511/,dc84c704-8784-49a3-8ce1-3f3b88c45da8,,4,,0,true,true,false,,,0,false,,/enterprise/User/38670/,/enterprise/User/35616/,/resources/PosStation/1153/,2026-06-19T12:17:04,2026-06-19T12:25:37,15083195
49281681,15086843,26,14524,Toast,Toast,2758,Toast Choice,1.000,1.090000,1.090000,false,2026-06-19T13:52:15,2026-06-19 13:52:15-05:00,2026-06-19T13:54:55,2026-06-19 13:54:55-05:00,38670,35616,,/resources/Product/14524/,0,1.090000,1.090000,0.089925,0.000000,1.090000,0.000000,0.000000,0.000000,,,0.000000,0.000000,0.000000,0.000000,0.000000,0.000000,0.000000,"[{""max_quantity_threshold"": 0, ""min_quantity_threshold"": 0, ""tax_amount"": ""0.0899"", ""name"": ""Sales Tax"", ""max_threshold"": ""0.0000"", ""min_threshold"": ""0.0000"", ""tax_type"": 0, ""flat_tax_units"": 0, ""on_full_price"": true, ""id"": 50271474, ""tax_rate"": ""8.2500"", ""actual_tax_rate"": ""8.2500"", ""tax_table"": null, ""order_item"": ""/resources/OrderItem/49281681/"", ""fiscal_rate"": ""2"", ""local_tax_id"": 590, ""uuid"": ""7ffbb476-9303-499d-ab6d-801283bfbc1f"", ""rounding_type"": 0, ""resource_uri"": ""/resources/AppliedTaxOrderItem/50271474/""}]",[],[],[],[],"""[]""",42aff244-62c6-4b34-b655-4d74ad699ece,false,,,,,,,,,4cb39f9b-e953-4ea6-a6b1-e8167cf17bd0,0,/resources/Product/14500/,4cb39f9b-e953-4ea6-a6b1-e8167cf17bd0,,4,,0,true,true,false,,,0,false,,/enterprise/User/38670/,/enterprise/User/35616/,/resources/PosStation/1153/,2026-06-19T13:52:13,2026-06-19T13:54:52,15086843
49309059,15093505,26,14479,Large Sprite,Large Sprite,2735,Drinks,1.000,3.690000,3.690000,false,2026-06-19T17:19:24,2026-06-19 17:19:24-05:00,2026-06-19T17:20:13,2026-06-19 17:20:13-05:00,75716,84406,,/resources/Product/14479/,0,3.690000,3.690000,0.304425,0.000000,3.690000,0.000000,0.000000,0.000000,,,0.000000,0.000000,0.000000,0.000000,0.000000,0.000000,0.000000,"[{""max_quantity_threshold"": 0, ""min_quantity_threshold"": 0, ""tax_amount"": ""0.3044"", ""name"": ""Sales Tax"", ""max_threshold"": ""0.0000"", ""min_threshold"": ""0.0000"", ""tax_type"": 0, ""flat_tax_units"": 0, ""on_full_price"": true, ""id"": 50299418, ""tax_rate"": ""8.2500"", ""actual_tax_rate"": ""8.2500"", ""tax_table"": null, ""order_item"": ""/resources/OrderItem/49309059/"", ""fiscal_rate"": ""2"", ""local_tax_id"": 590, ""uuid"": ""87495871-95e3-4bc2-b462-e9e103816dc6"", ""rounding_type"": 0, ""resource_uri"": ""/resources/AppliedTaxOrderItem/50299418/""}]",[],[],[],[],"""[]""",a8b2a121-c594-4cd4-af3c-e415ea64b04d,false,,,,,,,,,a603d1df-d96f-46ff-98f5-301074559f68,0,/resources/Product/14500/,a603d1df-d96f-46ff-98f5-301074559f68,,4,,0,true,true,false,,,0,false,,/enterprise/User/75716/,/enterprise/User/84406/,/resources/PosStation/1153/,2026-06-19T17:19:22,2026-06-19T17:20:10,15093505
49325550,15097152,26,14535,Fries,Fries,2759,Fries - Choice,1.000,2.690000,2.690000,false,2026-06-19T18:50:47,2026-06-19 18:50:47-05:00,2026-06-19T18:57:10,2026-06-19 18:57:10-05:00,75716,75716,,/resources/Product/14535/,0,2.690000,2.690000,0.221925,0.000000,2.690000,0.000000,0.000000,0.000000,,,0.000000,0.000000,0.000000,0.000000,0.000000,0.000000,0.000000,"[{""max_quantity_threshold"": 0, ""min_quantity_threshold"": 0, ""tax_amount"": ""0.2219"", ""name"": ""Sales Tax"", ""max_threshold"": ""0.0000"", ""min_threshold"": ""0.0000"", ""tax_type"": 0, ""flat_tax_units"": 0, ""on_full_price"": true, ""id"": 50316301, ""tax_rate"": ""8.2500"", ""actual_tax_rate"": ""8.2500"", ""tax_table"": null, ""order_item"": ""/resources/OrderItem/49325550/"", ""fiscal_rate"": ""2"", ""local_tax_id"": 590, ""uuid"": ""e2b8b859-ebf9-433b-840b-9a2d4ba260f8"", ""rounding_type"": 0, ""resource_uri"": ""/resources/AppliedTaxOrderItem/50316301/""}]",[],[],[],[],"""[]""",583604d3-994c-4db6-ba8e-594f503b5efb,false,,,,,,,,,5b7c765b-1323-493d-a1e1-20ac83cd7f40,0,/resources/Product/14507/,5b7c765b-1323-493d-a1e1-20ac83cd7f40,,4,,0,true,true,false,,,0,false,,/enterprise/User/75716/,/enterprise/User/75716/,/resources/PosStation/1151/,2026-06-19T18:50:45,2026-06-19T18:57:07,15097152
49336216,15099267,26,14480,Large Dr Pepper,Large Dr Pepper,2735,Drinks,1.000,3.690000,3.690000,false,2026-06-19T19:55:56,2026-06-19 19:55:56-05:00,2026-06-19T19:58:41,2026-06-19 19:58:41-05:00,75716,75716,,/resources/Product/14480/,0,3.690000,3.690000,0.304425,0.000000,3.690000,0.000000,0.000000,0.000000,,,0.000000,0.000000,0.000000,0.000000,0.000000,0.000000,0.000000,"[{""max_quantity_threshold"": 0, ""min_quantity_threshold"": 0, ""tax_amount"": ""0.3044"", ""name"": ""Sales Tax"", ""max_threshold"": ""0.0000"", ""min_threshold"": ""0.0000"", ""tax_type"": 0, ""flat_tax_units"": 0, ""on_full_price"": true, ""id"": 50327158, ""tax_rate"": ""8.2500"", ""actual_tax_rate"": ""8.2500"", ""tax_table"": null, ""order_item"": ""/resources/OrderItem/49336216/"", ""fiscal_rate"": ""2"", ""local_tax_id"": 590, ""uuid"": ""6f2e4d0f-646c-45c5-ab15-aa90dcb857df"", ""rounding_type"": 0, ""resource_uri"": ""/resources/AppliedTaxOrderItem/50327158/""}]",[],[],[],[],"""[]""",ac4c5588-2d42-4aaf-b964-9c8b9a07a0fb,false,,,,,,,,,b802480a-00f7-4b7b-a879-01dd21013590,0,/resources/Product/14500/,b802480a-00f7-4b7b-a879-01dd21013590,,4,,0,true,true,false,,,0,false,,/enterprise/User/75716/,/enterprise/User/75716/,/resources/PosStation/1153/,2026-06-19T19:55:54,2026-06-19T19:58:38,15099267
49347423,15101836,26,14324,Laynes Sauce,Laynes Sauce,2730,Food,1.000,0.690000,0.690000,false,2026-06-19T21:21:41,2026-06-19 21:21:41-05:00,2026-06-19T21:29:23,2026-06-19 21:29:23-05:00,75716,75716,,/resources/Product/14324/,0,0.690000,0.690000,0.056925,0.000000,0.690000,0.000000,0.000000,0.000000,,,0.000000,0.000000,0.000000,0.000000,0.000000,0.000000,0.000000,"[{""max_quantity_threshold"": 0, ""min_quantity_threshold"": 0, ""tax_amount"": ""0.0569"", ""name"": ""Sales Tax"", ""max_threshold"": ""0.0000"", ""min_threshold"": ""0.0000"", ""tax_type"": 0, ""flat_tax_units"": 0, ""on_full_price"": true, ""id"": 50338510, ""tax_rate"": ""8.2500"", ""actual_tax_rate"": ""8.2500"", ""tax_table"": null, ""order_item"": ""/resources/OrderItem/49347423/"", ""fiscal_rate"": ""2"", ""local_tax_id"": 590, ""uuid"": ""3d8e4c77-3cb6-4345-ba4c-1e3a012ef678"", ""rounding_type"": 0, ""resource_uri"": ""/resources/AppliedTaxOrderItem/50338510/""}]",[],[],[],[],"""[]""",0da69597-9e43-4970-b546-89ec9832f178,false,,,,,,,,,bf5aa6b9-9777-4c79-b26a-3ccd13d3edbe,0,/resources/Product/14511/,bf5aa6b9-9777-4c79-b26a-3ccd13d3edbe,,4,,0,true,true,false,,,0,false,,/enterprise/User/75716/,/enterprise/User/75716/,/resources/PosStation/1153/,2026-06-19T21:21:39,2026-06-19T21:29:19,15101836
49362920,15105611,26,14324,Laynes Sauce,Laynes Sauce,2730,Food,2.000,0.690000,1.380000,false,2026-06-20T10:28:54,2026-06-20 10:28:54-05:00,2026-06-20T10:34:17,2026-06-20 10:34:17-05:00,75716,38670,,/resources/Product/14324/,0,0.690000,1.380000,0.113850,0.000000,0.690000,0.000000,0.000000,0.000000,,,0.000000,0.000000,0.000000,0.000000,0.000000,0.000000,0.000000,"[{""max_quantity_threshold"": 0, ""min_quantity_threshold"": 0, ""tax_amount"": ""0.1139"", ""name"": ""Sales Tax"", ""max_threshold"": ""0.0000"", ""min_threshold"": ""0.0000"", ""tax_type"": 0, ""flat_tax_units"": 0, ""on_full_price"": true, ""id"": 50354004, ""tax_rate"": ""8.2500"", ""actual_tax_rate"": ""8.2500"", ""tax_table"": null, ""order_item"": ""/resources/OrderItem/49362920/"", ""fiscal_rate"": ""2"", ""local_tax_id"": 590, ""uuid"": ""ac682b29-c122-4238-a405-22cd29f3fcb9"", ""rounding_type"": 0, ""resource_uri"": ""/resources/AppliedTaxOrderItem/50354004/""}]",[],[],[],[],"""[]""",186e781e-6b0b-45e7-9d0d-7db1b9e72e82,false,,,,,,,,,c73e2ed2-0b7e-4df6-ae44-39ce0f46c328,0,/resources/Product/14500/,c73e2ed2-0b7e-4df6-ae44-39ce0f46c328,,4,,0,true,true,false,,,0,false,,/enterprise/User/75716/,/enterprise/User/38670/,/resources/PosStation/1153/,2026-06-20T10:28:52,2026-06-20T10:34:13,15105611
49378198,15107556,26,14482,Large Diet Coke,Large Diet Coke,2735,Drinks,1.000,3.690000,3.690000,false,2026-06-20T12:30:22,2026-06-20 12:30:22-05:00,2026-06-20T12:30:54,2026-06-20 12:30:54-05:00,75716,38670,,/resources/Product/14482/,0,3.690000,3.690000,0.304425,0.000000,3.690000,0.000000,0.000000,0.000000,,,0.000000,0.000000,0.000000,0.000000,0.000000,0.000000,0.000000,"[{""max_quantity_threshold"": 0, ""min_quantity_threshold"": 0, ""tax_amount"": ""0.3044"", ""name"": ""Sales Tax"", ""max_threshold"": ""0.0000"", ""min_threshold"": ""0.0000"", ""tax_type"": 0, ""flat_tax_units"": 0, ""on_full_price"": true, ""id"": 50369659, ""tax_rate"": ""8.2500"", ""actual_tax_rate"": ""8.2500"", ""tax_table"": null, ""order_item"": ""/resources/OrderItem/49378198/"", ""fiscal_rate"": ""2"", ""local_tax_id"": 590, ""uuid"": ""9c525b36-c14a-4002-9831-2638b138dff2"", ""rounding_type"": 0, ""resource_uri"": ""/resources/AppliedTaxOrderItem/50369659/""}]",[],[],[],[],"""[]""",7c5a78e9-fa4d-45b7-8b27-e43bbdfad710,false,,,,,,,,,d038b217-f18f-4d1c-9587-3363c22dcfb2,0,/resources/Product/14500/,d038b217-f18f-4d1c-9587-3363c22dcfb2,,4,,0,true,true,false,,,0,false,,/enterprise/User/75716/,/enterprise/User/38670/,/resources/PosStation/1153/,2026-06-20T12:30:20,2026-06-20T12:30:25,15107556
49394395,15111789,26,14524,Toast,Toast,2758,Toast Choice,2.000,1.090000,2.180000,false,2026-06-20T14:02:21,2026-06-20 14:02:21-05:00,2026-06-20T14:07:11,2026-06-20 14:07:11-05:00,38670,38670,,/resources/Product/14524/,0,1.090000,2.180000,0.179850,0.000000,1.090000,0.000000,0.000000,0.000000,,,0.000000,0.000000,0.000000,0.000000,0.000000,0.000000,0.000000,"[{""max_quantity_threshold"": 0, ""min_quantity_threshold"": 0, ""tax_amount"": ""0.1799"", ""name"": ""Sales Tax"", ""max_threshold"": ""0.0000"", ""min_threshold"": ""0.0000"", ""tax_type"": 0, ""flat_tax_units"": 0, ""on_full_price"": true, ""id"": 50386152, ""tax_rate"": ""8.2500"", ""actual_tax_rate"": ""8.2500"", ""tax_table"": null, ""order_item"": ""/resources/OrderItem/49394395/"", ""fiscal_rate"": ""2"", ""local_tax_id"": 590, ""uuid"": ""a8065ea7-f8f8-4efa-b31c-af42eb61c1a1"", ""rounding_type"": 0, ""resource_uri"": ""/resources/AppliedTaxOrderItem/50386152/""}]",[],[],[],[],"""[]""",ed5b75ad-7507-46a6-9eb8-f9377ea42722,false,,,,,,,,,42035c1f-e899-4411-a9bc-51a9717d72d5,0,/resources/Product/14500/,42035c1f-e899-4411-a9bc-51a9717d72d5,,4,,0,true,true,false,,,0,false,,/enterprise/User/38670/,/enterprise/User/38670/,/resources/PosStation/1153/,2026-06-20T14:02:19,2026-06-20T14:07:08,15111789
49415146,15116267,26,14475,LOBBY DRINK,LOBBY DRINK,2735,Drinks,1.000,2.690000,2.690000,false,2026-06-20T16:47:04,2026-06-20 16:47:04-05:00,2026-06-20T16:47:25,2026-06-20 16:47:25-05:00,35616,35616,,/resources/Product/14475/,0,2.690000,2.690000,0.221925,0.000000,2.690000,0.000000,0.000000,0.000000,,,0.000000,0.000000,0.000000,0.000000,0.000000,0.000000,0.000000,"[{""max_quantity_threshold"": 0, ""min_quantity_threshold"": 0, ""tax_amount"": ""0.2219"", ""name"": ""Sales Tax"", ""max_threshold"": ""0.0000"", ""min_threshold"": ""0.0000"", ""tax_type"": 0, ""flat_tax_units"": 0, ""on_full_price"": true, ""id"": 50407334, ""tax_rate"": ""8.2500"", ""actual_tax_rate"": ""8.2500"", ""tax_table"": null, ""order_item"": ""/resources/OrderItem/49415146/"", ""fiscal_rate"": ""2"", ""local_tax_id"": 590, ""uuid"": ""b569e0f9-6a86-4a73-a0bc-58c02562235e"", ""rounding_type"": 0, ""resource_uri"": ""/resources/AppliedTaxOrderItem/50407334/""}]",[],[],[],[],"""[]""",ae2e898e-7f39-4c94-b355-ccd225a5ab41,false,,,,,,,,,ccafe569-ab6c-4aaf-b908-84392ba0789a,0,/resources/Product/14507/,ccafe569-ab6c-4aaf-b908-84392ba0789a,,1,,0,true,false,false,,,0,false,,/enterprise/User/35616/,/enterprise/User/35616/,/resources/PosStation/1157/,,,15116267
49434216,15120543,26,14547,** 5 Finger Regular **,** 5 Finger Regular **,2760,Meals,1.000,5.140000,5.140000,false,2026-06-20T19:07:37,2026-06-20 19:07:37-05:00,2026-06-20T19:20:32,2026-06-20 19:20:32-05:00,35616,35616,,/resources/Product/14547/,0,5.140000,5.140000,0.424050,0.000000,5.140000,0.000000,0.000000,0.000000,,,0.000000,0.000000,0.000000,0.000000,6.310000,0.000000,0.000000,"[{""max_quantity_threshold"": 0, ""min_quantity_threshold"": 0, ""tax_amount"": ""0.4240"", ""name"": ""Sales Tax"", ""max_threshold"": ""0.0000"", ""min_threshold"": ""0.0000"", ""tax_type"": 0, ""flat_tax_units"": 0, ""on_full_price"": true, ""id"": 50426563, ""tax_rate"": ""8.2500"", ""actual_tax_rate"": ""8.2500"", ""tax_table"": null, ""order_item"": ""/resources/OrderItem/49434216/"", ""fiscal_rate"": ""2"", ""local_tax_id"": 590, ""uuid"": ""745de7d5-a315-4bb2-a08a-4ef113c9d4bf"", ""rounding_type"": 0, ""resource_uri"": ""/resources/AppliedTaxOrderItem/50426563/""}]",[],[],[],[],"""[]""",9ece7787-d477-4503-9b66-387215144c1b,false,,,,,,,,,ffe79f93-173c-4ac1-b54c-4c12f94be845,0,/resources/Product/14500/,ffe79f93-173c-4ac1-b54c-4c12f94be845,,4,,0,true,true,false,,,0,false,,/enterprise/User/35616/,/enterprise/User/35616/,/resources/PosStation/1153/,2026-06-20T19:07:35,2026-06-20T19:20:27,15120543
49448671,15123676,26,14324,Laynes Sauce,Laynes Sauce,2730,Food,2.000,0.690000,1.380000,false,2026-06-20T20:57:43,2026-06-20 20:57:43-05:00,2026-06-20T21:03:09,2026-06-20 21:03:09-05:00,35616,35616,,/resources/Product/14324/,0,0.690000,1.380000,0.113850,0.000000,0.690000,0.000000,0.000000,0.000000,,,0.000000,0.000000,0.000000,0.000000,0.000000,0.000000,0.000000,"[{""max_quantity_threshold"": 0, ""min_quantity_threshold"": 0, ""tax_amount"": ""0.1139"", ""name"": ""Sales Tax"", ""max_threshold"": ""0.0000"", ""min_threshold"": ""0.0000"", ""tax_type"": 0, ""flat_tax_units"": 0, ""on_full_price"": true, ""id"": 50441173, ""tax_rate"": ""8.2500"", ""actual_tax_rate"": ""8.2500"", ""tax_table"": null, ""order_item"": ""/resources/OrderItem/49448671/"", ""fiscal_rate"": ""2"", ""local_tax_id"": 590, ""uuid"": ""e5ddaa19-d771-4af3-8408-13424e32380a"", ""rounding_type"": 0, ""resource_uri"": ""/resources/AppliedTaxOrderItem/50441173/""}]",[],[],[],[],"""[]""",2932eed0-e775-4169-93df-b0b7d56c507e,false,,,,,,,,,e8a39ed1-1683-4ccc-8aa2-6c96c5c5459d,0,/resources/Product/14500/,e8a39ed1-1683-4ccc-8aa2-6c96c5c5459d,,4,,0,true,true,false,,,0,false,,/enterprise/User/35616/,/enterprise/User/35616/,/resources/PosStation/1153/,2026-06-20T20:57:40,2026-06-20T21:03:06,15123676
49460670,15126629,26,14328,Jalapeno Ranch,Jalapeno Ranch,2730,Food,1.000,0.690000,0.690000,false,2026-06-20T23:12:28,2026-06-20 23:12:28-05:00,2026-06-20T23:15:45,2026-06-20 23:15:45-05:00,35616,35616,,/resources/Product/14328/,0,0.690000,0.690000,0.056925,0.000000,0.690000,0.000000,0.000000,0.000000,,,0.000000,0.000000,0.000000,0.000000,0.000000,0.000000,0.000000,"[{""max_quantity_threshold"": 0, ""min_quantity_threshold"": 0, ""tax_amount"": ""0.0569"", ""name"": ""Sales Tax"", ""max_threshold"": ""0.0000"", ""min_threshold"": ""0.0000"", ""tax_type"": 0, ""flat_tax_units"": 0, ""on_full_price"": true, ""id"": 50453168, ""tax_rate"": ""8.2500"", ""actual_tax_rate"": ""8.2500"", ""tax_table"": null, ""order_item"": ""/resources/OrderItem/49460670/"", ""fiscal_rate"": ""2"", ""local_tax_id"": 590, ""uuid"": ""6078fe33-7704-4689-a466-c33e18ec1a81"", ""rounding_type"": 0, ""resource_uri"": ""/resources/AppliedTaxOrderItem/50453168/""}]",[],[],[],[],"""[]""",c796cbaa-20fa-4640-9328-1dbefc5c334b,false,,,,,,,,,5e831949-6307-4b91-bfa1-833674988201,0,/resources/Product/14505/,5e831949-6307-4b91-bfa1-833674988201,,4,,0,true,true,false,,,0,false,,/enterprise/User/35616/,/enterprise/User/35616/,/resources/PosStation/1153/,2026-06-20T23:12:25,2026-06-20T23:15:41,15126629
49481584,15131090,26,14524,Toast,Toast,2758,Toast Choice,1.000,1.090000,1.090000,false,2026-06-21T12:38:35,2026-06-21 12:38:35-05:00,2026-06-21T12:44:28,2026-06-21 12:44:28-05:00,37532,84406,,/resources/Product/14524/,0,1.090000,1.090000,0.089925,0.000000,1.090000,0.000000,0.000000,0.000000,,,0.000000,0.000000,0.000000,0.000000,0.000000,0.000000,0.000000,"[{""max_quantity_threshold"": 0, ""min_quantity_threshold"": 0, ""tax_amount"": ""0.0899"", ""name"": ""Sales Tax"", ""max_threshold"": ""0.0000"", ""min_threshold"": ""0.0000"", ""tax_type"": 0, ""flat_tax_units"": 0, ""on_full_price"": true, ""id"": 50474619, ""tax_rate"": ""8.2500"", ""actual_tax_rate"": ""8.2500"", ""tax_table"": null, ""order_item"": ""/resources/OrderItem/49481584/"", ""fiscal_rate"": ""2"", ""local_tax_id"": 590, ""uuid"": ""8aec000b-5401-419f-92dd-010640442bf6"", ""rounding_type"": 0, ""resource_uri"": ""/resources/AppliedTaxOrderItem/50474619/""}]",[],[],[],[],"""[]""",e8bc0cfc-841d-4afe-b40f-cde33ea2a36d,false,,,,,,,,,bcac8089-a19c-4753-8e07-4f4ac75ba646,0,/resources/Product/14511/,bcac8089-a19c-4753-8e07-4f4ac75ba646,,4,,0,true,true,false,,,0,false,,/enterprise/User/37532/,/enterprise/User/84406/,/resources/PosStation/1153/,2026-06-21T12:38:33,2026-06-21T12:44:24,15131090
49499669,15133492,26,14524,Toast,Toast,2758,Toast Choice,1.000,1.090000,1.090000,false,2026-06-21T14:27:17,2026-06-21 14:27:17-05:00,2026-06-21T14:31:36,2026-06-21 14:31:36-05:00,75716,84406,,/resources/Product/14524/,0,1.090000,1.090000,0.089925,0.000000,1.090000,0.000000,0.000000,0.000000,,,0.000000,0.000000,0.000000,0.000000,0.000000,0.000000,0.000000,"[{""max_quantity_threshold"": 0, ""min_quantity_threshold"": 0, ""tax_amount"": ""0.0899"", ""name"": ""Sales Tax"", ""max_threshold"": ""0.0000"", ""min_threshold"": ""0.0000"", ""tax_type"": 0, ""flat_tax_units"": 0, ""on_full_price"": true, ""id"": 50492935, ""tax_rate"": ""8.2500"", ""actual_tax_rate"": ""8.2500"", ""tax_table"": null, ""order_item"": ""/resources/OrderItem/49499669/"", ""fiscal_rate"": ""2"", ""local_tax_id"": 590, ""uuid"": ""0bf03da4-4476-4ddf-afb2-d42ee0913cd5"", ""rounding_type"": 0, ""resource_uri"": ""/resources/AppliedTaxOrderItem/50492935/""}]",[],[],[],[],"""[]""",d2f4dec4-2899-4d5b-b0ac-008a9e57201f,false,,,,,,,,,5b2aa589-a98b-425c-b60a-29909349655d,0,/resources/Product/14500/,5b2aa589-a98b-425c-b60a-29909349655d,,4,,0,true,true,false,,,0,false,,/enterprise/User/75716/,/enterprise/User/84406/,/resources/PosStation/1153/,2026-06-21T14:27:14,2026-06-21T14:31:32,15133492
49522657,15140065,26,14535,Fries,Fries,2759,Fries - Choice,2.000,2.690000,5.380000,false,2026-06-21T18:02:04,2026-06-21 18:02:04-05:00,2026-06-21T18:03:59,2026-06-21 18:03:59-05:00,75716,75716,,/resources/Product/14535/,0,2.690000,5.380000,0.443850,0.000000,2.690000,0.000000,0.000000,0.000000,,,0.000000,0.000000,0.000000,0.000000,0.000000,0.000000,0.000000,"[{""max_quantity_threshold"": 0, ""min_quantity_threshold"": 0, ""tax_amount"": ""0.4439"", ""name"": ""Sales Tax"", ""max_threshold"": ""0.0000"", ""min_threshold"": ""0.0000"", ""tax_type"": 0, ""flat_tax_units"": 0, ""on_full_price"": true, ""id"": 50516464, ""tax_rate"": ""8.2500"", ""actual_tax_rate"": ""8.2500"", ""tax_table"": null, ""order_item"": ""/resources/OrderItem/49522657/"", ""fiscal_rate"": ""2"", ""local_tax_id"": 590, ""uuid"": ""57275482-ca8e-4e46-b7ce-e9d9c4c9173f"", ""rounding_type"": 0, ""resource_uri"": ""/resources/AppliedTaxOrderItem/50516464/""}]",[],[],[],[],"""[]""",13fafa31-f0ff-4f38-985d-31696e0c4a20,false,,,,,,,,,8a05881d-d133-4636-aa7e-3f6f5e9ab98e,0,/resources/Product/14500/,8a05881d-d133-4636-aa7e-3f6f5e9ab98e,,0,,0,true,true,false,,,0,false,,/enterprise/User/75716/,/enterprise/User/75716/,/resources/PosStation/1150/,2026-06-21T18:02:01,2026-06-21T18:03:56,15140065
49540855,15143869,26,14567,** 2 Kid Finger Spicy **,** 2 Kid Finger Spicy **,2760,Meals,1.000,1.620000,1.620000,false,2026-06-21T20:26:05,2026-06-21 20:26:05-05:00,2026-06-21T20:26:59,2026-06-21 20:26:59-05:00,52540,52540,,/resources/Product/14567/,0,1.620000,1.620000,0.133650,0.000000,1.620000,0.000000,0.000000,0.000000,,,0.000000,0.000000,0.000000,0.000000,2.960000,0.000000,0.000000,"[{""max_quantity_threshold"": 0, ""min_quantity_threshold"": 0, ""tax_amount"": ""0.1336"", ""name"": ""Sales Tax"", ""max_threshold"": ""0.0000"", ""min_threshold"": ""0.0000"", ""tax_type"": 0, ""flat_tax_units"": 0, ""on_full_price"": true, ""id"": 50534881, ""tax_rate"": ""8.2500"", ""actual_tax_rate"": ""8.2500"", ""tax_table"": null, ""order_item"": ""/resources/OrderItem/49540855/"", ""fiscal_rate"": ""2"", ""local_tax_id"": 590, ""uuid"": ""df932a23-5f15-4ed6-821b-a899c6995344"", ""rounding_type"": 0, ""resource_uri"": ""/resources/AppliedTaxOrderItem/50534881/""}]",[],[],[],[],"""[]""",69f2c2db-cf8c-4a35-94dd-95e0b086dcc9,false,,,,,,,,,bee02d5a-d4b8-4d4e-97f2-0deb376fb735,0,/resources/Product/14505/,bee02d5a-d4b8-4d4e-97f2-0deb376fb735,,4,,0,true,true,false,,,0,false,,/enterprise/User/52540/,/enterprise/User/52540/,/resources/PosStation/1153/,2026-06-21T20:26:01,2026-06-21T20:26:55,15143869
49551653,15146541,26,14535,Fries,Fries,2759,Fries - Choice,1.000,2.690000,2.690000,false,2026-06-21T22:28:04,2026-06-21 22:28:04-05:00,2026-06-21T22:29:41,2026-06-21 22:29:41-05:00,52540,52540,,/resources/Product/14535/,0,2.690000,2.690000,0.221925,0.000000,2.690000,0.000000,0.000000,0.000000,,,0.000000,0.000000,0.000000,0.000000,0.000000,0.000000,0.000000,"[{""max_quantity_threshold"": 0, ""min_quantity_threshold"": 0, ""tax_amount"": ""0.2219"", ""name"": ""Sales Tax"", ""max_threshold"": ""0.0000"", ""min_threshold"": ""0.0000"", ""tax_type"": 0, ""flat_tax_units"": 0, ""on_full_price"": true, ""id"": 50545525, ""tax_rate"": ""8.2500"", ""actual_tax_rate"": ""8.2500"", ""tax_table"": null, ""order_item"": ""/resources/OrderItem/49551653/"", ""fiscal_rate"": ""2"", ""local_tax_id"": 590, ""uuid"": ""2aa84728-60a9-4227-b628-b25034ca7015"", ""rounding_type"": 0, ""resource_uri"": ""/resources/AppliedTaxOrderItem/50545525/""}]",[],[],[],[],"""[]""",be384892-b380-4821-9e29-96be2373d04f,false,,,,,,,,,e1f83518-ad4f-4b21-bfcd-3cba99b352cd,0,/resources/Product/14511/,e1f83518-ad4f-4b21-bfcd-3cba99b352cd,,4,,0,true,true,false,,,0,false,,/enterprise/User/52540/,/enterprise/User/52540/,/resources/PosStation/1153/,2026-06-21T22:28:01,2026-06-21T22:29:37,15146541
49576018,15151471,26,14535,Fries,Fries,2759,Fries - Choice,1.000,2.690000,2.690000,false,2026-06-22T12:43:53,2026-06-22 12:43:53-05:00,2026-06-22T12:45:00,2026-06-22 12:45:00-05:00,52540,38670,,/resources/Product/14535/,0,2.690000,2.690000,0.221925,0.000000,2.690000,0.000000,0.000000,0.000000,,,0.000000,0.000000,0.000000,0.000000,0.000000,0.000000,0.000000,"[{""max_quantity_threshold"": 0, ""min_quantity_threshold"": 0, ""tax_amount"": ""0.2219"", ""name"": ""Sales Tax"", ""max_threshold"": ""0.0000"", ""min_threshold"": ""0.0000"", ""tax_type"": 0, ""flat_tax_units"": 0, ""on_full_price"": true, ""id"": 50570488, ""tax_rate"": ""8.2500"", ""actual_tax_rate"": ""8.2500"", ""tax_table"": null, ""order_item"": ""/resources/OrderItem/49576018/"", ""fiscal_rate"": ""2"", ""local_tax_id"": 590, ""uuid"": ""2427640a-55d0-415f-9865-bcf3618d391d"", ""rounding_type"": 0, ""resource_uri"": ""/resources/AppliedTaxOrderItem/50570488/""}]",[],[],[],[],"""[]""",9320ec1b-049e-4cf0-adda-b4f75e87ab94,false,,,,,,,,,fa9bcdac-7f63-4e67-8015-823ce631da5c,0,/resources/Product/14511/,fa9bcdac-7f63-4e67-8015-823ce631da5c,,4,,0,true,true,false,,,0,false,,/enterprise/User/52540/,/enterprise/User/38670/,/resources/PosStation/1153/,2026-06-22T12:43:50,2026-06-22T12:44:56,15151471
49594313,15156908,26,14554,** 4 Finger Spicy **,** 4 Finger Spicy **,2760,Meals,1.000,4.530000,4.530000,false,2026-06-22T15:04:13,2026-06-22 15:04:13-05:00,2026-06-22T15:09:06,2026-06-22 15:09:06-05:00,35616,35616,,/resources/Product/14554/,0,4.530000,4.530000,0.373725,0.000000,4.530000,0.000000,0.000000,0.000000,,,0.000000,0.000000,0.000000,0.000000,4.630000,0.000000,0.000000,"[{""max_quantity_threshold"": 0, ""min_quantity_threshold"": 0, ""tax_amount"": ""0.3737"", ""name"": ""Sales Tax"", ""max_threshold"": ""0.0000"", ""min_threshold"": ""0.0000"", ""tax_type"": 0, ""flat_tax_units"": 0, ""on_full_price"": true, ""id"": 50589077, ""tax_rate"": ""8.2500"", ""actual_tax_rate"": ""8.2500"", ""tax_table"": null, ""order_item"": ""/resources/OrderItem/49594313/"", ""fiscal_rate"": ""2"", ""local_tax_id"": 590, ""uuid"": ""65d6d0ca-b567-4b1f-911a-b8c91684de1b"", ""rounding_type"": 0, ""resource_uri"": ""/resources/AppliedTaxOrderItem/50589077/""}]",[],[],[],[],"""[]""",3c30fdbc-9d77-46d3-85d3-f71b699a2d9a,false,,,,,,,,,015c47a9-7d49-476b-bb69-bd81163c31d6,0,/resources/Product/14511/,015c47a9-7d49-476b-bb69-bd81163c31d6,,1,,0,true,true,false,,,0,false,,/enterprise/User/35616/,/enterprise/User/35616/,/resources/PosStation/1150/,2026-06-22T15:04:08,2026-06-22T15:09:02,15156908
49614425,15161529,26,14328,Jalapeno Ranch,Jalapeno Ranch,2730,Food,1.000,0.690000,0.690000,false,2026-06-22T18:17:34,2026-06-22 18:17:34-05:00,2026-06-22T18:18:46,2026-06-22 18:18:46-05:00,37532,52540,,/resources/Product/14328/,0,0.690000,0.690000,0.056925,0.000000,0.690000,0.000000,0.000000,0.000000,,,0.000000,0.000000,0.000000,0.000000,0.000000,0.000000,0.000000,"[{""max_quantity_threshold"": 0, ""min_quantity_threshold"": 0, ""tax_amount"": ""0.0569"", ""name"": ""Sales Tax"", ""max_threshold"": ""0.0000"", ""min_threshold"": ""0.0000"", ""tax_type"": 0, ""flat_tax_units"": 0, ""on_full_price"": true, ""id"": 50609704, ""tax_rate"": ""8.2500"", ""actual_tax_rate"": ""8.2500"", ""tax_table"": null, ""order_item"": ""/resources/OrderItem/49614425/"", ""fiscal_rate"": ""2"", ""local_tax_id"": 590, ""uuid"": ""7516c82c-ad5a-4dcc-bf02-9525b452ffc5"", ""rounding_type"": 0, ""resource_uri"": ""/resources/AppliedTaxOrderItem/50609704/""}]",[],[],[],[],"""[]""",52ae4412-e65d-4486-ab1f-73f020a457dd,false,,,,,,,,,730975da-db11-4067-8878-1465bacd27e0,0,/resources/Product/14511/,730975da-db11-4067-8878-1465bacd27e0,,4,,0,true,true,false,,,0,false,,/enterprise/User/37532/,/enterprise/User/52540/,/resources/PosStation/1153/,2026-06-22T18:17:31,2026-06-22T18:18:42,15161529
49624785,15164073,26,14324,Laynes Sauce,Laynes Sauce,2730,Food,1.000,0.690000,0.690000,false,2026-06-22T19:31:56,2026-06-22 19:31:56-05:00,2026-06-22T19:35:36,2026-06-22 19:35:36-05:00,84406,84406,,/resources/Product/14324/,0,0.690000,0.690000,0.056925,0.000000,0.690000,0.000000,0.000000,0.000000,,,0.000000,0.000000,0.000000,0.000000,0.000000,0.000000,0.000000,"[{""max_quantity_threshold"": 0, ""min_quantity_threshold"": 0, ""tax_amount"": ""0.0569"", ""name"": ""Sales Tax"", ""max_threshold"": ""0.0000"", ""min_threshold"": ""0.0000"", ""tax_type"": 0, ""flat_tax_units"": 0, ""on_full_price"": true, ""id"": 50620241, ""tax_rate"": ""8.2500"", ""actual_tax_rate"": ""8.2500"", ""tax_table"": null, ""order_item"": ""/resources/OrderItem/49624785/"", ""fiscal_rate"": ""2"", ""local_tax_id"": 590, ""uuid"": ""3edcbeb3-5818-4e7d-8aa2-deb597340881"", ""rounding_type"": 0, ""resource_uri"": ""/resources/AppliedTaxOrderItem/50620241/""}]",[],[],[],[],"""[]""",884edfcd-1687-4394-a266-fa8a0d0fbaa7,false,,,,,,,,,71f3d888-d614-4647-ba46-5640dd383d2a,0,/resources/Product/14507/,71f3d888-d614-4647-ba46-5640dd383d2a,,1,,0,true,true,false,,,0,false,,/enterprise/User/84406/,/enterprise/User/84406/,/resources/PosStation/1150/,2026-06-22T19:31:52,2026-06-22T19:35:31,15164073
49637427,15166783,26,14535,Fries,Fries,2759,Fries - Choice,1.000,2.690000,2.690000,false,2026-06-22T21:26:36,2026-06-22 21:26:36-05:00,2026-06-22T21:29:04,2026-06-22 21:29:04-05:00,52540,52540,,/resources/Product/14535/,0,2.690000,2.690000,0.221925,0.000000,2.690000,0.000000,0.000000,0.000000,,,0.000000,0.000000,0.000000,0.000000,0.000000,0.000000,0.000000,"[{""max_quantity_threshold"": 0, ""min_quantity_threshold"": 0, ""tax_amount"": ""0.2219"", ""name"": ""Sales Tax"", ""max_threshold"": ""0.0000"", ""min_threshold"": ""0.0000"", ""tax_type"": 0, ""flat_tax_units"": 0, ""on_full_price"": true, ""id"": 50632842, ""tax_rate"": ""8.2500"", ""actual_tax_rate"": ""8.2500"", ""tax_table"": null, ""order_item"": ""/resources/OrderItem/49637427/"", ""fiscal_rate"": ""2"", ""local_tax_id"": 590, ""uuid"": ""d59c29f6-fcd0-4c9b-9c01-dd260e6982e0"", ""rounding_type"": 0, ""resource_uri"": ""/resources/AppliedTaxOrderItem/50632842/""}]",[],[],[],[],"""[]""",262d806c-0bd4-4611-9a35-4ca79e556d20,false,,,,,,,,,35b678cb-a242-4221-9541-e4a1d229036b,0,/resources/Product/14509/,35b678cb-a242-4221-9541-e4a1d229036b,,4,,0,true,true,false,,,0,false,,/enterprise/User/52540/,/enterprise/User/52540/,/resources/PosStation/1153/,2026-06-22T21:26:33,2026-06-22T21:29:00,15166783
49649710,15170476,26,14340,** Grilled Cheese Sandwich **,** Grilled Cheese Sandwich **,2730,Food,1.000,4.590000,4.590000,false,2026-06-23T11:22:11,2026-06-23 11:22:11-05:00,2026-06-23T11:22:54,2026-06-23 11:22:54-05:00,38670,38670,,/resources/Product/14340/,0,4.590000,4.590000,0.378675,0.000000,4.590000,0.000000,0.000000,0.000000,,,0.000000,0.000000,0.000000,0.000000,0.000000,0.000000,0.000000,"[{""max_quantity_threshold"": 0, ""min_quantity_threshold"": 0, ""tax_amount"": ""0.3787"", ""name"": ""Sales Tax"", ""max_threshold"": ""0.0000"", ""min_threshold"": ""0.0000"", ""tax_type"": 0, ""flat_tax_units"": 0, ""on_full_price"": true, ""id"": 50645320, ""tax_rate"": ""8.2500"", ""actual_tax_rate"": ""8.2500"", ""tax_table"": null, ""order_item"": ""/resources/OrderItem/49649710/"", ""fiscal_rate"": ""2"", ""local_tax_id"": 590, ""uuid"": ""f44ba1b4-3cc1-408c-ac40-7ad866969c2c"", ""rounding_type"": 0, ""resource_uri"": ""/resources/AppliedTaxOrderItem/50645320/""}]",[],[],[],[],"""[]""",54490a10-ff37-4f74-b41d-43982ed74f1e,false,,,,,,,,,,0,,,,1,,0,true,true,false,,,0,false,,/enterprise/User/38670/,/enterprise/User/38670/,/resources/PosStation/1150/,2026-06-23T11:22:07,2026-06-23T11:22:49,15170476
49669562,15174942,26,14558,** 3 Finger Regular  **,** 3 Finger Regular  **,2760,Meals,1.000,3.220000,3.220000,false,2026-06-23T13:07:17,2026-06-23 13:07:17-05:00,2026-06-23T13:09:27,2026-06-23 13:09:27-05:00,38670,38670,,/resources/Product/14558/,0,3.220000,3.220000,0.265650,0.000000,3.220000,0.000000,0.000000,0.000000,,,0.000000,0.000000,0.000000,0.000000,3.650000,0.000000,0.000000,"[{""max_quantity_threshold"": 0, ""min_quantity_threshold"": 0, ""tax_amount"": ""0.2656"", ""name"": ""Sales Tax"", ""max_threshold"": ""0.0000"", ""min_threshold"": ""0.0000"", ""tax_type"": 0, ""flat_tax_units"": 0, ""on_full_price"": true, ""id"": 50665594, ""tax_rate"": ""8.2500"", ""actual_tax_rate"": ""8.2500"", ""tax_table"": null, ""order_item"": ""/resources/OrderItem/49669562/"", ""fiscal_rate"": ""2"", ""local_tax_id"": 590, ""uuid"": ""294c7d8a-6e6d-4cf1-92b7-6048c708c103"", ""rounding_type"": 0, ""resource_uri"": ""/resources/AppliedTaxOrderItem/50665594/""}]",[],[],[],[],"""[]""",110f4ed6-0499-4d06-b1b3-71df6aea0822,false,,,,,,,,,02ecaf27-ad9f-4ca6-b6ff-0dc5728b1a65,0,/resources/Product/14507/,02ecaf27-ad9f-4ca6-b6ff-0dc5728b1a65,,4,,0,true,true,false,,,0,false,,/enterprise/User/38670/,/enterprise/User/38670/,/resources/PosStation/1153/,2026-06-23T13:07:14,2026-06-23T13:09:23,15174942
49683368,15178214,26,14535,Fries,Fries,2759,Fries - Choice,1.000,2.690000,2.690000,false,2026-06-23T15:07:22,2026-06-23 15:07:22-05:00,2026-06-23T15:08:13,2026-06-23 15:08:13-05:00,38670,38670,,/resources/Product/14535/,0,2.690000,2.690000,0.221925,0.000000,2.690000,0.000000,0.000000,0.000000,,,0.000000,0.000000,0.000000,0.000000,0.000000,0.000000,0.000000,"[{""max_quantity_threshold"": 0, ""min_quantity_threshold"": 0, ""tax_amount"": ""0.2219"", ""name"": ""Sales Tax"", ""max_threshold"": ""0.0000"", ""min_threshold"": ""0.0000"", ""tax_type"": 0, ""flat_tax_units"": 0, ""on_full_price"": true, ""id"": 50679643, ""tax_rate"": ""8.2500"", ""actual_tax_rate"": ""8.2500"", ""tax_table"": null, ""order_item"": ""/resources/OrderItem/49683368/"", ""fiscal_rate"": ""2"", ""local_tax_id"": 590, ""uuid"": ""48dd804a-77e8-45d5-ae73-8e6d1d69dda8"", ""rounding_type"": 0, ""resource_uri"": ""/resources/AppliedTaxOrderItem/50679643/""}]",[],[],[],[],"""[]""",b2dbd065-02b5-4674-ad6b-2b0706dee55c,false,,,,,,,,,af2bcc4e-2e17-4ff7-9dd2-de57810d983b,0,/resources/Product/14500/,af2bcc4e-2e17-4ff7-9dd2-de57810d983b,,4,,0,true,true,false,,,0,false,,/enterprise/User/38670/,/enterprise/User/38670/,/resources/PosStation/1153/,2026-06-23T15:07:19,2026-06-23T15:07:54,15178214
49701051,15182373,26,14556,** 2 Regular 2 Spicy **,** 2 Regular 2 Spicy **,2760,Meals,1.000,4.630000,4.630000,false,2026-06-23T17:58:49,2026-06-23 17:58:49-05:00,2026-06-23T17:59:34,2026-06-23 17:59:34-05:00,38670,38670,,/resources/Product/14556/,0,4.630000,4.630000,0.381975,0.000000,4.630000,0.000000,0.000000,0.000000,,,0.000000,0.000000,0.000000,0.000000,4.530000,0.000000,0.000000,"[{""max_quantity_threshold"": 0, ""min_quantity_threshold"": 0, ""tax_amount"": ""0.3820"", ""name"": ""Sales Tax"", ""max_threshold"": ""0.0000"", ""min_threshold"": ""0.0000"", ""tax_type"": 0, ""flat_tax_units"": 0, ""on_full_price"": true, ""id"": 50697743, ""tax_rate"": ""8.2500"", ""actual_tax_rate"": ""8.2500"", ""tax_table"": null, ""order_item"": ""/resources/OrderItem/49701051/"", ""fiscal_rate"": ""2"", ""local_tax_id"": 590, ""uuid"": ""c225b421-5bbf-4187-857a-de0e05ff3d30"", ""rounding_type"": 0, ""resource_uri"": ""/resources/AppliedTaxOrderItem/50697743/""}]",[],[],[],[],"""[]""",0cab5515-397d-4403-93db-7f8d56befb7c,false,,,,,,,,,cb754356-f1a8-4395-badf-83e8a9483729,0,/resources/Product/14511/,cb754356-f1a8-4395-badf-83e8a9483729,,4,,0,true,true,false,,,0,false,,/enterprise/User/38670/,/enterprise/User/38670/,/resources/PosStation/1153/,2026-06-23T17:58:45,2026-06-23T17:58:49,15182373
49712458,15185102,26,14535,Fries,Fries,2759,Fries - Choice,1.000,2.690000,2.690000,false,2026-06-23T19:18:56,2026-06-23 19:18:56-05:00,2026-06-23T19:26:18,2026-06-23 19:26:18-05:00,75716,84406,,/resources/Product/14535/,0,2.690000,2.690000,0.221925,0.000000,2.690000,0.000000,0.000000,0.000000,,,0.000000,0.000000,0.000000,0.000000,0.000000,0.000000,0.000000,"[{""max_quantity_threshold"": 0, ""min_quantity_threshold"": 0, ""tax_amount"": ""0.2219"", ""name"": ""Sales Tax"", ""max_threshold"": ""0.0000"", ""min_threshold"": ""0.0000"", ""tax_type"": 0, ""flat_tax_units"": 0, ""on_full_price"": true, ""id"": 50709292, ""tax_rate"": ""8.2500"", ""actual_tax_rate"": ""8.2500"", ""tax_table"": null, ""order_item"": ""/resources/OrderItem/49712458/"", ""fiscal_rate"": ""2"", ""local_tax_id"": 590, ""uuid"": ""6f7067b0-e7a9-4344-a5fa-a2a3d0768b5c"", ""rounding_type"": 0, ""resource_uri"": ""/resources/AppliedTaxOrderItem/50709292/""}]",[],[],[],[],"""[]""",92feb675-6f0f-4b32-9c4d-a412ca0d775b,false,,,,,,,,,05cae49d-f56c-4e72-9f7a-3e6437d3210b,0,/resources/Product/14500/,05cae49d-f56c-4e72-9f7a-3e6437d3210b,,4,,0,true,true,false,,,0,false,,/enterprise/User/75716/,/enterprise/User/84406/,/resources/PosStation/1153/,2026-06-23T19:18:52,2026-06-23T19:26:14,15185102
49728681,15188623,26,14548,** 5 Finger Spicy **,** 5 Finger Spicy **,2760,Meals,1.000,5.140000,5.140000,false,2026-06-23T21:41:08,2026-06-23 21:41:08-05:00,2026-06-23T21:44:01,2026-06-23 21:44:01-05:00,75716,84406,,/resources/Product/14548/,0,5.140000,5.140000,0.424050,0.000000,5.140000,0.000000,0.000000,0.000000,,,0.000000,0.000000,0.000000,0.000000,6.310000,0.000000,0.000000,"[{""max_quantity_threshold"": 0, ""min_quantity_threshold"": 0, ""tax_amount"": ""0.4240"", ""name"": ""Sales Tax"", ""max_threshold"": ""0.0000"", ""min_threshold"": ""0.0000"", ""tax_type"": 0, ""flat_tax_units"": 0, ""on_full_price"": true, ""id"": 50725530, ""tax_rate"": ""8.2500"", ""actual_tax_rate"": ""8.2500"", ""tax_table"": null, ""order_item"": ""/resources/OrderItem/49728681/"", ""fiscal_rate"": ""2"", ""local_tax_id"": 590, ""uuid"": ""374ead78-3a01-4725-95ce-899b98d56508"", ""rounding_type"": 0, ""resource_uri"": ""/resources/AppliedTaxOrderItem/50725530/""}]",[],[],[],[],"""[]""",545b350b-07ef-4999-a7c0-a7b192920fab,false,,,,,,,,,2d0520e8-662a-4813-a5a4-96fb4b7a6eb0,0,/resources/Product/14500/,2d0520e8-662a-4813-a5a4-96fb4b7a6eb0,,4,,0,true,true,false,,,0,false,,/enterprise/User/75716/,/enterprise/User/84406/,/resources/PosStation/1153/,2026-06-23T21:41:04,2026-06-23T21:43:55,15188623
49739011,15191843,26,14550,** 3 Regular 2 Spicy **,** 3 Regular 2 Spicy **,2760,Meals,1.000,5.140000,5.140000,false,2026-06-24T11:09:55,2026-06-24 11:09:55-05:00,2026-06-24T11:14:32,2026-06-24 11:14:32-05:00,35616,35616,,/resources/Product/14550/,0,5.140000,5.140000,0.424050,0.000000,5.140000,0.000000,0.000000,0.000000,,,0.000000,0.000000,0.000000,0.000000,6.310000,0.000000,0.000000,"[{""max_quantity_threshold"": 0, ""min_quantity_threshold"": 0, ""tax_amount"": ""0.4240"", ""name"": ""Sales Tax"", ""max_threshold"": ""0.0000"", ""min_threshold"": ""0.0000"", ""tax_type"": 0, ""flat_tax_units"": 0, ""on_full_price"": true, ""id"": 50736076, ""tax_rate"": ""8.2500"", ""actual_tax_rate"": ""8.2500"", ""tax_table"": null, ""order_item"": ""/resources/OrderItem/49739011/"", ""fiscal_rate"": ""2"", ""local_tax_id"": 590, ""uuid"": ""1e06d25a-dd46-4567-aec5-92fc7d8b029f"", ""rounding_type"": 0, ""resource_uri"": ""/resources/AppliedTaxOrderItem/50736076/""}]",[],[],[],[],"""[]""",32388b4b-6991-46ef-b2fb-d0a40566b6fc,false,,,,,,,,,bf14058a-06be-4f01-b9e1-99d92afb12a0,0,/resources/Product/14500/,bf14058a-06be-4f01-b9e1-99d92afb12a0,,4,,0,true,true,false,,,0,false,,/enterprise/User/35616/,/enterprise/User/35616/,/resources/PosStation/1153/,2026-06-24T11:09:51,2026-06-24T11:14:10,15191843
49751187,15194420,26,14535,Fries,Fries,2759,Fries - Choice,1.000,2.690000,2.690000,false,2026-06-24T12:15:45,2026-06-24 12:15:45-05:00,2026-06-24T12:17:58,2026-06-24 12:17:58-05:00,35616,35616,,/resources/Product/14535/,0,2.690000,2.690000,0.221925,0.000000,2.690000,0.000000,0.000000,0.000000,,,0.000000,0.000000,0.000000,0.000000,0.000000,0.000000,0.000000,"[{""max_quantity_threshold"": 0, ""min_quantity_threshold"": 0, ""tax_amount"": ""0.2219"", ""name"": ""Sales Tax"", ""max_threshold"": ""0.0000"", ""min_threshold"": ""0.0000"", ""tax_type"": 0, ""flat_tax_units"": 0, ""on_full_price"": true, ""id"": 50748515, ""tax_rate"": ""8.2500"", ""actual_tax_rate"": ""8.2500"", ""tax_table"": null, ""order_item"": ""/resources/OrderItem/49751187/"", ""fiscal_rate"": ""2"", ""local_tax_id"": 590, ""uuid"": ""ca883155-f78a-4aaf-a5a3-c9d70c41512a"", ""rounding_type"": 0, ""resource_uri"": ""/resources/AppliedTaxOrderItem/50748515/""}]",[],[],[],[],"""[]""",41ec1a7c-bd9d-4b5b-8a56-fc472f5a90eb,false,,,,,,,,,134db24a-eae5-4cb0-aaf2-070c4a704a86,0,/resources/Product/14511/,134db24a-eae5-4cb0-aaf2-070c4a704a86,,1,,0,true,true,false,,,0,false,,/enterprise/User/35616/,/enterprise/User/35616/,/resources/PosStation/1157/,2026-06-24T12:15:45,2026-06-24T12:17:57,15194420
49769220,15198497,26,14324,Laynes Sauce,Laynes Sauce,2730,Food,1.000,0.690000,0.690000,false,2026-06-24T13:56:07,2026-06-24 13:56:07-05:00,2026-06-24T13:56:59,2026-06-24 13:56:59-05:00,35616,35616,,/resources/Product/14324/,0,0.690000,0.690000,0.056925,0.000000,0.690000,0.000000,0.000000,0.000000,,,0.000000,0.000000,0.000000,0.000000,0.000000,0.000000,0.000000,"[{""max_quantity_threshold"": 0, ""min_quantity_threshold"": 0, ""tax_amount"": ""0.0569"", ""name"": ""Sales Tax"", ""max_threshold"": ""0.0000"", ""min_threshold"": ""0.0000"", ""tax_type"": 0, ""flat_tax_units"": 0, ""on_full_price"": true, ""id"": 50766799, ""tax_rate"": ""8.2500"", ""actual_tax_rate"": ""8.2500"", ""tax_table"": null, ""order_item"": ""/resources/OrderItem/49769220/"", ""fiscal_rate"": ""2"", ""local_tax_id"": 590, ""uuid"": ""d5b003f9-1a82-4111-870a-07c2c16d2774"", ""rounding_type"": 0, ""resource_uri"": ""/resources/AppliedTaxOrderItem/50766799/""}]",[],[],[],[],"""[]""",14be96c9-d9af-40e9-9d4d-4b46167ed57b,false,,,,,,,,,87ac7927-b7b2-4efe-8b2a-4727ddb03844,0,/resources/Product/14505/,87ac7927-b7b2-4efe-8b2a-4727ddb03844,,4,,0,true,true,false,,,0,false,,/enterprise/User/35616/,/enterprise/User/35616/,/resources/PosStation/1153/,2026-06-24T13:56:03,2026-06-24T13:56:54,15198497
49782986,15201953,26,14548,** 5 Finger Spicy **,** 5 Finger Spicy **,2760,Meals,1.000,6.140000,6.140000,false,2026-06-24T16:15:17,2026-06-24 16:15:17-05:00,2026-06-24T16:23:16,2026-06-24 16:23:16-05:00,38670,35616,,/resources/Product/14548/,1,6.140000,6.140000,0.506550,0.000000,6.140000,0.000000,0.000000,0.000000,,,0.000000,0.000000,0.000000,0.000000,5.310000,0.000000,0.000000,"[{""max_quantity_threshold"": 0, ""min_quantity_threshold"": 0, ""tax_amount"": ""0.5065"", ""name"": ""Sales Tax"", ""max_threshold"": ""0.0000"", ""min_threshold"": ""0.0000"", ""tax_type"": 0, ""flat_tax_units"": 0, ""on_full_price"": true, ""id"": 50780823, ""tax_rate"": ""8.2500"", ""actual_tax_rate"": ""8.2500"", ""tax_table"": null, ""order_item"": ""/resources/OrderItem/49782986/"", ""fiscal_rate"": ""2"", ""local_tax_id"": 590, ""uuid"": ""f29b17b5-7d10-4185-91ba-d1a8e1cfad8c"", ""rounding_type"": 0, ""resource_uri"": ""/resources/AppliedTaxOrderItem/50780823/""}]",[],"[{""qty_type"": 0, ""uuid"": ""5f916cb7-fc20-44da-bda4-78176ceaa620"", ""substitution_of"": null, ""no_modifier_substitute"": false, ""mod_type"": 0, ""modifier_cost"": ""0.0000"", ""qty"": ""1.0"", ""is_discounted"": false, ""split_combo_data"": {""inherited_from_parent"": false, ""combo_fraction_part"": 0, ""overriden_price"": 0}, ""modifier_price"": ""0.0"", ""order_item"": ""/resources/OrderItem/49782986/"", ""is_substituted"": false, ""modifier"": ""/resources/Modifier/18222/"", ""id"": 27017815, ""conditional_of"": null, ""resource_uri"": ""/resources/ModifierItem/27017815/""}]",[],[],"""[]""",32905942-f000-43b0-94ca-3b9a9d7ba06d,false,,,,,,,,,ebeab385-e7ac-4c0b-b1e7-8b7e42c8b530,0,/resources/Product/14500/,ebeab385-e7ac-4c0b-b1e7-8b7e42c8b530,,4,,0,true,true,false,,,0,false,,/enterprise/User/38670/,/enterprise/User/35616/,/resources/PosStation/1153/,2026-06-24T16:15:13,2026-06-24T16:23:11,15201953
49805334,15207183,26,14328,Jalapeno Ranch,Jalapeno Ranch,2730,Food,1.000,0.690000,0.690000,false,2026-06-24T19:08:11,2026-06-24 19:08:11-05:00,2026-06-24T19:09:16,2026-06-24 19:09:16-05:00,52540,35616,,/resources/Product/14328/,0,0.690000,0.690000,0.056925,0.000000,0.690000,0.000000,0.000000,0.000000,,,0.000000,0.000000,0.000000,0.000000,0.000000,0.000000,0.000000,"[{""max_quantity_threshold"": 0, ""min_quantity_threshold"": 0, ""tax_amount"": ""0.0569"", ""name"": ""Sales Tax"", ""max_threshold"": ""0.0000"", ""min_threshold"": ""0.0000"", ""tax_type"": 0, ""flat_tax_units"": 0, ""on_full_price"": true, ""id"": 50803512, ""tax_rate"": ""8.2500"", ""actual_tax_rate"": ""8.2500"", ""tax_table"": null, ""order_item"": ""/resources/OrderItem/49805334/"", ""fiscal_rate"": ""2"", ""local_tax_id"": 590, ""uuid"": ""e094d76c-de99-43b9-a2f8-03081debf743"", ""rounding_type"": 0, ""resource_uri"": ""/resources/AppliedTaxOrderItem/50803512/""}]",[],[],[],[],"""[]""",55f8b62b-9578-49fd-afc1-7cf69725cda5,false,,,,,,,,,0804686e-50a9-485c-9680-0e89a0563eec,0,/resources/Product/14507/,0804686e-50a9-485c-9680-0e89a0563eec,,4,,0,true,true,false,,,0,false,,/enterprise/User/52540/,/enterprise/User/35616/,/resources/PosStation/1153/,2026-06-24T19:08:06,2026-06-24T19:09:11,15207183
49820939,15210628,26,14324,Laynes Sauce,Laynes Sauce,2730,Food,1.000,0.690000,0.690000,false,2026-06-24T21:07:41,2026-06-24 21:07:41-05:00,2026-06-24T21:09:10,2026-06-24 21:09:10-05:00,52540,37426,,/resources/Product/14324/,0,0.690000,0.690000,0.056925,0.000000,0.690000,0.000000,0.000000,0.000000,,,0.000000,0.000000,0.000000,0.000000,0.000000,0.000000,0.000000,"[{""max_quantity_threshold"": 0, ""min_quantity_threshold"": 0, ""tax_amount"": ""0.0569"", ""name"": ""Sales Tax"", ""max_threshold"": ""0.0000"", ""min_threshold"": ""0.0000"", ""tax_type"": 0, ""flat_tax_units"": 0, ""on_full_price"": true, ""id"": 50819251, ""tax_rate"": ""8.2500"", ""actual_tax_rate"": ""8.2500"", ""tax_table"": null, ""order_item"": ""/resources/OrderItem/49820939/"", ""fiscal_rate"": ""2"", ""local_tax_id"": 590, ""uuid"": ""3b54f3a0-3c4b-4401-a4c7-bbe9465584c7"", ""rounding_type"": 0, ""resource_uri"": ""/resources/AppliedTaxOrderItem/50819251/""}]",[],[],[],[],"""[]""",b2f44ab0-c92c-4fc3-997a-cbbd8d386bd8,false,,,,,,,,,efe080e7-3938-48fb-891f-c8500529f901,0,/resources/Product/14511/,efe080e7-3938-48fb-891f-c8500529f901,,4,,0,true,true,false,,,0,false,,/enterprise/User/52540/,/enterprise/User/37426/,/resources/PosStation/1153/,2026-06-24T21:07:37,2026-06-24T21:08:42,15210628
49835971,15214535,26,14535,Fries,Fries,2759,Fries - Choice,1.000,2.690000,2.690000,false,2026-06-25T11:12:31,2026-06-25 11:12:31-05:00,2026-06-25T11:13:30,2026-06-25 11:13:30-05:00,35616,35616,,/resources/Product/14535/,0,2.690000,2.690000,0.221925,0.000000,2.690000,0.000000,0.000000,0.000000,,,0.000000,0.000000,0.000000,0.000000,0.000000,0.000000,0.000000,"[{""max_quantity_threshold"": 0, ""min_quantity_threshold"": 0, ""tax_amount"": ""0.2219"", ""name"": ""Sales Tax"", ""max_threshold"": ""0.0000"", ""min_threshold"": ""0.0000"", ""tax_type"": 0, ""flat_tax_units"": 0, ""on_full_price"": true, ""id"": 50834420, ""tax_rate"": ""8.2500"", ""actual_tax_rate"": ""8.2500"", ""tax_table"": null, ""order_item"": ""/resources/OrderItem/49835971/"", ""fiscal_rate"": ""2"", ""local_tax_id"": 590, ""uuid"": ""faea599f-637c-43e2-84ce-bfafa4269277"", ""rounding_type"": 0, ""resource_uri"": ""/resources/AppliedTaxOrderItem/50834420/""}]",[],[],[],[],"""[]""",1c286431-6fa6-4c1a-9751-8fe6f70bdcec,false,,,,,,,,,c7936853-74fe-464c-9169-b6f5c7648bc4,0,/resources/Product/14505/,c7936853-74fe-464c-9169-b6f5c7648bc4,,4,,0,true,true,false,,,0,false,,/enterprise/User/35616/,/enterprise/User/35616/,/resources/PosStation/1151/,2026-06-25T11:12:27,2026-06-25T11:13:25,15214535
49845398,15216531,26,14484,Large Sweet Tea,Large Sweet Tea,2735,Drinks,1.000,3.690000,3.690000,false,2026-06-25T12:02:25,2026-06-25 12:02:25-05:00,2026-06-25T12:04:43,2026-06-25 12:04:43-05:00,52540,35616,,/resources/Product/14484/,0,3.690000,3.690000,0.304425,0.000000,3.690000,0.000000,0.000000,0.000000,,,0.000000,0.000000,0.000000,0.000000,0.000000,0.000000,0.510000,"[{""max_quantity_threshold"": 0, ""min_quantity_threshold"": 0, ""tax_amount"": ""0.3044"", ""name"": ""Sales Tax"", ""max_threshold"": ""0.0000"", ""min_threshold"": ""0.0000"", ""tax_type"": 0, ""flat_tax_units"": 0, ""on_full_price"": true, ""id"": 50844079, ""tax_rate"": ""8.2500"", ""actual_tax_rate"": ""8.2500"", ""tax_table"": null, ""order_item"": ""/resources/OrderItem/49845398/"", ""fiscal_rate"": ""2"", ""local_tax_id"": 590, ""uuid"": ""9f271847-03d2-43a1-8de6-3220c87f33b7"", ""rounding_type"": 0, ""resource_uri"": ""/resources/AppliedTaxOrderItem/50844079/""}]",[],[],[],[],"""[]""",8c858efb-6628-4c0f-9e41-9c70987a8272,false,,,,,,,,,1c328ff9-3325-4feb-bcfc-ca63786b29ab,0,/resources/Product/14507/,1c328ff9-3325-4feb-bcfc-ca63786b29ab,,4,,0,true,true,false,,,0,false,,/enterprise/User/52540/,/enterprise/User/35616/,/resources/PosStation/1153/,2026-06-25T12:02:20,2026-06-25T12:04:38,15216531
49856305,15218525,26,14324,Laynes Sauce,Laynes Sauce,2730,Food,1.000,0.690000,0.690000,false,2026-06-25T12:47:54,2026-06-25 12:47:54-05:00,2026-06-25T12:49:04,2026-06-25 12:49:04-05:00,35616,35616,,/resources/Product/14324/,0,0.690000,0.690000,0.056925,0.000000,0.690000,0.000000,0.000000,0.000000,,,0.000000,0.000000,0.000000,0.000000,0.000000,0.000000,0.000000,"[{""max_quantity_threshold"": 0, ""min_quantity_threshold"": 0, ""tax_amount"": ""0.0569"", ""name"": ""Sales Tax"", ""max_threshold"": ""0.0000"", ""min_threshold"": ""0.0000"", ""tax_type"": 0, ""flat_tax_units"": 0, ""on_full_price"": true, ""id"": 50855157, ""tax_rate"": ""8.2500"", ""actual_tax_rate"": ""8.2500"", ""tax_table"": null, ""order_item"": ""/resources/OrderItem/49856305/"", ""fiscal_rate"": ""2"", ""local_tax_id"": 590, ""uuid"": ""c92e3ffc-8a4f-4bf7-93f5-fc54da824a20"", ""rounding_type"": 0, ""resource_uri"": ""/resources/AppliedTaxOrderItem/50855157/""}]",[],[],[],[],"""[]""",baccd87b-6271-493b-a2fe-138bdfc42ac6,false,,,,,,,,,16c79cf6-84e1-4df4-8855-6552e5950564,0,/resources/Product/14507/,16c79cf6-84e1-4df4-8855-6552e5950564,,1,,0,true,true,false,,,0,false,,/enterprise/User/35616/,/enterprise/User/35616/,/resources/PosStation/1157/,2026-06-25T12:47:53,2026-06-25T12:49:03,15218525
49867100,15221552,26,14475,LOBBY DRINK,LOBBY DRINK,2735,Drinks,1.000,2.690000,2.690000,false,2026-06-25T13:51:30,2026-06-25 13:51:30-05:00,2026-06-25T13:51:45,2026-06-25 13:51:45-05:00,80870,80870,,/resources/Product/14475/,0,2.690000,2.690000,0.221925,0.000000,2.690000,0.000000,0.000000,0.000000,,,0.000000,0.000000,0.000000,0.000000,0.000000,0.000000,0.000000,"[{""max_quantity_threshold"": 0, ""min_quantity_threshold"": 0, ""tax_amount"": ""0.2219"", ""name"": ""Sales Tax"", ""max_threshold"": ""0.0000"", ""min_threshold"": ""0.0000"", ""tax_type"": 0, ""flat_tax_units"": 0, ""on_full_price"": true, ""id"": 50866125, ""tax_rate"": ""8.2500"", ""actual_tax_rate"": ""8.2500"", ""tax_table"": null, ""order_item"": ""/resources/OrderItem/49867100/"", ""fiscal_rate"": ""2"", ""local_tax_id"": 590, ""uuid"": ""e76717dc-923c-4a25-8f61-3c1a72e397a1"", ""rounding_type"": 0, ""resource_uri"": ""/resources/AppliedTaxOrderItem/50866125/""}]",[],[],[],[],"""[]""",91828414-2128-4d31-99f2-b7de9c9a662a,false,,,,,,,,,75d29ce4-6196-43a5-bbfe-c14f64216c78,0,/resources/Product/14510/,75d29ce4-6196-43a5-bbfe-c14f64216c78,,0,,0,true,false,false,,,0,false,,/enterprise/User/80870/,/enterprise/User/80870/,/resources/PosStation/1157/,,,15221552
49881311,15225181,26,14524,Toast,Toast,2758,Toast Choice,1.000,1.090000,1.090000,false,2026-06-25T15:58:32,2026-06-25 15:58:32-05:00,2026-06-25T16:00:48,2026-06-25 16:00:48-05:00,35616,35616,,/resources/Product/14524/,0,1.090000,1.090000,0.089925,0.000000,1.090000,0.000000,0.000000,0.000000,,,0.000000,0.000000,0.000000,0.000000,0.000000,0.000000,0.000000,"[{""max_quantity_threshold"": 0, ""min_quantity_threshold"": 0, ""tax_amount"": ""0.0899"", ""name"": ""Sales Tax"", ""max_threshold"": ""0.0000"", ""min_threshold"": ""0.0000"", ""tax_type"": 0, ""flat_tax_units"": 0, ""on_full_price"": true, ""id"": 50880574, ""tax_rate"": ""8.2500"", ""actual_tax_rate"": ""8.2500"", ""tax_table"": null, ""order_item"": ""/resources/OrderItem/49881311/"", ""fiscal_rate"": ""2"", ""local_tax_id"": 590, ""uuid"": ""5f12cc35-80ca-44ed-9344-abafee03deb5"", ""rounding_type"": 0, ""resource_uri"": ""/resources/AppliedTaxOrderItem/50880574/""}]",[],[],[],[],"""[]""",80b50a25-3cc6-49af-b3ed-b13f3d8cba86,false,,,,,,,,,25a4636c-17b1-433f-8267-09f803c252b0,0,/resources/Product/14500/,25a4636c-17b1-433f-8267-09f803c252b0,,1,,0,true,true,false,,,0,false,,/enterprise/User/35616/,/enterprise/User/35616/,/resources/PosStation/1150/,2026-06-25T15:58:31,2026-06-25T16:00:46,15225181
49897633,15229052,26,14326,Honey Mustard,Honey Mustard,2730,Food,1.000,0.690000,0.690000,false,2026-06-25T18:06:47,2026-06-25 18:06:47-05:00,2026-06-25T18:15:52,2026-06-25 18:15:52-05:00,35616,35616,,/resources/Product/14326/,0,0.690000,0.690000,0.056925,0.000000,0.690000,0.000000,0.000000,0.000000,,,0.000000,0.000000,0.000000,0.000000,0.000000,0.000000,0.000000,"[{""max_quantity_threshold"": 0, ""min_quantity_threshold"": 0, ""tax_amount"": ""0.0569"", ""name"": ""Sales Tax"", ""max_threshold"": ""0.0000"", ""min_threshold"": ""0.0000"", ""tax_type"": 0, ""flat_tax_units"": 0, ""on_full_price"": true, ""id"": 50897167, ""tax_rate"": ""8.2500"", ""actual_tax_rate"": ""8.2500"", ""tax_table"": null, ""order_item"": ""/resources/OrderItem/49897633/"", ""fiscal_rate"": ""2"", ""local_tax_id"": 590, ""uuid"": ""7b795e50-c5f5-427a-b007-8d8ca4243dfe"", ""rounding_type"": 0, ""resource_uri"": ""/resources/AppliedTaxOrderItem/50897167/""}]",[],[],[],[],"""[]""",b01469d7-bc34-4811-9b7a-f4d642e4a20b,false,,,,,,,,,168409d8-a96a-4e31-bd82-158f1701a31c,0,/resources/Product/14500/,168409d8-a96a-4e31-bd82-158f1701a31c,,4,,0,true,true,false,,,0,false,,/enterprise/User/35616/,/enterprise/User/35616/,/resources/PosStation/1153/,2026-06-25T18:06:43,2026-06-25T18:11:48,15229052
49909239,15231010,26,14524,Toast,Toast,2758,Toast Choice,1.000,1.090000,1.090000,false,2026-06-25T19:20:48,2026-06-25 19:20:48-05:00,2026-06-25T19:23:13,2026-06-25 19:23:13-05:00,35616,35616,,/resources/Product/14524/,0,1.090000,1.090000,0.089925,0.000000,1.090000,0.000000,0.000000,0.000000,,,0.000000,0.000000,0.000000,0.000000,0.000000,0.000000,0.000000,"[{""max_quantity_threshold"": 0, ""min_quantity_threshold"": 0, ""tax_amount"": ""0.0899"", ""name"": ""Sales Tax"", ""max_threshold"": ""0.0000"", ""min_threshold"": ""0.0000"", ""tax_type"": 0, ""flat_tax_units"": 0, ""on_full_price"": true, ""id"": 50908863, ""tax_rate"": ""8.2500"", ""actual_tax_rate"": ""8.2500"", ""tax_table"": null, ""order_item"": ""/resources/OrderItem/49909239/"", ""fiscal_rate"": ""2"", ""local_tax_id"": 590, ""uuid"": ""78ee5fab-1f6a-4e37-88a7-0daee4834f6a"", ""rounding_type"": 0, ""resource_uri"": ""/resources/AppliedTaxOrderItem/50908863/""}]",[],[],[],[],"""[]""",3e60585a-327c-4355-96a5-e2cf522cde85,false,,,,,,,,,49ac0633-78f0-425a-a329-826d8ee62692,0,/resources/Product/14500/,49ac0633-78f0-425a-a329-826d8ee62692,,4,,0,true,true,false,,,0,false,,/enterprise/User/35616/,/enterprise/User/35616/,/resources/PosStation/1153/,2026-06-25T19:20:44,2026-06-25T19:23:07,15231010
49924029,15234035,26,14548,** 5 Finger Spicy **,** 5 Finger Spicy **,2760,Meals,1.000,5.140000,5.140000,false,2026-06-25T21:10:09,2026-06-25 21:10:09-05:00,2026-06-25T21:11:42,2026-06-25 21:11:42-05:00,75716,35616,,/resources/Product/14548/,0,5.140000,5.140000,0.424050,0.000000,5.140000,0.000000,0.000000,0.000000,,,0.000000,0.000000,0.000000,0.000000,6.310000,0.000000,0.000000,"[{""max_quantity_threshold"": 0, ""min_quantity_threshold"": 0, ""tax_amount"": ""0.4240"", ""name"": ""Sales Tax"", ""max_threshold"": ""0.0000"", ""min_threshold"": ""0.0000"", ""tax_type"": 0, ""flat_tax_units"": 0, ""on_full_price"": true, ""id"": 50923725, ""tax_rate"": ""8.2500"", ""actual_tax_rate"": ""8.2500"", ""tax_table"": null, ""order_item"": ""/resources/OrderItem/49924029/"", ""fiscal_rate"": ""2"", ""local_tax_id"": 590, ""uuid"": ""e27bfd6e-122d-408d-8ae0-02fb4ef34e5f"", ""rounding_type"": 0, ""resource_uri"": ""/resources/AppliedTaxOrderItem/50923725/""}]",[],[],[],[],"""[]""",810bd275-4870-42d4-ae3c-eb09f05bd985,false,,,,,,,,,a06481fd-0278-484a-ba8c-8a8834e14712,0,/resources/Product/14500/,a06481fd-0278-484a-ba8c-8a8834e14712,,4,,0,true,true,false,,,0,false,,/enterprise/User/75716/,/enterprise/User/35616/,/resources/PosStation/1153/,2026-06-25T21:10:05,2026-06-25T21:11:37,15234035
49931794,15236694,26,14326,Honey Mustard,Honey Mustard,2730,Food,1.000,0.690000,0.690000,false,2026-06-25T22:47:08,2026-06-25 22:47:08-05:00,2026-06-25T22:49:42,2026-06-25 22:49:42-05:00,75716,84406,,/resources/Product/14326/,0,0.690000,0.690000,0.056925,0.000000,0.690000,0.000000,0.000000,0.000000,,,0.000000,0.000000,0.000000,0.000000,0.000000,0.000000,0.000000,"[{""max_quantity_threshold"": 0, ""min_quantity_threshold"": 0, ""tax_amount"": ""0.0569"", ""name"": ""Sales Tax"", ""max_threshold"": ""0.0000"", ""min_threshold"": ""0.0000"", ""tax_type"": 0, ""flat_tax_units"": 0, ""on_full_price"": true, ""id"": 50931412, ""tax_rate"": ""8.2500"", ""actual_tax_rate"": ""8.2500"", ""tax_table"": null, ""order_item"": ""/resources/OrderItem/49931794/"", ""fiscal_rate"": ""2"", ""local_tax_id"": 590, ""uuid"": ""96e1b7a0-f645-4a47-a9cd-ec1cca1c5f89"", ""rounding_type"": 0, ""resource_uri"": ""/resources/AppliedTaxOrderItem/50931412/""}]",[],[],[],[],"""[]""",d8356cf5-deb6-4a9b-b1ff-abbcadfa030e,false,,,,,,,,,4cbda251-cdc5-4003-bedb-2214a57df6b0,0,/resources/Product/14505/,4cbda251-cdc5-4003-bedb-2214a57df6b0,,4,,0,true,true,false,,,0,false,,/enterprise/User/75716/,/enterprise/User/84406/,/resources/PosStation/1153/,2026-06-25T22:47:03,2026-06-25T22:49:37,15236694
49944023,15239750,26,14324,Laynes Sauce,Laynes Sauce,2730,Food,2.000,0.690000,1.380000,false,2026-06-26T11:39:12,2026-06-26 11:39:12-05:00,2026-06-26T11:41:06,2026-06-26 11:41:06-05:00,75716,37532,,/resources/Product/14324/,0,0.690000,1.380000,0.113850,0.000000,0.690000,0.000000,0.000000,0.000000,,,0.000000,0.000000,0.000000,0.000000,0.000000,0.000000,0.000000,"[{""max_quantity_threshold"": 0, ""min_quantity_threshold"": 0, ""tax_amount"": ""0.1139"", ""name"": ""Sales Tax"", ""max_threshold"": ""0.0000"", ""min_threshold"": ""0.0000"", ""tax_type"": 0, ""flat_tax_units"": 0, ""on_full_price"": true, ""id"": 50943890, ""tax_rate"": ""8.2500"", ""actual_tax_rate"": ""8.2500"", ""tax_table"": null, ""order_item"": ""/resources/OrderItem/49944023/"", ""fiscal_rate"": ""2"", ""local_tax_id"": 590, ""uuid"": ""2fee6220-cae1-464d-8e73-7d1aa31b1de5"", ""rounding_type"": 0, ""resource_uri"": ""/resources/AppliedTaxOrderItem/50943890/""}]",[],[],[],[],"""[]""",199d21fe-105b-44f5-b7dc-dd38a0568fc2,false,,,,,,,,,2751e2c1-4221-42e6-a02f-623d2067465d,0,/resources/Product/14500/,2751e2c1-4221-42e6-a02f-623d2067465d,,4,,0,true,true,false,,,0,false,,/enterprise/User/75716/,/enterprise/User/37532/,/resources/PosStation/1153/,2026-06-26T11:39:07,2026-06-26T11:41:00,15239750
49963548,15243970,26,14535,Fries,Fries,2759,Fries - Choice,1.000,2.690000,2.690000,false,2026-06-26T13:04:13,2026-06-26 13:04:13-05:00,2026-06-26T13:08:22,2026-06-26 13:08:22-05:00,75716,84406,,/resources/Product/14535/,0,2.690000,2.690000,0.221925,0.000000,2.690000,0.000000,0.000000,0.000000,,,0.000000,0.000000,0.000000,0.000000,0.000000,0.000000,0.000000,"[{""max_quantity_threshold"": 0, ""min_quantity_threshold"": 0, ""tax_amount"": ""0.2219"", ""name"": ""Sales Tax"", ""max_threshold"": ""0.0000"", ""min_threshold"": ""0.0000"", ""tax_type"": 0, ""flat_tax_units"": 0, ""on_full_price"": true, ""id"": 50963696, ""tax_rate"": ""8.2500"", ""actual_tax_rate"": ""8.2500"", ""tax_table"": null, ""order_item"": ""/resources/OrderItem/49963548/"", ""fiscal_rate"": ""2"", ""local_tax_id"": 590, ""uuid"": ""dc5fc2fa-a22d-4520-aed1-bb58cc16a911"", ""rounding_type"": 0, ""resource_uri"": ""/resources/AppliedTaxOrderItem/50963696/""}]",[],[],[],[],"""[]""",8b436b3f-3d2f-43f3-97dc-7eca93ba4055,false,,,,,,,,,1591e340-9004-43fe-9d66-0640f5bba577,0,/resources/Product/14503/,1591e340-9004-43fe-9d66-0640f5bba577,,4,,0,true,true,false,,,0,false,,/enterprise/User/75716/,/enterprise/User/84406/,/resources/PosStation/1153/,2026-06-26T13:04:09,2026-06-26T13:08:16,15243970
49980754,15248005,26,14524,Toast,Toast,2758,Toast Choice,1.000,1.090000,1.090000,false,2026-06-26T14:56:53,2026-06-26 14:56:53-05:00,2026-06-26T14:58:47,2026-06-26 14:58:47-05:00,75716,84406,,/resources/Product/14524/,0,1.090000,1.090000,0.089925,0.000000,1.090000,0.000000,0.000000,0.000000,,,0.000000,0.000000,0.000000,0.000000,0.000000,0.000000,0.000000,"[{""max_quantity_threshold"": 0, ""min_quantity_threshold"": 0, ""tax_amount"": ""0.0899"", ""name"": ""Sales Tax"", ""max_threshold"": ""0.0000"", ""min_threshold"": ""0.0000"", ""tax_type"": 0, ""flat_tax_units"": 0, ""on_full_price"": true, ""id"": 50981203, ""tax_rate"": ""8.2500"", ""actual_tax_rate"": ""8.2500"", ""tax_table"": null, ""order_item"": ""/resources/OrderItem/49980754/"", ""fiscal_rate"": ""2"", ""local_tax_id"": 590, ""uuid"": ""dc0af289-d2fc-4904-9e66-d5ea7ba2cd3a"", ""rounding_type"": 0, ""resource_uri"": ""/resources/AppliedTaxOrderItem/50981203/""}]",[],[],[],[],"""[]""",e440e4a9-869a-4df4-9eb8-0e2f40c585ce,false,,,,,,,,,d6a9277f-e02e-4047-b706-27d2b9e6659d,0,/resources/Product/14500/,d6a9277f-e02e-4047-b706-27d2b9e6659d,,4,,0,true,true,false,,,0,false,,/enterprise/User/75716/,/enterprise/User/84406/,/resources/PosStation/1153/,2026-06-26T14:56:48,2026-06-26T14:57:21,15248005
49995877,15251723,26,14324,Laynes Sauce,Laynes Sauce,2730,Food,1.000,0.690000,0.690000,false,2026-06-26T17:08:11,2026-06-26 17:08:11-05:00,2026-06-26T17:19:38,2026-06-26 17:19:38-05:00,84406,84406,,/resources/Product/14324/,0,0.690000,0.690000,0.056925,0.000000,0.690000,0.000000,0.000000,0.000000,,,0.000000,0.000000,0.000000,0.000000,0.000000,0.000000,0.000000,"[{""max_quantity_threshold"": 0, ""min_quantity_threshold"": 0, ""tax_amount"": ""0.0569"", ""name"": ""Sales Tax"", ""max_threshold"": ""0.0000"", ""min_threshold"": ""0.0000"", ""tax_type"": 0, ""flat_tax_units"": 0, ""on_full_price"": true, ""id"": 50996755, ""tax_rate"": ""8.2500"", ""actual_tax_rate"": ""8.2500"", ""tax_table"": null, ""order_item"": ""/resources/OrderItem/49995877/"", ""fiscal_rate"": ""2"", ""local_tax_id"": 590, ""uuid"": ""04294bff-3eb6-46f8-8c59-1938f654f259"", ""rounding_type"": 0, ""resource_uri"": ""/resources/AppliedTaxOrderItem/50996755/""}]",[],[],[],[],"""[]""",f2b51ba5-0cb4-433c-8731-dfa19730e5fb,false,,,,,,,,,,0,,,,0,,0,true,true,false,,,0,false,,/enterprise/User/84406/,/enterprise/User/84406/,/resources/PosStation/1157/,2026-06-26T17:08:10,2026-06-26T17:21:28,15251723
50015946,15254510,26,14324,Laynes Sauce,Laynes Sauce,2730,Food,1.000,0.690000,0.690000,false,2026-06-26T19:08:39,2026-06-26 19:08:39-05:00,2026-06-26T19:18:07,2026-06-26 19:18:07-05:00,84406,84406,,/resources/Product/14324/,0,0.690000,0.690000,0.056925,0.000000,0.690000,0.000000,0.000000,0.000000,,,0.000000,0.000000,0.000000,0.000000,0.000000,0.000000,0.000000,"[{""max_quantity_threshold"": 0, ""min_quantity_threshold"": 0, ""tax_amount"": ""0.0569"", ""name"": ""Sales Tax"", ""max_threshold"": ""0.0000"", ""min_threshold"": ""0.0000"", ""tax_type"": 0, ""flat_tax_units"": 0, ""on_full_price"": true, ""id"": 51017206, ""tax_rate"": ""8.2500"", ""actual_tax_rate"": ""8.2500"", ""tax_table"": null, ""order_item"": ""/resources/OrderItem/50015946/"", ""fiscal_rate"": ""2"", ""local_tax_id"": 590, ""uuid"": ""0469a5c1-7fe4-44de-baaf-6bc710429ceb"", ""rounding_type"": 0, ""resource_uri"": ""/resources/AppliedTaxOrderItem/51017206/""}]",[],[],[],[],"""[]""",a13d69e0-5b66-443f-b754-98243c95f706,false,,,,,,,,,c4f81d31-da4c-4c1e-9f23-b3cbcf3851b2,0,/resources/Product/14507/,c4f81d31-da4c-4c1e-9f23-b3cbcf3851b2,,1,,0,true,true,false,,,0,false,,/enterprise/User/84406/,/enterprise/User/84406/,/resources/PosStation/1157/,2026-06-26T19:08:37,2026-06-26T19:18:05,15254510
50030538,15258729,26,14524,Toast,Toast,2758,Toast Choice,1.000,1.090000,1.090000,false,2026-06-26T20:32:50,2026-06-26 20:32:50-05:00,2026-06-26T20:33:59,2026-06-26 20:33:59-05:00,52540,52540,,/resources/Product/14524/,0,1.090000,1.090000,0.089925,0.000000,1.090000,0.000000,0.000000,0.000000,,,0.000000,0.000000,0.000000,0.000000,0.000000,0.000000,0.000000,"[{""max_quantity_threshold"": 0, ""min_quantity_threshold"": 0, ""tax_amount"": ""0.0899"", ""name"": ""Sales Tax"", ""max_threshold"": ""0.0000"", ""min_threshold"": ""0.0000"", ""tax_type"": 0, ""flat_tax_units"": 0, ""on_full_price"": true, ""id"": 51032042, ""tax_rate"": ""8.2500"", ""actual_tax_rate"": ""8.2500"", ""tax_table"": null, ""order_item"": ""/resources/OrderItem/50030538/"", ""fiscal_rate"": ""2"", ""local_tax_id"": 590, ""uuid"": ""9fe7d1b8-e4d1-4a0f-8eb6-2051de57fb13"", ""rounding_type"": 0, ""resource_uri"": ""/resources/AppliedTaxOrderItem/51032042/""}]",[],[],[],[],"""[]""",fc2ce7ef-1345-4a7c-8e6b-461b56efe4da,false,,,,,,,,,1a6eb0ef-f7c1-4faf-941c-54f072563fda,0,/resources/Product/14500/,1a6eb0ef-f7c1-4faf-941c-54f072563fda,,4,,0,true,true,false,,,0,false,,/enterprise/User/52540/,/enterprise/User/52540/,/resources/PosStation/1153/,2026-06-26T20:32:45,2026-06-26T20:33:54,15258729
50053060,15264197,26,14347,** Cookie **,** Cookie **,2730,Food,1.000,2.990000,2.990000,false,2026-06-27T10:16:10,2026-06-27 10:16:10-05:00,2026-06-27T10:17:03,2026-06-27 10:17:03-05:00,37532,38670,,/resources/Product/14347/,1,2.990000,2.990000,0.246675,0.000000,2.990000,0.000000,0.000000,0.000000,,,0.000000,0.000000,0.000000,0.000000,0.000000,0.000000,0.000000,"[{""max_quantity_threshold"": 0, ""min_quantity_threshold"": 0, ""tax_amount"": ""0.2467"", ""name"": ""Sales Tax"", ""max_threshold"": ""0.0000"", ""min_threshold"": ""0.0000"", ""tax_type"": 0, ""flat_tax_units"": 0, ""on_full_price"": true, ""id"": 51054519, ""tax_rate"": ""8.2500"", ""actual_tax_rate"": ""8.2500"", ""tax_table"": null, ""order_item"": ""/resources/OrderItem/50053060/"", ""fiscal_rate"": ""2"", ""local_tax_id"": 590, ""uuid"": ""5bd19a42-f30b-48d6-bd5f-6687ac366e31"", ""rounding_type"": 0, ""resource_uri"": ""/resources/AppliedTaxOrderItem/51054519/""}]",[],"[{""qty_type"": 0, ""uuid"": ""88074b01-80e5-4378-b0b1-a58bda607f48"", ""substitution_of"": null, ""no_modifier_substitute"": false, ""mod_type"": 0, ""modifier_cost"": ""0.0000"", ""qty"": ""1.0"", ""is_discounted"": false, ""split_combo_data"": {""inherited_from_parent"": false, ""combo_fraction_part"": 0, ""overriden_price"": 0}, ""modifier_price"": ""0.0"", ""order_item"": ""/resources/OrderItem/50053060/"", ""is_substituted"": false, ""modifier"": ""/resources/Modifier/18529/"", ""id"": 27073016, ""conditional_of"": null, ""resource_uri"": ""/resources/ModifierItem/27073016/""}]",[],[],"""[]""",c88362cf-ee9d-4f19-af0e-dac2507b56e0,false,,,,,,,,,,0,,,,4,,0,true,true,false,,,0,false,,/enterprise/User/37532/,/enterprise/User/38670/,/resources/PosStation/1153/,2026-06-27T10:16:10,2026-06-27T10:16:41,15264197
50075080,15268556,26,14524,Toast,Toast,2758,Toast Choice,1.000,1.090000,1.090000,false,2026-06-27T13:04:09,2026-06-27 13:04:09-05:00,2026-06-27T13:07:45,2026-06-27 13:07:45-05:00,38670,37532,,/resources/Product/14524/,0,1.090000,1.090000,0.089925,0.000000,1.090000,0.000000,0.000000,0.000000,,,0.000000,0.000000,0.000000,0.000000,0.000000,0.000000,0.000000,"[{""max_quantity_threshold"": 0, ""min_quantity_threshold"": 0, ""tax_amount"": ""0.0899"", ""name"": ""Sales Tax"", ""max_threshold"": ""0.0000"", ""min_threshold"": ""0.0000"", ""tax_type"": 0, ""flat_tax_units"": 0, ""on_full_price"": true, ""id"": 51077064, ""tax_rate"": ""8.2500"", ""actual_tax_rate"": ""8.2500"", ""tax_table"": null, ""order_item"": ""/resources/OrderItem/50075080/"", ""fiscal_rate"": ""2"", ""local_tax_id"": 590, ""uuid"": ""566e1c03-c0cb-4f13-a59d-b3ffecda03be"", ""rounding_type"": 0, ""resource_uri"": ""/resources/AppliedTaxOrderItem/51077064/""}]",[],[],[],[],"""[]""",9510f821-90eb-470c-984d-d6d21bbdf28b,false,,,,,,,,,34eff669-a2a3-4b68-a905-4a3dda78a089,0,/resources/Product/14507/,34eff669-a2a3-4b68-a905-4a3dda78a089,,4,,0,true,true,false,,,0,false,,/enterprise/User/38670/,/enterprise/User/37532/,/resources/PosStation/1153/,2026-06-27T13:04:09,2026-06-27T13:05:59,15268556
50090810,15271431,26,14491,Regular Coke Zero,Regular Coke Zero,2735,Drinks,1.000,2.690000,2.690000,false,2026-06-27T14:42:26,2026-06-27 14:42:26-05:00,2026-06-27T14:43:19,2026-06-27 14:43:19-05:00,38670,37532,,/resources/Product/14491/,0,2.690000,2.690000,0.221925,0.000000,2.690000,0.000000,0.000000,0.000000,,,0.000000,0.000000,0.000000,0.000000,0.000000,0.000000,0.000000,"[{""max_quantity_threshold"": 0, ""min_quantity_threshold"": 0, ""tax_amount"": ""0.2219"", ""name"": ""Sales Tax"", ""max_threshold"": ""0.0000"", ""min_threshold"": ""0.0000"", ""tax_type"": 0, ""flat_tax_units"": 0, ""on_full_price"": true, ""id"": 51093170, ""tax_rate"": ""8.2500"", ""actual_tax_rate"": ""8.2500"", ""tax_table"": null, ""order_item"": ""/resources/OrderItem/50090810/"", ""fiscal_rate"": ""2"", ""local_tax_id"": 590, ""uuid"": ""ee1d9f52-1865-45a1-8268-a07dbf5738e8"", ""rounding_type"": 0, ""resource_uri"": ""/resources/AppliedTaxOrderItem/51093170/""}]",[],[],[],[],"""[]""",af1c94a0-fe25-4674-a993-8687b9e849a9,false,,,,,,,,,965a3b57-6b9d-467a-9bd5-f935af0935b4,0,/resources/Product/14507/,965a3b57-6b9d-467a-9bd5-f935af0935b4,,4,,0,true,true,false,,,0,false,,/enterprise/User/38670/,/enterprise/User/37532/,/resources/PosStation/1153/,2026-06-27T14:42:27,2026-06-27T14:43:17,15271431
50106744,15275239,26,14320,Chicken Finger A la Carte,Chicken Finger A la Carte,2730,Food,4.000,2.290000,9.160000,false,2026-06-27T16:49:28,2026-06-27 16:49:28-05:00,2026-06-27T16:52:18,2026-06-27 16:52:18-05:00,75716,38670,,/resources/Product/14320/,1,2.290000,9.160000,0.755700,0.000000,2.290000,0.000000,0.000000,0.000000,,,0.000000,0.000000,0.000000,0.000000,0.000000,0.000000,0.000000,"[{""max_quantity_threshold"": 0, ""min_quantity_threshold"": 0, ""tax_amount"": ""0.7557"", ""name"": ""Sales Tax"", ""max_threshold"": ""0.0000"", ""min_threshold"": ""0.0000"", ""tax_type"": 0, ""flat_tax_units"": 0, ""on_full_price"": true, ""id"": 51109395, ""tax_rate"": ""8.2500"", ""actual_tax_rate"": ""8.2500"", ""tax_table"": null, ""order_item"": ""/resources/OrderItem/50106744/"", ""fiscal_rate"": ""2"", ""local_tax_id"": 590, ""uuid"": ""ec6e5e26-bbe7-4858-8641-c244ea518eae"", ""rounding_type"": 0, ""resource_uri"": ""/resources/AppliedTaxOrderItem/51109395/""}]",[],"[{""qty_type"": 0, ""uuid"": ""cbc85dbc-f561-40e6-ac0f-c7d6aca6f942"", ""substitution_of"": null, ""no_modifier_substitute"": false, ""mod_type"": 0, ""modifier_cost"": ""0.0000"", ""qty"": ""1.0"", ""is_discounted"": false, ""split_combo_data"": {""inherited_from_parent"": false, ""combo_fraction_part"": 0, ""overriden_price"": 0}, ""modifier_price"": ""0.0"", ""order_item"": ""/resources/OrderItem/50106744/"", ""is_substituted"": false, ""modifier"": ""/resources/Modifier/18514/"", ""id"": 27082826, ""conditional_of"": null, ""resource_uri"": ""/resources/ModifierItem/27082826/""}]",[],[],"""[]""",98c9ec48-efb5-4b84-a760-082f32f7816d,false,,,,,,,,,,0,,,,4,,0,true,true,false,,,0,false,,/enterprise/User/75716/,/enterprise/User/38670/,/resources/PosStation/1153/,2026-06-27T16:49:28,2026-06-27T16:52:17,15275239
50118673,15277636,26,14535,Fries,Fries,2759,Fries - Choice,1.000,2.690000,2.690000,false,2026-06-27T18:22:45,2026-06-27 18:22:45-05:00,2026-06-27T18:25:26,2026-06-27 18:25:26-05:00,52540,38670,,/resources/Product/14535/,0,2.690000,2.690000,0.221925,0.000000,2.690000,0.000000,0.000000,0.000000,,,0.000000,0.000000,0.000000,0.000000,0.000000,0.000000,0.000000,"[{""max_quantity_threshold"": 0, ""min_quantity_threshold"": 0, ""tax_amount"": ""0.2219"", ""name"": ""Sales Tax"", ""max_threshold"": ""0.0000"", ""min_threshold"": ""0.0000"", ""tax_type"": 0, ""flat_tax_units"": 0, ""on_full_price"": true, ""id"": 51121458, ""tax_rate"": ""8.2500"", ""actual_tax_rate"": ""8.2500"", ""tax_table"": null, ""order_item"": ""/resources/OrderItem/50118673/"", ""fiscal_rate"": ""2"", ""local_tax_id"": 590, ""uuid"": ""cc2d58d6-7ba2-4e5e-9e73-76fcaa5f2c4c"", ""rounding_type"": 0, ""resource_uri"": ""/resources/AppliedTaxOrderItem/51121458/""}]",[],[],[],[],"""[]""",0c01d5c2-2cf1-4bb2-876e-53345593e370,false,,,,,,,,,492de9d5-0f55-4f5f-8484-47feba3285f3,0,/resources/Product/14507/,492de9d5-0f55-4f5f-8484-47feba3285f3,,4,,0,true,true,false,,,0,false,,/enterprise/User/52540/,/enterprise/User/38670/,/resources/PosStation/1153/,2026-06-27T18:22:45,2026-06-27T18:25:24,15277636
50137342,15282304,26,14519,Family 10 Regular 10 Spicy,Family 10 Regular 10 Spicy,2757,Family Pack Chicken Choice,1.000,42.470000,42.470000,false,2026-06-27T20:53:36,2026-06-27 20:53:36-05:00,2026-06-27T20:58:44,2026-06-27 20:58:44-05:00,75716,75716,,/resources/Product/14519/,2,42.470000,42.470000,3.503775,0.000000,42.470000,0.000000,0.000000,0.000000,,,0.000000,0.000000,0.000000,0.000000,-42.470000,0.000000,0.000000,"[{""max_quantity_threshold"": 0, ""min_quantity_threshold"": 0, ""tax_amount"": ""3.5038"", ""name"": ""Sales Tax"", ""max_threshold"": ""0.0000"", ""min_threshold"": ""0.0000"", ""tax_type"": 0, ""flat_tax_units"": 0, ""on_full_price"": true, ""id"": 51140251, ""tax_rate"": ""8.2500"", ""actual_tax_rate"": ""8.2500"", ""tax_table"": null, ""order_item"": ""/resources/OrderItem/50137342/"", ""fiscal_rate"": ""2"", ""local_tax_id"": 590, ""uuid"": ""4a99d541-a0ce-4ad9-8fb9-2b2cb7026299"", ""rounding_type"": 0, ""resource_uri"": ""/resources/AppliedTaxOrderItem/51140251/""}]",[],"[{""qty_type"": 0, ""uuid"": ""cb326957-43ee-4edc-afd8-5602540d79fb"", ""substitution_of"": null, ""no_modifier_substitute"": false, ""mod_type"": 0, ""modifier_cost"": ""0.0000"", ""qty"": ""1.0"", ""is_discounted"": false, ""split_combo_data"": {""inherited_from_parent"": false, ""combo_fraction_part"": 0, ""overriden_price"": 0}, ""modifier_price"": ""0.0"", ""order_item"": ""/resources/OrderItem/50137342/"", ""is_substituted"": false, ""modifier"": ""/resources/Modifier/18513/"", ""id"": 27089747, ""conditional_of"": null, ""resource_uri"": ""/resources/ModifierItem/27089747/""}, {""qty_type"": 0, ""uuid"": ""2fc13392-6aac-4fff-b28a-15c5f4166d71"", ""substitution_of"": null, ""no_modifier_substitute"": false, ""mod_type"": 0, ""modifier_cost"": ""0.0000"", ""qty"": ""1.0"", ""is_discounted"": false, ""split_combo_data"": {""inherited_from_parent"": false, ""combo_fraction_part"": 0, ""overriden_price"": 0}, ""modifier_price"": ""0.0"", ""order_item"": ""/resources/OrderItem/50137342/"", ""is_substituted"": false, ""modifier"": ""/resources/Modifier/18512/"", ""id"": 27089748, ""conditional_of"": null, ""resource_uri"": ""/resources/ModifierItem/27089748/""}]",[],[],"""[]""",8dfa06c8-efe8-4953-aeaf-1fa420c2238c,false,,,,,,,,,86c7da76-7ce8-4d8a-a4f0-f026d9e97ada,0,/resources/Product/14440/,86c7da76-7ce8-4d8a-a4f0-f026d9e97ada,,0,,0,true,true,false,,,0,false,,/enterprise/User/75716/,/enterprise/User/75716/,/resources/PosStation/1157/,2026-06-27T20:53:34,2026-06-27T20:58:42,15282304
50146848,15284612,26,14524,Toast,Toast,2758,Toast Choice,1.000,1.090000,1.090000,false,2026-06-27T22:17:53,2026-06-27 22:17:53-05:00,2026-06-27T22:27:54,2026-06-27 22:27:54-05:00,52540,75716,,/resources/Product/14524/,0,1.090000,1.090000,0.089925,0.000000,1.090000,0.000000,0.000000,0.000000,,,0.000000,0.000000,0.000000,0.000000,0.000000,0.000000,0.000000,"[{""max_quantity_threshold"": 0, ""min_quantity_threshold"": 0, ""tax_amount"": ""0.0899"", ""name"": ""Sales Tax"", ""max_threshold"": ""0.0000"", ""min_threshold"": ""0.0000"", ""tax_type"": 0, ""flat_tax_units"": 0, ""on_full_price"": true, ""id"": 51149717, ""tax_rate"": ""8.2500"", ""actual_tax_rate"": ""8.2500"", ""tax_table"": null, ""order_item"": ""/resources/OrderItem/50146848/"", ""fiscal_rate"": ""2"", ""local_tax_id"": 590, ""uuid"": ""8b9dfca9-6deb-4f2f-9a58-9f1de2058a5e"", ""rounding_type"": 0, ""resource_uri"": ""/resources/AppliedTaxOrderItem/51149717/""}]",[],[],[],[],"""[]""",28e1ec7f-0c3d-4706-9934-6489abd73b7b,false,,,,,,,,,71d60039-87c7-441c-936e-ba069067611b,0,/resources/Product/14507/,71d60039-87c7-441c-936e-ba069067611b,,4,,0,true,true,false,,,0,false,,/enterprise/User/52540/,/enterprise/User/75716/,/resources/PosStation/1153/,2026-06-27T22:17:53,2026-06-27T22:26:31,15284612
50165838,15289135,26,14535,Fries,Fries,2759,Fries - Choice,1.000,2.690000,2.690000,false,2026-06-28T11:53:56,2026-06-28 11:53:56-05:00,2026-06-28T12:02:11,2026-06-28 12:02:11-05:00,88846,88846,,/resources/Product/14535/,0,2.690000,2.690000,0.221925,0.000000,2.690000,0.000000,0.000000,0.000000,,,0.000000,0.000000,0.000000,0.000000,0.000000,0.000000,0.000000,"[{""max_quantity_threshold"": 0, ""min_quantity_threshold"": 0, ""tax_amount"": ""0.2219"", ""name"": ""Sales Tax"", ""max_threshold"": ""0.0000"", ""min_threshold"": ""0.0000"", ""tax_type"": 0, ""flat_tax_units"": 0, ""on_full_price"": true, ""id"": 51169315, ""tax_rate"": ""8.2500"", ""actual_tax_rate"": ""8.2500"", ""tax_table"": null, ""order_item"": ""/resources/OrderItem/50165838/"", ""fiscal_rate"": ""2"", ""local_tax_id"": 590, ""uuid"": ""ab691d53-b6c7-47cb-b2fe-950fb52fea84"", ""rounding_type"": 0, ""resource_uri"": ""/resources/AppliedTaxOrderItem/51169315/""}]",[],[],[],[],"""[]""",c70e9651-ef0c-46d7-9783-8472a5c7385e,false,,,,,,,,,44712424-6c4c-45e0-94dc-e396d1727bdd,0,/resources/Product/14507/,44712424-6c4c-45e0-94dc-e396d1727bdd,,1,,0,true,true,false,,,0,false,,/enterprise/User/88846/,/enterprise/User/88846/,/resources/PosStation/1157/,2026-06-28T11:53:53,2026-06-28T12:02:09,15289135
50189018,15292675,26,14451,Kid Coke,Kid Coke,2734,Kid Drinks,1.000,1.690000,1.690000,false,2026-06-28T13:40:54,2026-06-28 13:40:54-05:00,2026-06-28T18:22:18,2026-06-28 18:22:18-05:00,52540,84406,,/resources/Product/14451/,0,1.690000,1.690000,0.139425,0.000000,1.690000,0.000000,0.000000,0.000000,,,0.000000,0.000000,0.000000,0.000000,0.000000,0.000000,0.000000,"[{""max_quantity_threshold"": 0, ""min_quantity_threshold"": 0, ""tax_amount"": ""0.1394"", ""name"": ""Sales Tax"", ""max_threshold"": ""0.0000"", ""min_threshold"": ""0.0000"", ""tax_type"": 0, ""flat_tax_units"": 0, ""on_full_price"": true, ""id"": 51193019, ""tax_rate"": ""8.2500"", ""actual_tax_rate"": ""8.2500"", ""tax_table"": null, ""order_item"": ""/resources/OrderItem/50189018/"", ""fiscal_rate"": ""2"", ""local_tax_id"": 590, ""uuid"": ""356431eb-7c61-4f9c-966d-1e120aebd4ac"", ""rounding_type"": 0, ""resource_uri"": ""/resources/AppliedTaxOrderItem/51193019/""}]",[],[],[],[],"""[]""",15463fe5-f1b9-4856-9d1b-d2c6a4745fb7,false,,,,,,,,,22bcf720-1296-4b6e-8e4a-b7ec515ef2a0,0,/resources/Product/14505/,22bcf720-1296-4b6e-8e4a-b7ec515ef2a0,,4,,0,true,true,false,,,0,false,,/enterprise/User/52540/,/enterprise/User/84406/,/resources/PosStation/1153/,2026-06-28T13:40:53,2026-06-28T18:22:17,15292675
50204022,15296595,26,14324,Laynes Sauce,Laynes Sauce,2730,Food,1.000,0.690000,0.690000,false,2026-06-28T15:25:30,2026-06-28 15:25:30-05:00,2026-06-28T15:26:09,2026-06-28 15:26:09-05:00,88846,88846,,/resources/Product/14324/,0,0.690000,0.690000,0.056925,0.000000,0.690000,0.000000,0.000000,0.000000,,,0.000000,0.000000,0.000000,0.000000,0.000000,0.000000,0.000000,"[{""max_quantity_threshold"": 0, ""min_quantity_threshold"": 0, ""tax_amount"": ""0.0569"", ""name"": ""Sales Tax"", ""max_threshold"": ""0.0000"", ""min_threshold"": ""0.0000"", ""tax_type"": 0, ""flat_tax_units"": 0, ""on_full_price"": true, ""id"": 51208360, ""tax_rate"": ""8.2500"", ""actual_tax_rate"": ""8.2500"", ""tax_table"": null, ""order_item"": ""/resources/OrderItem/50204022/"", ""fiscal_rate"": ""2"", ""local_tax_id"": 590, ""uuid"": ""b63f9b62-c287-46aa-8ddc-50e0c2f3665f"", ""rounding_type"": 0, ""resource_uri"": ""/resources/AppliedTaxOrderItem/51208360/""}]",[],[],[],[],"""[]""",3e25beaf-ac88-4ec0-a508-90cec6fa7a0c,false,,,,,,,,,fc91436c-74f2-4e00-81c2-9db2cadaed6f,0,/resources/Product/14511/,fc91436c-74f2-4e00-81c2-9db2cadaed6f,,1,,0,true,true,false,,,0,false,,/enterprise/User/88846/,/enterprise/User/88846/,/resources/PosStation/1157/,2026-06-28T15:25:27,2026-06-28T15:26:06,15296595
50224831,15301379,26,14559,** 3 Finger Spicy **,** 3 Finger Spicy **,2760,Meals,1.000,3.040000,3.730000,false,2026-06-28T18:01:52,2026-06-28 18:01:52-05:00,2026-06-28T18:05:50,2026-06-28 18:05:50-05:00,84406,84406,,/resources/Product/14559/,1,3.040000,3.730000,0.307725,0.690000,3.040000,0.000000,0.000000,0.000000,,,0.000000,0.000000,0.000000,0.000000,3.830000,0.000000,0.000000,"[{""max_quantity_threshold"": 0, ""min_quantity_threshold"": 0, ""tax_amount"": ""0.3077"", ""name"": ""Sales Tax"", ""max_threshold"": ""0.0000"", ""min_threshold"": ""0.0000"", ""tax_type"": 0, ""flat_tax_units"": 0, ""on_full_price"": true, ""id"": 51229529, ""tax_rate"": ""8.2500"", ""actual_tax_rate"": ""8.2500"", ""tax_table"": null, ""order_item"": ""/resources/OrderItem/50224831/"", ""fiscal_rate"": ""2"", ""local_tax_id"": 590, ""uuid"": ""f7e7ba6e-90ea-40ac-99aa-c13a6a126d1c"", ""rounding_type"": 0, ""resource_uri"": ""/resources/AppliedTaxOrderItem/51229529/""}]",[],"[{""qty_type"": 0, ""uuid"": ""1caeaa08-9069-460e-99e3-7facf6195244"", ""substitution_of"": null, ""no_modifier_substitute"": false, ""mod_type"": 0, ""modifier_cost"": ""0.0000"", ""qty"": ""1.0"", ""is_discounted"": false, ""split_combo_data"": {""inherited_from_parent"": false, ""combo_fraction_part"": 0, ""overriden_price"": 0}, ""modifier_price"": ""0.69"", ""order_item"": ""/resources/OrderItem/50224831/"", ""is_substituted"": false, ""modifier"": ""/resources/Modifier/18258/"", ""id"": 27107230, ""conditional_of"": null, ""resource_uri"": ""/resources/ModifierItem/27107230/""}]",[],[],"""[]""",69c70285-6d6d-43f2-bf26-02736a80167c,false,,,,,,,,,9cb3d760-c78d-4a84-999e-33b29e3a101e,0,/resources/Product/14507/,9cb3d760-c78d-4a84-999e-33b29e3a101e,,1,,0,true,true,false,,,0,false,,/enterprise/User/84406/,/enterprise/User/84406/,/resources/PosStation/1157/,2026-06-28T18:01:49,2026-06-28T18:05:46,15301379
50242986,15302283,26,14472,Small Vanilla Shake,Small Vanilla Shake,2735,Drinks,1.000,4.990000,4.990000,false,2026-06-28T19:58:13,2026-06-28 19:58:13-05:00,2026-06-28T20:01:45,2026-06-28 20:01:45-05:00,52540,52540,,/resources/Product/14472/,0,4.990000,4.990000,0.411675,0.000000,4.990000,0.000000,0.000000,0.000000,,,0.000000,0.000000,0.000000,0.000000,0.000000,0.000000,0.000000,"[{""max_quantity_threshold"": 0, ""min_quantity_threshold"": 0, ""tax_amount"": ""0.4117"", ""name"": ""Sales Tax"", ""max_threshold"": ""0.0000"", ""min_threshold"": ""0.0000"", ""tax_type"": 0, ""flat_tax_units"": 0, ""on_full_price"": true, ""id"": 51248001, ""tax_rate"": ""8.2500"", ""actual_tax_rate"": ""8.2500"", ""tax_table"": null, ""order_item"": ""/resources/OrderItem/50242986/"", ""fiscal_rate"": ""2"", ""local_tax_id"": 590, ""uuid"": ""1823d5ec-3fbe-4e02-95ab-24d0ec68cdb6"", ""rounding_type"": 0, ""resource_uri"": ""/resources/AppliedTaxOrderItem/51248001/""}]",[],[],[],[],"""[]""",d96e4e7f-26f0-450d-8aef-2391fe89c778,false,,,,,,,,,,0,,,,1,,0,true,true,false,,,0,false,,/enterprise/User/52540/,/enterprise/User/52540/,/resources/PosStation/1157/,2026-06-28T19:58:14,2026-06-28T20:01:45,15302283
50254492,15307885,26,14475,LOBBY DRINK,LOBBY DRINK,2735,Drinks,1.000,2.690000,2.690000,false,2026-06-28T21:28:49,2026-06-28 21:28:49-05:00,2026-06-28T21:29:04,2026-06-28 21:29:04-05:00,52540,52540,,/resources/Product/14475/,0,2.690000,2.690000,0.221925,0.000000,2.690000,0.000000,0.000000,0.000000,,,0.000000,0.000000,0.000000,0.000000,0.000000,0.000000,0.000000,"[{""max_quantity_threshold"": 0, ""min_quantity_threshold"": 0, ""tax_amount"": ""0.2219"", ""name"": ""Sales Tax"", ""max_threshold"": ""0.0000"", ""min_threshold"": ""0.0000"", ""tax_type"": 0, ""flat_tax_units"": 0, ""on_full_price"": true, ""id"": 51259491, ""tax_rate"": ""8.2500"", ""actual_tax_rate"": ""8.2500"", ""tax_table"": null, ""order_item"": ""/resources/OrderItem/50254492/"", ""fiscal_rate"": ""2"", ""local_tax_id"": 590, ""uuid"": ""4cb8f2a6-3013-4619-a0cc-b7dab4e8677e"", ""rounding_type"": 0, ""resource_uri"": ""/resources/AppliedTaxOrderItem/51259491/""}]",[],[],[],[],"""[]""",a8d1a59f-7c09-411b-93f8-413025795a5f,false,,,,,,,,,4566b9a3-8a43-45c4-99d0-005ddc2027b0,0,/resources/Product/14510/,4566b9a3-8a43-45c4-99d0-005ddc2027b0,,1,,0,true,false,false,,,0,false,,/enterprise/User/52540/,/enterprise/User/52540/,/resources/PosStation/1157/,,,15307885
50261150,15309401,26,14324,Laynes Sauce,Laynes Sauce,2730,Food,1.000,0.690000,0.690000,false,2026-06-28T22:54:13,2026-06-28 22:54:13-05:00,2026-06-28T22:55:08,2026-06-28 22:55:08-05:00,52540,52540,,/resources/Product/14324/,0,0.690000,0.690000,0.056925,0.000000,0.690000,0.000000,0.000000,0.000000,,,0.000000,0.000000,0.000000,0.000000,0.000000,0.000000,0.000000,"[{""max_quantity_threshold"": 0, ""min_quantity_threshold"": 0, ""tax_amount"": ""0.0569"", ""name"": ""Sales Tax"", ""max_threshold"": ""0.0000"", ""min_threshold"": ""0.0000"", ""tax_type"": 0, ""flat_tax_units"": 0, ""on_full_price"": true, ""id"": 51266105, ""tax_rate"": ""8.2500"", ""actual_tax_rate"": ""8.2500"", ""tax_table"": null, ""order_item"": ""/resources/OrderItem/50261150/"", ""fiscal_rate"": ""2"", ""local_tax_id"": 590, ""uuid"": ""724c38b0-4af5-4b52-9c08-b2704a647e6a"", ""rounding_type"": 0, ""resource_uri"": ""/resources/AppliedTaxOrderItem/51266105/""}]",[],[],[],[],"""[]""",bee5a11d-ecef-471b-9c28-8e783d4a96c8,false,,,,,,,,,9ee74b4c-9ac0-457a-b848-dbefdc9be6f4,0,/resources/Product/14507/,9ee74b4c-9ac0-457a-b848-dbefdc9be6f4,,4,,0,true,true,false,,,0,false,,/enterprise/User/52540/,/enterprise/User/52540/,/resources/PosStation/1153/,2026-06-28T22:54:13,2026-06-28T22:55:07,15309401
50272611,15312903,26,14535,Fries,Fries,2759,Fries - Choice,1.000,2.690000,2.690000,false,2026-06-29T11:51:19,2026-06-29 11:51:19-05:00,2026-06-29T11:57:05,2026-06-29 11:57:05-05:00,38670,38670,,/resources/Product/14535/,0,2.690000,2.690000,0.221925,0.000000,2.690000,0.000000,0.000000,0.000000,,,0.000000,0.000000,0.000000,0.000000,0.000000,0.000000,0.000000,"[{""max_quantity_threshold"": 0, ""min_quantity_threshold"": 0, ""tax_amount"": ""0.2219"", ""name"": ""Sales Tax"", ""max_threshold"": ""0.0000"", ""min_threshold"": ""0.0000"", ""tax_type"": 0, ""flat_tax_units"": 0, ""on_full_price"": true, ""id"": 51277896, ""tax_rate"": ""8.2500"", ""actual_tax_rate"": ""8.2500"", ""tax_table"": null, ""order_item"": ""/resources/OrderItem/50272611/"", ""fiscal_rate"": ""2"", ""local_tax_id"": 590, ""uuid"": ""58632827-5f46-4a6a-8a4c-4311743178da"", ""rounding_type"": 0, ""resource_uri"": ""/resources/AppliedTaxOrderItem/51277896/""}]",[],[],[],[],"""[]""",5e42199b-0d8b-4b01-adb8-5aaf98f39841,false,,,,,,,,,4db2cfe2-a49c-42b8-93a7-44264001b8ed,0,/resources/Product/14507/,4db2cfe2-a49c-42b8-93a7-44264001b8ed,,0,,0,true,true,false,,,0,false,,/enterprise/User/38670/,/enterprise/User/38670/,/resources/PosStation/1157/,2026-06-29T11:51:15,2026-06-29T11:57:02,15312903
50290597,15316870,26,14430,Oreo Shake*,Oreo Shake*,2748,Shakes and Cookies,1.000,6.480000,7.780000,false,2026-06-29T13:24:46,2026-06-29 13:24:46-05:00,2026-06-29T13:38:40,2026-06-29 13:38:40-05:00,1,38670,,/resources/Product/14430/,1,6.480000,7.780000,0.641850,1.300000,6.480000,0.000000,0.000000,0.000000,,,0.000000,0.000000,0.000000,0.000000,0.000000,0.000000,0.000000,"[{""max_quantity_threshold"": 0, ""min_quantity_threshold"": 0, ""tax_amount"": ""0.6419"", ""name"": ""Sales Tax"", ""max_threshold"": ""0.0000"", ""min_threshold"": ""0.0000"", ""tax_type"": 0, ""flat_tax_units"": 1, ""on_full_price"": true, ""id"": 51296126, ""tax_rate"": ""8.2500"", ""actual_tax_rate"": ""8.2500"", ""tax_table"": null, ""order_item"": ""/resources/OrderItem/50290597/"", ""fiscal_rate"": ""2"", ""local_tax_id"": 590, ""uuid"": ""1b02cec2-9301-48f0-a015-83714514d6e9"", ""rounding_type"": 0, ""resource_uri"": ""/resources/AppliedTaxOrderItem/51296126/""}]",[],"[{""qty_type"": 0, ""uuid"": ""0125092b-7663-481d-84bf-120ef6d818fc"", ""substitution_of"": null, ""no_modifier_substitute"": false, ""mod_type"": 0, ""modifier_cost"": ""0.0000"", ""qty"": ""1.0"", ""is_discounted"": false, ""split_combo_data"": {""inherited_from_parent"": false, ""combo_fraction_part"": 0, ""overriden_price"": 0}, ""modifier_price"": ""1.3"", ""order_item"": ""/resources/OrderItem/50290597/"", ""is_substituted"": false, ""modifier"": ""/resources/Modifier/18509/"", ""id"": 27120044, ""conditional_of"": null, ""resource_uri"": ""/resources/ModifierItem/27120044/""}]",[],[],"""[]""",10a21748-51c6-4d97-bdda-82619372e050,false,,,,,,,,,,0,,,,100,,0,true,true,false,,,0,false,Unit,/enterprise/User/1/,/enterprise/User/38670/,/resources/PosStation/1150/,2026-06-29T13:24:45,2026-06-29T13:38:36,977494ed
50301752,15319032,26,14326,Honey Mustard,Honey Mustard,2730,Food,2.000,0.690000,1.380000,false,2026-06-29T15:00:55,2026-06-29 15:00:55-05:00,2026-06-29T15:01:08,2026-06-29 15:01:08-05:00,38670,38670,,/resources/Product/14326/,0,0.690000,1.380000,0.113850,0.000000,0.690000,0.000000,0.000000,0.000000,,,0.000000,0.000000,0.000000,0.000000,0.000000,0.000000,0.000000,"[{""max_quantity_threshold"": 0, ""min_quantity_threshold"": 0, ""tax_amount"": ""0.1139"", ""name"": ""Sales Tax"", ""max_threshold"": ""0.0000"", ""min_threshold"": ""0.0000"", ""tax_type"": 0, ""flat_tax_units"": 0, ""on_full_price"": true, ""id"": 51307412, ""tax_rate"": ""8.2500"", ""actual_tax_rate"": ""8.2500"", ""tax_table"": null, ""order_item"": ""/resources/OrderItem/50301752/"", ""fiscal_rate"": ""2"", ""local_tax_id"": 590, ""uuid"": ""ec12a69b-5492-412c-8da5-080b023d4dc9"", ""rounding_type"": 0, ""resource_uri"": ""/resources/AppliedTaxOrderItem/51307412/""}]",[],[],[],[],"""[]""",1a19870b-9b0e-4e4b-9e8c-bb2136525bf6,false,,,,,,,,,037c9f8a-ddf4-4bc7-a638-ef0c5ea7e134,0,/resources/Product/14500/,037c9f8a-ddf4-4bc7-a638-ef0c5ea7e134,,0,,0,true,true,false,,,0,false,,/enterprise/User/38670/,/enterprise/User/38670/,/resources/PosStation/1157/,2026-06-29T15:00:54,2026-06-29T15:03:56,15319032
50318031,15323226,26,14490,Regular Dr Pepper,Regular Dr Pepper,2735,Drinks,1.000,2.690000,2.690000,false,2026-06-29T17:47:36,2026-06-29 17:47:36-05:00,2026-06-29T17:48:17,2026-06-29 17:48:17-05:00,38670,84406,,/resources/Product/14490/,0,2.690000,2.690000,0.221925,0.000000,2.690000,0.000000,0.000000,0.000000,,,0.000000,0.000000,0.000000,0.000000,0.000000,0.000000,0.000000,"[{""max_quantity_threshold"": 0, ""min_quantity_threshold"": 0, ""tax_amount"": ""0.2219"", ""name"": ""Sales Tax"", ""max_threshold"": ""0.0000"", ""min_threshold"": ""0.0000"", ""tax_type"": 0, ""flat_tax_units"": 0, ""on_full_price"": true, ""id"": 51324025, ""tax_rate"": ""8.2500"", ""actual_tax_rate"": ""8.2500"", ""tax_table"": null, ""order_item"": ""/resources/OrderItem/50318031/"", ""fiscal_rate"": ""2"", ""local_tax_id"": 590, ""uuid"": ""d21a1e83-4b07-4ce2-aedd-d864a779497b"", ""rounding_type"": 0, ""resource_uri"": ""/resources/AppliedTaxOrderItem/51324025/""}]",[],[],[],[],"""[]""",3a8ca853-62cb-4253-8651-3ea98836607e,false,,,,,,,,,804979f5-5162-44d0-afb1-14b8d68e8be6,0,/resources/Product/14511/,804979f5-5162-44d0-afb1-14b8d68e8be6,,4,,0,true,true,false,,,0,false,,/enterprise/User/38670/,/enterprise/User/84406/,/resources/PosStation/1153/,2026-06-29T17:47:36,2026-06-29T17:47:57,15323226
50335028,15327237,26,14481,Large Coke Zero,Large Coke Zero,2735,Drinks,1.000,3.690000,3.690000,false,2026-06-29T19:55:12,2026-06-29 19:55:12-05:00,2026-06-29T19:56:34,2026-06-29 19:56:34-05:00,38670,84406,,/resources/Product/14481/,0,3.690000,3.690000,0.304425,0.000000,3.690000,0.000000,0.000000,0.000000,,,0.000000,0.000000,0.000000,0.000000,0.000000,0.000000,0.000000,"[{""max_quantity_threshold"": 0, ""min_quantity_threshold"": 0, ""tax_amount"": ""0.3044"", ""name"": ""Sales Tax"", ""max_threshold"": ""0.0000"", ""min_threshold"": ""0.0000"", ""tax_type"": 0, ""flat_tax_units"": 0, ""on_full_price"": true, ""id"": 51341097, ""tax_rate"": ""8.2500"", ""actual_tax_rate"": ""8.2500"", ""tax_table"": null, ""order_item"": ""/resources/OrderItem/50335028/"", ""fiscal_rate"": ""2"", ""local_tax_id"": 590, ""uuid"": ""b1a4b80e-30c9-40c0-90c8-bc50a69fc8d7"", ""rounding_type"": 0, ""resource_uri"": ""/resources/AppliedTaxOrderItem/51341097/""}]",[],[],[],[],"""[]""",17da458d-2b9c-4672-afe2-07baeaaf438e,false,,,,,,,,,fb410349-2685-451b-bd2a-ad7f6536fc0f,0,/resources/Product/14500/,fb410349-2685-451b-bd2a-ad7f6536fc0f,,4,,0,true,true,false,,,0,false,,/enterprise/User/38670/,/enterprise/User/84406/,/resources/PosStation/1153/,2026-06-29T19:55:12,2026-06-29T19:56:07,15327237
50349012,15330792,26,14457,Regular Lemonade,Regular Lemonade,2735,Drinks,1.000,2.690000,2.690000,false,2026-06-29T22:47:07,2026-06-29 22:47:07-05:00,2026-06-29T22:54:07,2026-06-29 22:54:07-05:00,38670,52540,,/resources/Product/14457/,0,2.690000,2.690000,0.221925,0.000000,2.690000,0.000000,0.000000,0.000000,,,0.000000,0.000000,0.000000,0.000000,0.000000,0.000000,0.510000,"[{""max_quantity_threshold"": 0, ""min_quantity_threshold"": 0, ""tax_amount"": ""0.2219"", ""name"": ""Sales Tax"", ""max_threshold"": ""0.0000"", ""min_threshold"": ""0.0000"", ""tax_type"": 0, ""flat_tax_units"": 0, ""on_full_price"": true, ""id"": 51355044, ""tax_rate"": ""8.2500"", ""actual_tax_rate"": ""8.2500"", ""tax_table"": null, ""order_item"": ""/resources/OrderItem/50349012/"", ""fiscal_rate"": ""2"", ""local_tax_id"": 590, ""uuid"": ""8a2b83be-1677-4782-93bb-117aca51ee2e"", ""rounding_type"": 0, ""resource_uri"": ""/resources/AppliedTaxOrderItem/51355044/""}]",[],[],[],[],"""[]""",ff413934-dd46-4330-886b-92027e29b187,false,,,,,,,,,74621f4a-4529-4fa8-a190-abb3af87402c,0,/resources/Product/14510/,74621f4a-4529-4fa8-a190-abb3af87402c,,4,,0,true,true,false,,,0,false,,/enterprise/User/38670/,/enterprise/User/52540/,/resources/PosStation/1153/,2026-06-29T22:47:07,2026-06-29T22:54:06,15330792
50363264,15334438,26,14535,Fries,Fries,2759,Fries - Choice,1.000,2.690000,2.690000,false,2026-06-30T11:58:26,2026-06-30 11:58:26-05:00,2026-06-30T12:00:17,2026-06-30 12:00:17-05:00,38670,38670,,/resources/Product/14535/,0,2.690000,2.690000,0.221925,0.000000,2.690000,0.000000,0.000000,0.000000,,,0.000000,0.000000,0.000000,0.000000,0.000000,0.000000,0.000000,"[{""max_quantity_threshold"": 0, ""min_quantity_threshold"": 0, ""tax_amount"": ""0.2219"", ""name"": ""Sales Tax"", ""max_threshold"": ""0.0000"", ""min_threshold"": ""0.0000"", ""tax_type"": 0, ""flat_tax_units"": 0, ""on_full_price"": true, ""id"": 51369747, ""tax_rate"": ""8.2500"", ""actual_tax_rate"": ""8.2500"", ""tax_table"": null, ""order_item"": ""/resources/OrderItem/50363264/"", ""fiscal_rate"": ""2"", ""local_tax_id"": 590, ""uuid"": ""18a85a9b-0f74-444f-8feb-90fa0e19a1c1"", ""rounding_type"": 0, ""resource_uri"": ""/resources/AppliedTaxOrderItem/51369747/""}]",[],[],[],[],"""[]""",01c8a0f8-3f14-4dfc-b81e-1bad47dd4ea8,false,,,,,,,,,dc2fe374-a4ad-45ae-a782-96fdfca17d49,0,/resources/Product/14500/,dc2fe374-a4ad-45ae-a782-96fdfca17d49,,0,,0,true,true,false,,,0,false,,/enterprise/User/38670/,/enterprise/User/38670/,/resources/PosStation/1157/,2026-06-30T11:58:22,2026-06-30T12:00:13,15334438
50378826,15337779,26,14322,Toast,Toast,2730,Food,1.000,1.090000,1.090000,false,2026-06-30T13:17:54,2026-06-30 13:17:54-05:00,2026-06-30T13:20:02,2026-06-30 13:20:02-05:00,38670,38670,,/resources/Product/14322/,1,1.090000,1.090000,0.089925,0.000000,1.090000,0.000000,0.000000,0.000000,,,0.000000,0.000000,0.000000,0.000000,0.000000,0.000000,0.000000,"[{""max_quantity_threshold"": 0, ""min_quantity_threshold"": 0, ""tax_amount"": ""0.0899"", ""name"": ""Sales Tax"", ""max_threshold"": ""0.0000"", ""min_threshold"": ""0.0000"", ""tax_type"": 0, ""flat_tax_units"": 0, ""on_full_price"": true, ""id"": 51385596, ""tax_rate"": ""8.2500"", ""actual_tax_rate"": ""8.2500"", ""tax_table"": null, ""order_item"": ""/resources/OrderItem/50378826/"", ""fiscal_rate"": ""2"", ""local_tax_id"": 590, ""uuid"": ""e01554cb-f00f-420c-9900-fabd08191fb3"", ""rounding_type"": 0, ""resource_uri"": ""/resources/AppliedTaxOrderItem/51385596/""}]",[],"[{""qty_type"": 0, ""uuid"": ""1561f55b-0dd3-45b1-aa2c-eb3612ea301c"", ""substitution_of"": null, ""no_modifier_substitute"": false, ""mod_type"": 0, ""modifier_cost"": ""0.0000"", ""qty"": ""1.0"", ""is_discounted"": false, ""split_combo_data"": {""inherited_from_parent"": false, ""combo_fraction_part"": 0, ""overriden_price"": 0}, ""modifier_price"": ""0.0"", ""order_item"": ""/resources/OrderItem/50378826/"", ""is_substituted"": false, ""modifier"": ""/resources/Modifier/18105/"", ""id"": 27138698, ""conditional_of"": null, ""resource_uri"": ""/resources/ModifierItem/27138698/""}]",[],[],"""[]""",0f079229-9394-4905-8ba6-4601d48e6b7e,false,,,,,,,,,,0,,,,4,,0,true,true,false,,,0,false,,/enterprise/User/38670/,/enterprise/User/38670/,/resources/PosStation/1153/,2026-06-30T13:17:53,2026-06-30T13:18:16,15337779
50394650,15341996,26,14324,Laynes Sauce,Laynes Sauce,2730,Food,1.000,0.690000,0.690000,false,2026-06-30T15:34:51,2026-06-30 15:34:51-05:00,2026-06-30T15:39:55,2026-06-30 15:39:55-05:00,38670,38670,,/resources/Product/14324/,0,0.690000,0.690000,0.056925,0.000000,0.690000,0.000000,0.000000,0.000000,,,0.000000,0.000000,0.000000,0.000000,0.000000,0.000000,0.000000,"[{""max_quantity_threshold"": 0, ""min_quantity_threshold"": 0, ""tax_amount"": ""0.0569"", ""name"": ""Sales Tax"", ""max_threshold"": ""0.0000"", ""min_threshold"": ""0.0000"", ""tax_type"": 0, ""flat_tax_units"": 0, ""on_full_price"": true, ""id"": 51401617, ""tax_rate"": ""8.2500"", ""actual_tax_rate"": ""8.2500"", ""tax_table"": null, ""order_item"": ""/resources/OrderItem/50394650/"", ""fiscal_rate"": ""2"", ""local_tax_id"": 590, ""uuid"": ""4761bc71-1351-433c-9c54-c2582f546347"", ""rounding_type"": 0, ""resource_uri"": ""/resources/AppliedTaxOrderItem/51401617/""}]",[],[],[],[],"""[]""",725e5a1e-a272-49a5-9efc-1e155d8d0a70,false,,,,,,,,,b64b1a16-5d96-4c77-8cbb-8f452215106e,0,/resources/Product/14510/,b64b1a16-5d96-4c77-8cbb-8f452215106e,,4,,0,true,true,false,,,0,false,,/enterprise/User/38670/,/enterprise/User/38670/,/resources/PosStation/1153/,2026-06-30T15:34:50,2026-06-30T15:37:34,15341996
50408951,15345147,26,14325,Ranch,Ranch,2730,Food,1.000,0.690000,0.690000,false,2026-06-30T17:51:28,2026-06-30 17:51:28-05:00,2026-06-30T17:54:19,2026-06-30 17:54:19-05:00,38670,38670,,/resources/Product/14325/,0,0.690000,0.690000,0.056925,0.000000,0.690000,0.000000,0.000000,0.000000,,,0.000000,0.000000,0.000000,0.000000,0.000000,0.000000,0.000000,"[{""max_quantity_threshold"": 0, ""min_quantity_threshold"": 0, ""tax_amount"": ""0.0569"", ""name"": ""Sales Tax"", ""max_threshold"": ""0.0000"", ""min_threshold"": ""0.0000"", ""tax_type"": 0, ""flat_tax_units"": 0, ""on_full_price"": true, ""id"": 51416145, ""tax_rate"": ""8.2500"", ""actual_tax_rate"": ""8.2500"", ""tax_table"": null, ""order_item"": ""/resources/OrderItem/50408951/"", ""fiscal_rate"": ""2"", ""local_tax_id"": 590, ""uuid"": ""f861f152-9244-4227-9fff-eaebc657f7c3"", ""rounding_type"": 0, ""resource_uri"": ""/resources/AppliedTaxOrderItem/51416145/""}]",[],[],[],[],"""[]""",8166a1f6-8ab4-4d29-baec-b71e0528a1c2,false,,,,,,,,,14b7fa3e-11b8-4894-88d5-f8b070cb51ee,0,/resources/Product/14507/,14b7fa3e-11b8-4894-88d5-f8b070cb51ee,,4,,0,true,true,false,,,0,false,,/enterprise/User/38670/,/enterprise/User/38670/,/resources/PosStation/1153/,2026-06-30T17:51:27,2026-06-30T17:54:17,15345147
50419146,15347791,26,14487,Regular Poweraid,Regular Poweraid,2735,Drinks,1.000,2.690000,2.690000,false,2026-06-30T19:06:40,2026-06-30 19:06:40-05:00,2026-06-30T19:12:22,2026-06-30 19:12:22-05:00,75716,75716,,/resources/Product/14487/,0,2.690000,2.690000,0.221925,0.000000,2.690000,0.000000,0.000000,0.000000,,,0.000000,0.000000,0.000000,0.000000,0.000000,0.000000,0.000000,"[{""max_quantity_threshold"": 0, ""min_quantity_threshold"": 0, ""tax_amount"": ""0.2219"", ""name"": ""Sales Tax"", ""max_threshold"": ""0.0000"", ""min_threshold"": ""0.0000"", ""tax_type"": 0, ""flat_tax_units"": 0, ""on_full_price"": true, ""id"": 51426492, ""tax_rate"": ""8.2500"", ""actual_tax_rate"": ""8.2500"", ""tax_table"": null, ""order_item"": ""/resources/OrderItem/50419146/"", ""fiscal_rate"": ""2"", ""local_tax_id"": 590, ""uuid"": ""aed11a9e-d638-4f6d-82be-76a21a14a138"", ""rounding_type"": 0, ""resource_uri"": ""/resources/AppliedTaxOrderItem/51426492/""}]",[],[],[],[],"""[]""",02a988b0-b673-4cea-8809-dd4a78c74a74,false,,,,,,,,,8639ebac-6063-49a2-8b04-f86635b85bd5,0,/resources/Product/14511/,8639ebac-6063-49a2-8b04-f86635b85bd5,,4,,0,true,true,false,,,0,false,,/enterprise/User/75716/,/enterprise/User/75716/,/resources/PosStation/1153/,2026-06-30T19:06:39,2026-06-30T19:11:41,15347791
50430632,15350241,26,14548,** 5 Finger Spicy **,** 5 Finger Spicy **,2760,Meals,1.000,5.140000,5.140000,false,2026-06-30T20:30:54,2026-06-30 20:30:54-05:00,2026-06-30T20:38:10,2026-06-30 20:38:10-05:00,75716,75716,,/resources/Product/14548/,0,5.140000,5.140000,0.424050,0.000000,5.140000,0.000000,0.000000,0.000000,,,0.000000,0.000000,0.000000,0.000000,6.310000,0.000000,0.000000,"[{""max_quantity_threshold"": 0, ""min_quantity_threshold"": 0, ""tax_amount"": ""0.4240"", ""name"": ""Sales Tax"", ""max_threshold"": ""0.0000"", ""min_threshold"": ""0.0000"", ""tax_type"": 0, ""flat_tax_units"": 0, ""on_full_price"": true, ""id"": 51438068, ""tax_rate"": ""8.2500"", ""actual_tax_rate"": ""8.2500"", ""tax_table"": null, ""order_item"": ""/resources/OrderItem/50430632/"", ""fiscal_rate"": ""2"", ""local_tax_id"": 590, ""uuid"": ""2042bab6-8adc-4e36-b703-fef15f1cdc96"", ""rounding_type"": 0, ""resource_uri"": ""/resources/AppliedTaxOrderItem/51438068/""}]",[],[],[],[],"""[]""",8c510a12-facd-48d6-bd91-07dde3e84de3,false,,,,,,,,,68001b40-68bc-40c0-98ec-f07c462b4111,0,/resources/Product/14500/,68001b40-68bc-40c0-98ec-f07c462b4111,,4,,0,true,true,false,,,0,false,,/enterprise/User/75716/,/enterprise/User/75716/,/resources/PosStation/1153/,2026-06-30T20:30:53,2026-06-30T20:32:13,15350241
