order_id,uuid,establishment_id,establishment_name,created_date_revel_raw,created_at_chicago,updated_date_revel_raw,updated_at_chicago,dining_option_code,dining_option_name,created_by_uri,created_by_user_id,updated_by_uri,updated_by_user_id,discounted_by_uri,discounted_by_user_id,customer_id,subtotal,discount_amount,discount_total_amount,discount_rule_amount,discount_tax_amount,discount_tax_amount_included,tax,final_total,gratuity,service_charge,surcharge,tax_rebate,remaining_due,rounding_delta,service_fee_tax,service_fee_taxed,service_fee_untaxed,tax_excluded_amount,taxable_surcharge,taxable_surcharge_excluded,prevailing_tax,prevailing_surcharge,applied_taxes_json,applied_discounts_json,orderhistory_json,deleted_discounts_json,billing_address_json,delivery_address_json,pickup_data_json,registry_data_json,virtual_data_json,fleet_service_data_json,gift_reward_data_json,drive_through_data_json,bills_info_json,vehicle_json,local_id,closed,deleted,is_unpaid,is_discounted,web_order,pos_mode,discount_reason,discount_code,discount_rule_type,number_of_people,has_items,has_history,has_delivery_info,kitchen_status,table,notes,printed,sent,version,reporting_id,device_id,bill_number,check_sum,asap,is_invoice,is_readonly,smart_order,external_sync,payment_count,payment_type_single,payment_types_json,payment_records_json,any_payment_refunded,has_voided_items,item_count_in_file_b,duplicate_order_id_flag
14673193,61d87c4b-117c-486b-8b2c-698653bafe4f,26,LCF Nederland,2026-06-01T00:21:19,2026-06-01 00:21:19-05:00,2026-06-01T00:21:19,2026-06-01 00:21:19-05:00,1,Eat In,/enterprise/User/63704/,63704,/enterprise/User/63704/,63704,,,,0.000000,,0.000000,,,,0.000000,0.000000,0.000000,0.000000,0.000000,0.000000,0.000000,,0.000000,0.000000,0.000000,0.000000,0.000000,0.000000,8.250000,0.000000,"[{""max_quantity_threshold"": 0, ""min_quantity_threshold"": 0, ""fiscal_rate"": ""2"", ""uuid"": ""1365da0d-ac33-4eb7-a404-3bddf9e1a8fe"", ""name"": ""Sales Tax"", ""max_threshold"": ""0.0000"", ""min_threshold"": ""0.0000"", ""rounding_type"": 0, ""on_full_price"": true, ""order"": ""/resources/Order/14673193/"", ""is_prevailing"": true, ""tax_rate"": ""8.2500"", ""tax_table"": null, ""id"": 14716526, ""local_tax_id"": 590, ""tax_type"": 0, ""dining_options"": null, ""resource_uri"": ""/resources/AppliedTaxOrder/14716526/""}]",[],[],"""{\""service_fees\"":[],\""discounts\"":[]}""",,,,,,,"""""",,,,,false,false,true,false,false,Q,,,,0,false,false,false,0,,,true,false,,,,0,,false,false,false,false,,0,,,,false,false,0,false
14675789,c53db5cb-1694-412a-aa35-4c7475f306b0,26,LCF Nederland,2026-06-01T11:43:45,2026-06-01 11:43:45-05:00,2026-06-01T22:35:21,2026-06-01 22:35:21-05:00,4,Drive Through,/enterprise/User/38670/,38670,/enterprise/User/35616/,35616,,,,10.480000,,0.000000,,,,0.860000,11.340000,0.000000,0.000000,0.000000,0.000000,0.000000,0.000000,0.000000,0.000000,0.000000,0.860000,0.000000,0.000000,8.250000,0.000000,"[{""max_quantity_threshold"": 0, ""min_quantity_threshold"": 0, ""fiscal_rate"": ""2"", ""uuid"": ""c5b7775a-409f-4a49-815f-3f83b644447f"", ""name"": ""Sales Tax"", ""max_threshold"": ""0.0000"", ""min_threshold"": ""0.0000"", ""rounding_type"": 0, ""on_full_price"": true, ""order"": ""/resources/Order/14675789/"", ""is_prevailing"": true, ""tax_rate"": ""8.2500"", ""tax_table"": null, ""id"": 14719196, ""local_tax_id"": 590, ""tax_type"": 0, ""dining_options"": null, ""resource_uri"": ""/resources/AppliedTaxOrder/14719196/""}]",[],"[""/resources/OrderHistory/8779051/""]","""{\""service_fees\"":[],\""discounts\"":[]}""",,,,,{},,"""""","{""status"": 2, ""was_shown"": false}",,,14675789,true,false,false,false,false,Q,,,,0,true,true,false,0,,,true,false,2,112594,,0,838f6e175a59e576b0898e3ced280dd2,false,false,false,false,,1,2,[2],"[{""id"": 8525375, ""payment_type"": 2, ""other_payment_type"": null, ""amount"": ""11.340000"", ""tip"": ""0.000000"", ""gratuity"": ""0.000000"", ""refunded"": false, ""refund_transaction_id"": null, ""transaction_status"": ""Captured"", ""transaction_id"": ""01Z6NST1NP00P812JI71TBQ37DKDHS3P"", ""card_type"": 3, ""payment_date"": ""2026-06-01T22:35:21"", ""created_date"": ""2026-06-01T11:44:21"", ""station"": ""/resources/PosStation/1151/"", ""online"": false}]",false,false,5,false
14679376,d4f04b4e-d981-4e99-aea4-2627ca4af5a6,26,LCF Nederland,2026-06-01T13:14:37,2026-06-01 13:14:37-05:00,2026-06-01T22:35:25,2026-06-01 22:35:25-05:00,4,Drive Through,/enterprise/User/38670/,38670,/enterprise/User/35616/,35616,,,,24.680000,,0.000000,,,,2.040000,26.720000,0.000000,0.000000,0.000000,0.000000,0.000000,0.000000,0.000000,0.000000,0.000000,2.040000,0.000000,0.000000,8.250000,0.000000,"[{""max_quantity_threshold"": 0, ""min_quantity_threshold"": 0, ""fiscal_rate"": ""2"", ""uuid"": ""dc70409d-ad72-4e49-b0d1-1c8f65ab7f9c"", ""name"": ""Sales Tax"", ""max_threshold"": ""0.0000"", ""min_threshold"": ""0.0000"", ""rounding_type"": 0, ""on_full_price"": true, ""order"": ""/resources/Order/14679376/"", ""is_prevailing"": true, ""tax_rate"": ""8.2500"", ""tax_table"": null, ""id"": 14722835, ""local_tax_id"": 590, ""tax_type"": 0, ""dining_options"": null, ""resource_uri"": ""/resources/AppliedTaxOrder/14722835/""}]",[],"[""/resources/OrderHistory/8781576/""]","""{\""service_fees\"":[],\""discounts\"":[]}""",,,,,{},,"""""","{""status"": 2, ""was_shown"": false}",,,14679376,true,false,false,false,false,Q,,,,0,true,true,false,0,,,true,false,3,112623,,0,f327e4124fb3f6916b6c68094d2baf2a,false,false,false,false,,1,2,[2],"[{""id"": 8527890, ""payment_type"": 2, ""other_payment_type"": null, ""amount"": ""26.720000"", ""tip"": ""0.000000"", ""gratuity"": ""0.000000"", ""refunded"": false, ""refund_transaction_id"": null, ""transaction_status"": ""Captured"", ""transaction_id"": ""01Z6NST1NT00P812JI72ARGILA4K3LVR"", ""card_type"": 3, ""payment_date"": ""2026-06-01T22:35:25"", ""created_date"": ""2026-06-01T13:15:56"", ""station"": ""/resources/PosStation/1151/"", ""online"": false}]",false,false,9,false
14682701,d4235471-1627-4fb1-98e4-481850cd1529,26,LCF Nederland,2026-06-01T15:10:55,2026-06-01 15:10:55-05:00,2026-06-01T15:10:55,2026-06-01 15:10:55-05:00,4,Drive Through,/enterprise/User/38670/,38670,/enterprise/User/38670/,38670,,,,0.000000,,0.000000,,,,0.000000,0.000000,0.000000,0.000000,0.000000,0.000000,0.000000,,0.000000,0.000000,0.000000,0.000000,0.000000,0.000000,8.250000,0.000000,"[{""max_quantity_threshold"": 0, ""min_quantity_threshold"": 0, ""fiscal_rate"": ""2"", ""uuid"": ""34036c41-c3b6-4e96-aa84-4b4d7ac3fd19"", ""name"": ""Sales Tax"", ""max_threshold"": ""0.0000"", ""min_threshold"": ""0.0000"", ""rounding_type"": 0, ""on_full_price"": true, ""order"": ""/resources/Order/14682701/"", ""is_prevailing"": true, ""tax_rate"": ""8.2500"", ""tax_table"": null, ""id"": 14726192, ""local_tax_id"": 590, ""tax_type"": 0, ""dining_options"": null, ""resource_uri"": ""/resources/AppliedTaxOrder/14726192/""}]",[],[],"""{\""service_fees\"":[],\""discounts\"":[]}""",,,,,,,"""""","{""status"": 0, ""was_shown"": false}",,,,false,false,true,false,false,Q,,,,0,false,false,false,0,,,true,false,,,,0,,false,false,false,false,,0,,,,false,false,0,false
14686057,f2fcfdfc-0b0e-4481-af6d-69377877c2d3,26,LCF Nederland,2026-06-01T17:41:36,2026-06-01 17:41:36-05:00,2026-06-01T18:43:04,2026-06-01 18:43:04-05:00,1,Eat In,/enterprise/User/75716/,75716,/enterprise/User/75716/,75716,/enterprise/User/75716/,75716,,9.790000,9.790000,9.790000,9.790000,,,0.000000,0.000000,0.000000,0.000000,0.000000,0.000000,0.000000,,0.000000,0.000000,0.000000,0.000000,0.000000,0.000000,8.250000,0.000000,"[{""max_quantity_threshold"": 0, ""min_quantity_threshold"": 0, ""fiscal_rate"": ""2"", ""uuid"": ""fe365679-883d-4ecf-bdf9-8518d6c0b04b"", ""name"": ""Sales Tax"", ""max_threshold"": ""0.0000"", ""min_threshold"": ""0.0000"", ""rounding_type"": 0, ""on_full_price"": true, ""order"": ""/resources/Order/14686057/"", ""is_prevailing"": true, ""tax_rate"": ""8.2500"", ""tax_table"": null, ""id"": 14729563, ""local_tax_id"": 590, ""tax_type"": 0, ""dining_options"": null, ""resource_uri"": ""/resources/AppliedTaxOrder/14729563/""}]","[{""rule_type"": 0, ""discounted_by"": ""/enterprise/User/84406/"", ""name"": ""Employee $9.79 Off"", ""rule_amount"": ""9.790000"", ""discount_amount"": ""9.790000"", ""tax_amount_included"": ""0.000000"", ""discount_function"": 0, ""qty"": 0, ""discount"": ""/resources/Discount/3344/"", ""taxed"": true, ""id"": 523334, ""stackable_type"": 0, ""resource_uri"": ""/resources/AppliedDiscountOrder/523334/"", ""order"": ""/resources/Order/14686057/"", ""discount_code"": """", ""uuid"": ""9f3049ea-057c-4eca-a97b-72e43df52a69""}]","[""/resources/OrderHistory/8785563/""]","""{\""service_fees\"":[],\""discounts\"":[]}""",,,,,{},,"""""",,,,14686057,true,false,false,true,false,Q,Employee $9.79 Off,,0,0,true,true,false,0,,,true,false,3,112665,,0,d4bdb38bafb06d8113f7c095cf7197fd,false,false,false,false,,0,,,,false,false,5,false
14690219,62fa48e1-384b-486b-a77a-bff334fd9c5b,26,LCF Nederland,2026-06-01T20:18:03,2026-06-01 20:18:03-05:00,2026-06-01T20:18:03,2026-06-01 20:18:03-05:00,1,Eat In,/enterprise/User/84406/,84406,/enterprise/User/84406/,84406,,,,0.000000,,0.000000,,,,0.000000,0.000000,0.000000,0.000000,0.000000,0.000000,0.000000,,0.000000,0.000000,0.000000,0.000000,0.000000,0.000000,8.250000,0.000000,"[{""max_quantity_threshold"": 0, ""min_quantity_threshold"": 0, ""fiscal_rate"": ""2"", ""uuid"": ""30190bda-355c-4e1f-8c67-42ebb74508d8"", ""name"": ""Sales Tax"", ""max_threshold"": ""0.0000"", ""min_threshold"": ""0.0000"", ""rounding_type"": 0, ""on_full_price"": true, ""order"": ""/resources/Order/14690219/"", ""is_prevailing"": true, ""tax_rate"": ""8.2500"", ""tax_table"": null, ""id"": 14733730, ""local_tax_id"": 590, ""tax_type"": 0, ""dining_options"": null, ""resource_uri"": ""/resources/AppliedTaxOrder/14733730/""}]",[],[],"""{\""service_fees\"":[],\""discounts\"":[]}""",,,,,,,"""""",,,,,false,false,true,false,false,Q,,,,0,false,false,false,0,,,true,false,,,,0,,false,false,false,false,,0,,,,false,false,0,false
14693172,b95d79ad-8b3e-4c24-84d2-4a5172cd7112,26,LCF Nederland,2026-06-01T23:06:56,2026-06-01 23:06:56-05:00,2026-06-01T23:06:56,2026-06-01 23:06:56-05:00,4,Drive Through,/enterprise/User/35616/,35616,/enterprise/User/35616/,35616,,,,0.000000,,0.000000,,,,0.000000,0.000000,0.000000,0.000000,0.000000,0.000000,0.000000,,0.000000,0.000000,0.000000,0.000000,0.000000,0.000000,8.250000,0.000000,"[{""max_quantity_threshold"": 0, ""min_quantity_threshold"": 0, ""fiscal_rate"": ""2"", ""uuid"": ""3e0e8345-02f5-4fdc-8d76-33049019c07c"", ""name"": ""Sales Tax"", ""max_threshold"": ""0.0000"", ""min_threshold"": ""0.0000"", ""rounding_type"": 0, ""on_full_price"": true, ""order"": ""/resources/Order/14693172/"", ""is_prevailing"": true, ""tax_rate"": ""8.2500"", ""tax_table"": null, ""id"": 14736648, ""local_tax_id"": 590, ""tax_type"": 0, ""dining_options"": null, ""resource_uri"": ""/resources/AppliedTaxOrder/14736648/""}]",[],[],"""{\""service_fees\"":[],\""discounts\"":[]}""",,,,,,,"""""","{""status"": 0, ""was_shown"": false}",,,,false,false,true,false,false,Q,,,,0,false,false,false,0,,,true,false,,,,0,,false,false,false,false,,0,,,,false,false,0,false
14696038,7f514194-72c4-4fef-b246-a19e1018f73c,26,LCF Nederland,2026-06-02T11:48:22,2026-06-02 11:48:22-05:00,2026-06-03T16:19:21,2026-06-03 16:19:21-05:00,0,To Go,/enterprise/User/38670/,38670,/enterprise/User/35616/,35616,,,,10.250000,,0.000000,,,,0.850000,11.100000,0.000000,0.000000,0.000000,0.000000,0.000000,0.000000,0.000000,0.000000,0.000000,0.850000,0.000000,0.000000,8.250000,0.000000,"[{""max_quantity_threshold"": 0, ""min_quantity_threshold"": 0, ""fiscal_rate"": ""2"", ""uuid"": ""f8743c00-15c7-4ff8-b45a-319106f22a3b"", ""name"": ""Sales Tax"", ""max_threshold"": ""0.0000"", ""min_threshold"": ""0.0000"", ""rounding_type"": 0, ""on_full_price"": true, ""order"": ""/resources/Order/14696038/"", ""is_prevailing"": true, ""tax_rate"": ""8.2500"", ""tax_table"": null, ""id"": 14739551, ""local_tax_id"": 590, ""tax_type"": 0, ""dining_options"": null, ""resource_uri"": ""/resources/AppliedTaxOrder/14739551/""}]",[],"[""/resources/OrderHistory/8791729/""]","""{\""service_fees\"":[],\""discounts\"":[]}""",,,,,{},,"""{\""paymentBalance\"":0,\""customerName\"":\""Corey Germald\"",\""birthday\"":\""1991-10-19 04:00:00 +0000\"",\""orderConfirmationId\"":null,\""tags\"":[\""*Behavior|RFM|Loyal*\"",\""WELCOMEREMINDER\"",\""*Personal|Preferred Location|Nederland*\"",\""*Behavior|Days Since Last Visit|1 Month*\"",\""*Behavior|Days Since Last App Open|0d_to_6d*\""],\""consent\"":\""yes\"",\""forgotVisitCodeData\"":null,\""availableRewards\"":[],\""appliedRewards\"":null,\""orderSubtotalWithoutServiceFee\"":10.25,\""appliedPaymentReward\"":null,\""totalPoints\"":170,\""printedCardNumber\"":\""4097196961\"",\""applicableRewards\"":[],\""orderVoided\"":null,\""user\"":{\""consent\"":\""yes\"",\""paymentBalance\"":0,\""customerName\"":\""Corey Germald\"",\""totalPoints\"":170,\""printedCardNumber\"":\""4097196961\"",\""birthday\"":-290462400,\""availableRewards\"":[],\""isRegistered\"":true,\""tags\"":[\""*Behavior|RFM|Loyal*\"",\""WELCOMEREMINDER\"",\""*Personal|Preferred Location|Nederland*\"",\""*Behavior|Days Since Last Visit|1 Month*\"",\""*Behavior|Days Since Last App Open|0d_to_6d*\""],\""externalId\"":\""4097196961\""},\""receiptText\"":null,\""shouldPrintForgotVisitCodeOnReceipt\"":null,\""firstName\"":\""Corey\"",\""externalId\"":\""4097196961\"",\""isRegistered\"":true,\""phoneNumber\"":\""4097196961\"",\""lastName\"":\""Germald\"",\""orderTotal\"":11.1}""",,,,14696038,true,false,false,false,false,Q,,,,0,true,true,false,0,,,true,false,3,112749,,0,5d1491edf3ded4014d9c05dcdac25202,false,false,false,false,,1,2,[2],"[{""id"": 8537887, ""payment_type"": 2, ""other_payment_type"": null, ""amount"": ""11.100000"", ""tip"": ""0.000000"", ""gratuity"": ""0.000000"", ""refunded"": false, ""refund_transaction_id"": null, ""transaction_status"": ""Captured"", ""transaction_id"": ""01Z6NT1KEO00P812K4UN91MCV2PDC4B9"", ""card_type"": 3, ""payment_date"": ""2026-06-03T16:19:21"", ""created_date"": ""2026-06-02T11:49:17"", ""station"": ""/resources/PosStation/1157/"", ""online"": false}]",false,false,3,false
14698809,5b5432a8-b808-4d63-a78c-ace59e68da55,26,LCF Nederland,2026-06-02T12:58:20,2026-06-02 12:58:20-05:00,2026-06-02T12:59:38,2026-06-02 12:59:38-05:00,4,Drive Through,/enterprise/User/38670/,38670,/enterprise/User/38670/,38670,,,,21.580000,,0.000000,,,,1.780000,23.360000,0.000000,0.000000,0.000000,0.000000,0.000000,0.000000,0.000000,0.000000,0.000000,1.780000,0.000000,0.000000,8.250000,0.000000,"[{""max_quantity_threshold"": 0, ""min_quantity_threshold"": 0, ""fiscal_rate"": ""2"", ""uuid"": ""b84059bd-0853-4316-b656-7d65f62c9322"", ""name"": ""Sales Tax"", ""max_threshold"": ""0.0000"", ""min_threshold"": ""0.0000"", ""rounding_type"": 0, ""on_full_price"": true, ""order"": ""/resources/Order/14698809/"", ""is_prevailing"": true, ""tax_rate"": ""8.2500"", ""tax_table"": null, ""id"": 14742340, ""local_tax_id"": 590, ""tax_type"": 0, ""dining_options"": null, ""resource_uri"": ""/resources/AppliedTaxOrder/14742340/""}]",[],"[""/resources/OrderHistory/8793769/""]","""{\""service_fees\"":[],\""discounts\"":[]}""",,,,,{},,"""""","{""status"": 2, ""was_shown"": false}",,,14698809,true,false,false,false,false,Q,,,,0,true,true,false,0,,,true,false,1,112775,,0,9a675b7e36c3fca3c5472dccbf3769a6,false,false,false,false,,1,1,[1],"[{""id"": 8539670, ""payment_type"": 1, ""other_payment_type"": null, ""amount"": ""23.360000"", ""tip"": ""0.000000"", ""gratuity"": ""0.000000"", ""refunded"": false, ""refund_transaction_id"": null, ""transaction_status"": null, ""transaction_id"": ""1780423151"", ""card_type"": null, ""payment_date"": ""2026-06-02T12:59:10"", ""created_date"": ""2026-06-02T12:59:10"", ""station"": ""/resources/PosStation/1151/"", ""online"": false}]",false,false,10,false
14704350,7e05cbb3-3377-46ff-b264-0acf87bd4dc6,26,LCF Nederland,2026-06-02T16:13:51,2026-06-02 16:13:51-05:00,2026-06-02T16:13:51,2026-06-02 16:13:51-05:00,4,Drive Through,/enterprise/User/38670/,38670,/enterprise/User/38670/,38670,,,,0.000000,,0.000000,,,,0.000000,0.000000,0.000000,0.000000,0.000000,0.000000,0.000000,,0.000000,0.000000,0.000000,0.000000,0.000000,0.000000,8.250000,0.000000,"[{""max_quantity_threshold"": 0, ""min_quantity_threshold"": 0, ""fiscal_rate"": ""2"", ""uuid"": ""6f772cd0-2607-4cf5-8b5a-1800c454538f"", ""name"": ""Sales Tax"", ""max_threshold"": ""0.0000"", ""min_threshold"": ""0.0000"", ""rounding_type"": 0, ""on_full_price"": true, ""order"": ""/resources/Order/14704350/"", ""is_prevailing"": true, ""tax_rate"": ""8.2500"", ""tax_table"": null, ""id"": 14747911, ""local_tax_id"": 590, ""tax_type"": 0, ""dining_options"": null, ""resource_uri"": ""/resources/AppliedTaxOrder/14747911/""}]",[],[],"""{\""service_fees\"":[],\""discounts\"":[]}""",,,,,,,"""""","{""status"": 0, ""was_shown"": false}",,,,false,false,true,false,false,Q,,,,0,false,false,false,0,,,true,false,,,,0,,false,false,false,false,,0,,,,false,false,0,false
14706427,e5587c83-50a4-471b-b7a5-8212a2619d48,26,LCF Nederland,2026-06-02T18:08:55,2026-06-02 18:08:55-05:00,2026-06-03T16:19:31,2026-06-03 16:19:31-05:00,4,Drive Through,/enterprise/User/75716/,75716,/enterprise/User/35616/,35616,,,,10.300000,,0.000000,,,,0.850000,11.150000,0.000000,0.000000,0.000000,0.000000,0.000000,0.000000,0.000000,0.000000,0.000000,0.850000,0.000000,0.000000,8.250000,0.000000,"[{""max_quantity_threshold"": 0, ""min_quantity_threshold"": 0, ""fiscal_rate"": ""2"", ""uuid"": ""430bd30b-9cd1-4ba0-b890-264e2f18796a"", ""name"": ""Sales Tax"", ""max_threshold"": ""0.0000"", ""min_threshold"": ""0.0000"", ""rounding_type"": 0, ""on_full_price"": true, ""order"": ""/resources/Order/14706427/"", ""is_prevailing"": true, ""tax_rate"": ""8.2500"", ""tax_table"": null, ""id"": 14749984, ""local_tax_id"": 590, ""tax_type"": 0, ""dining_options"": null, ""resource_uri"": ""/resources/AppliedTaxOrder/14749984/""}]",[],"[""/resources/OrderHistory/8798497/""]","""{\""service_fees\"":[],\""discounts\"":[]}""",,,,,{},,"""""","{""status"": 2, ""was_shown"": false}",,,14706427,true,false,false,false,false,Q,,,,0,true,true,false,0,,,true,false,3,112827,,0,13f0bf07bff663e7a5e65be49e6ca6e3,false,false,false,false,,1,2,[2],"[{""id"": 8544265, ""payment_type"": 2, ""other_payment_type"": null, ""amount"": ""11.150000"", ""tip"": ""0.000000"", ""gratuity"": ""0.000000"", ""refunded"": false, ""refund_transaction_id"": null, ""transaction_status"": ""Captured"", ""transaction_id"": ""01Z6NT1KF300P812K4UOV7R16M6JBSLY"", ""card_type"": 3, ""payment_date"": ""2026-06-03T16:19:31"", ""created_date"": ""2026-06-02T18:09:44"", ""station"": ""/resources/PosStation/1151/"", ""online"": false}]",false,false,5,false
14710850,9edd85d9-c3dd-4821-b0ef-0020b07fec0a,26,LCF Nederland,2026-06-02T20:09:42,2026-06-02 20:09:42-05:00,2026-06-02T20:09:42,2026-06-02 20:09:42-05:00,4,Drive Through,/enterprise/User/35616/,35616,/enterprise/User/35616/,35616,,,,0.000000,,0.000000,,,,0.000000,0.000000,0.000000,0.000000,0.000000,0.000000,0.000000,,0.000000,0.000000,0.000000,0.000000,0.000000,0.000000,8.250000,0.000000,"[{""max_quantity_threshold"": 0, ""min_quantity_threshold"": 0, ""fiscal_rate"": ""2"", ""uuid"": ""c1d01a3b-50ae-432f-8f37-a68c87ccc0b7"", ""name"": ""Sales Tax"", ""max_threshold"": ""0.0000"", ""min_threshold"": ""0.0000"", ""rounding_type"": 0, ""on_full_price"": true, ""order"": ""/resources/Order/14710850/"", ""is_prevailing"": true, ""tax_rate"": ""8.2500"", ""tax_table"": null, ""id"": 14754404, ""local_tax_id"": 590, ""tax_type"": 0, ""dining_options"": null, ""resource_uri"": ""/resources/AppliedTaxOrder/14754404/""}]",[],[],"""{\""service_fees\"":[],\""discounts\"":[]}""",,,,,,,"""""","{""status"": 0, ""was_shown"": false}",,,,false,false,true,false,false,Q,,,,0,false,false,false,0,,,true,false,,,,0,,false,false,false,false,,0,,,,false,false,0,false
14712653,50779289-898d-4b70-9b3b-0da52f4468b0,26,LCF Nederland,2026-06-02T21:29:13,2026-06-02 21:29:13-05:00,2026-06-02T21:29:13,2026-06-02 21:29:13-05:00,4,Drive Through,/enterprise/User/75716/,75716,/enterprise/User/75716/,75716,,,,0.000000,,0.000000,,,,0.000000,0.000000,0.000000,0.000000,0.000000,0.000000,0.000000,,0.000000,0.000000,0.000000,0.000000,0.000000,0.000000,8.250000,0.000000,"[{""max_quantity_threshold"": 0, ""min_quantity_threshold"": 0, ""fiscal_rate"": ""2"", ""uuid"": ""487fbd76-a87c-44e0-9202-3dd07b8f35d8"", ""name"": ""Sales Tax"", ""max_threshold"": ""0.0000"", ""min_threshold"": ""0.0000"", ""rounding_type"": 0, ""on_full_price"": true, ""order"": ""/resources/Order/14712653/"", ""is_prevailing"": true, ""tax_rate"": ""8.2500"", ""tax_table"": null, ""id"": 14756183, ""local_tax_id"": 590, ""tax_type"": 0, ""dining_options"": null, ""resource_uri"": ""/resources/AppliedTaxOrder/14756183/""}]",[],[],"""{\""service_fees\"":[],\""discounts\"":[]}""",,,,,,,"""""","{""status"": 0, ""was_shown"": false}",,,,false,false,true,false,false,Q,,,,0,false,false,false,0,,,true,false,,,,0,,false,false,false,false,,0,,,,false,false,0,false
14715491,eeacd69a-3729-4a80-9f90-41d2605e91b3,26,LCF Nederland,2026-06-03T11:01:00,2026-06-03 11:01:00-05:00,2026-06-03T16:19:39,2026-06-03 16:19:39-05:00,0,To Go,/enterprise/User/38670/,38670,/enterprise/User/35616/,35616,,,,27.980000,,0.000000,,,,2.310000,30.290000,0.000000,0.000000,0.000000,0.000000,0.000000,0.000000,0.000000,0.000000,0.000000,2.310000,0.000000,0.000000,8.250000,0.000000,"[{""max_quantity_threshold"": 0, ""min_quantity_threshold"": 0, ""fiscal_rate"": ""2"", ""uuid"": ""2d650505-1de0-4ede-86cf-578addf47e47"", ""name"": ""Sales Tax"", ""max_threshold"": ""0.0000"", ""min_threshold"": ""0.0000"", ""rounding_type"": 0, ""on_full_price"": true, ""order"": ""/resources/Order/14715491/"", ""is_prevailing"": true, ""tax_rate"": ""8.2500"", ""tax_table"": null, ""id"": 14758979, ""local_tax_id"": 590, ""tax_type"": 0, ""dining_options"": null, ""resource_uri"": ""/resources/AppliedTaxOrder/14758979/""}]",[],"[""/resources/OrderHistory/8803301/""]","""{\""service_fees\"":[],\""discounts\"":[]}""",,,,,{},,"""""",,,,14715491,true,false,false,false,false,Q,,,,0,true,true,false,0,,,true,false,3,112894,,0,02fd7cd2ede72136057f1359cd4d7c4d,false,false,false,false,,1,2,[2],"[{""id"": 8549055, ""payment_type"": 2, ""other_payment_type"": null, ""amount"": ""30.290000"", ""tip"": ""0.000000"", ""gratuity"": ""0.000000"", ""refunded"": false, ""refund_transaction_id"": null, ""transaction_status"": ""Captured"", ""transaction_id"": ""01Z6NT1KFB00P812K4UQ7JRBD071P8JY"", ""card_type"": 3, ""payment_date"": ""2026-06-03T16:19:39"", ""created_date"": ""2026-06-03T11:01:18"", ""station"": ""/resources/PosStation/1157/"", ""online"": false}]",false,false,5,false
14718251,e18b5758-e077-4404-adc0-a454363506b8,26,LCF Nederland,2026-06-03T12:14:19,2026-06-03 12:14:19-05:00,2026-06-03T16:19:42,2026-06-03 16:19:42-05:00,1,Eat In,/enterprise/User/84406/,84406,/enterprise/User/35616/,35616,,,,10.480000,,0.000000,,,,0.860000,11.340000,0.000000,0.000000,0.000000,0.000000,0.000000,0.000000,0.000000,0.000000,0.000000,0.860000,0.000000,0.000000,8.250000,0.000000,"[{""max_quantity_threshold"": 0, ""min_quantity_threshold"": 0, ""fiscal_rate"": ""2"", ""uuid"": ""2d9368d1-e055-4803-9569-c9a7e31b65aa"", ""name"": ""Sales Tax"", ""max_threshold"": ""0.0000"", ""min_threshold"": ""0.0000"", ""rounding_type"": 0, ""on_full_price"": true, ""order"": ""/resources/Order/14718251/"", ""is_prevailing"": true, ""tax_rate"": ""8.2500"", ""tax_table"": null, ""id"": 14761796, ""local_tax_id"": 590, ""tax_type"": 0, ""dining_options"": null, ""resource_uri"": ""/resources/AppliedTaxOrder/14761796/""}]",[],"[""/resources/OrderHistory/8805209/""]","""{\""service_fees\"":[],\""discounts\"":[]}""",,,,,{},,"""""",,,,14718251,true,false,false,false,false,Q,,,,0,true,true,false,0,,,true,false,3,112922,,0,1050b66694645d6f9e3a6d81e200228e,false,false,false,false,,1,2,[2],"[{""id"": 8550768, ""payment_type"": 2, ""other_payment_type"": null, ""amount"": ""11.340000"", ""tip"": ""0.000000"", ""gratuity"": ""0.000000"", ""refunded"": false, ""refund_transaction_id"": null, ""transaction_status"": ""Captured"", ""transaction_id"": ""01Z6NT1KFE00P812K4UQPUPQMTF717A7"", ""card_type"": 1, ""payment_date"": ""2026-06-03T16:19:42"", ""created_date"": ""2026-06-03T12:14:31"", ""station"": ""/resources/PosStation/1157/"", ""online"": false}]",false,false,5,false
14720976,0f402d02-2a87-4990-a0e4-b1f0b8d8473c,26,LCF Nederland,2026-06-03T13:24:01,2026-06-03 13:24:01-05:00,2026-06-03T16:19:46,2026-06-03 16:19:46-05:00,1,Eat In,/enterprise/User/84406/,84406,/enterprise/User/35616/,35616,,,,12.690000,,0.000000,,,,1.050000,13.740000,0.000000,0.000000,0.000000,0.000000,0.000000,0.000000,0.000000,0.000000,0.000000,1.050000,0.000000,0.000000,8.250000,0.000000,"[{""max_quantity_threshold"": 0, ""min_quantity_threshold"": 0, ""fiscal_rate"": ""2"", ""uuid"": ""e7bdb436-1f7f-4694-b342-56dd3ce0a3f0"", ""name"": ""Sales Tax"", ""max_threshold"": ""0.0000"", ""min_threshold"": ""0.0000"", ""rounding_type"": 0, ""on_full_price"": true, ""order"": ""/resources/Order/14720976/"", ""is_prevailing"": true, ""tax_rate"": ""8.2500"", ""tax_table"": null, ""id"": 14764541, ""local_tax_id"": 590, ""tax_type"": 0, ""dining_options"": null, ""resource_uri"": ""/resources/AppliedTaxOrder/14764541/""}]",[],"[""/resources/OrderHistory/8807065/""]","""{\""service_fees\"":[],\""discounts\"":[]}""",,,,,{},,"""""",,,,14720976,true,false,false,false,false,Q,,,,0,true,true,false,0,,,true,false,3,112948,,0,df876a349d62524fe5b962b7b071369d,false,false,false,false,,1,2,[2],"[{""id"": 8552595, ""payment_type"": 2, ""other_payment_type"": null, ""amount"": ""13.740000"", ""tip"": ""0.000000"", ""gratuity"": ""0.000000"", ""refunded"": false, ""refund_transaction_id"": null, ""transaction_status"": ""Captured"", ""transaction_id"": ""01Z6NT1KFI00P812K4UREPI28G9JDQ0F"", ""card_type"": 3, ""payment_date"": ""2026-06-03T16:19:46"", ""created_date"": ""2026-06-03T13:24:31"", ""station"": ""/resources/PosStation/1157/"", ""online"": false}]",false,false,4,false
14724042,ada7ef3f-7409-4604-946d-7c970f247c69,26,LCF Nederland,2026-06-03T15:14:29,2026-06-03 15:14:29-05:00,2026-06-03T15:20:25,2026-06-03 15:20:25-05:00,4,Drive Through,/enterprise/User/38670/,38670,/enterprise/User/38670/,38670,,,,8.290000,,0.000000,,,,0.680000,8.970000,0.000000,0.000000,0.000000,0.000000,0.000000,0.000000,0.000000,0.000000,0.000000,0.680000,0.000000,0.000000,8.250000,0.000000,"[{""max_quantity_threshold"": 0, ""min_quantity_threshold"": 0, ""fiscal_rate"": ""2"", ""uuid"": ""0c44ba11-6fec-42e2-80a1-adfeee5d26a4"", ""name"": ""Sales Tax"", ""max_threshold"": ""0.0000"", ""min_threshold"": ""0.0000"", ""rounding_type"": 0, ""on_full_price"": true, ""order"": ""/resources/Order/14724042/"", ""is_prevailing"": true, ""tax_rate"": ""8.2500"", ""tax_table"": null, ""id"": 14767645, ""local_tax_id"": 590, ""tax_type"": 0, ""dining_options"": null, ""resource_uri"": ""/resources/AppliedTaxOrder/14767645/""}]",[],"[""/resources/OrderHistory/8808788/""]","""{\""service_fees\"":[],\""discounts\"":[]}""",,,,,{},,"""""","{""status"": 2, ""was_shown"": false}",,,14724042,true,false,false,false,false,Q,,,,0,true,true,false,0,,,true,false,3,112975,,0,c47b1a08a336f205714a485aaef50350,false,false,false,false,,1,1,[1],"[{""id"": 8554279, ""payment_type"": 1, ""other_payment_type"": null, ""amount"": ""8.970000"", ""tip"": ""0.000000"", ""gratuity"": ""0.000000"", ""refunded"": false, ""refund_transaction_id"": null, ""transaction_status"": null, ""transaction_id"": ""1780517745"", ""card_type"": null, ""payment_date"": ""2026-06-03T15:15:44"", ""created_date"": ""2026-06-03T15:15:44"", ""station"": ""/resources/PosStation/1151/"", ""online"": false}]",false,false,1,false
14726778,8d8f198b-e492-489d-8503-3982ac03b795,26,LCF Nederland,2026-06-03T17:03:48,2026-06-03 17:03:48-05:00,2026-06-03T18:19:59,2026-06-03 18:19:59-05:00,0,To Go,/enterprise/User/84406/,84406,/enterprise/User/84406/,84406,/enterprise/User/84406/,84406,,9.790000,9.790000,9.790000,9.790000,,,0.000000,0.000000,0.000000,0.000000,0.000000,0.000000,0.000000,,0.000000,0.000000,0.000000,0.000000,0.000000,0.000000,8.250000,0.000000,"[{""max_quantity_threshold"": 0, ""min_quantity_threshold"": 0, ""fiscal_rate"": ""2"", ""uuid"": ""03cbfd0c-75b3-4519-85e2-c90ecc0a79f2"", ""name"": ""Sales Tax"", ""max_threshold"": ""0.0000"", ""min_threshold"": ""0.0000"", ""rounding_type"": 0, ""on_full_price"": true, ""order"": ""/resources/Order/14726778/"", ""is_prevailing"": true, ""tax_rate"": ""8.2500"", ""tax_table"": null, ""id"": 14770389, ""local_tax_id"": 590, ""tax_type"": 0, ""dining_options"": null, ""resource_uri"": ""/resources/AppliedTaxOrder/14770389/""}]","[{""rule_type"": 0, ""discounted_by"": null, ""name"": ""Employee $9.79 Off"", ""rule_amount"": ""9.790000"", ""discount_amount"": ""9.790000"", ""tax_amount_included"": ""0.000000"", ""discount_function"": 0, ""qty"": 0, ""discount"": ""/resources/Discount/3344/"", ""taxed"": true, ""id"": 525283, ""stackable_type"": 0, ""resource_uri"": ""/resources/AppliedDiscountOrder/525283/"", ""order"": ""/resources/Order/14726778/"", ""discount_code"": """", ""uuid"": ""c8219288-7588-4be4-a8e1-4e6ed08e04cd""}]","[""/resources/OrderHistory/8810302/""]","""{\""service_fees\"":[],\""discounts\"":[]}""",,,,,{},,"""""",,,,14726778,true,false,false,true,false,Q,Employee $9.79 Off,,0,0,true,true,false,0,,,true,false,2,112995,,0,6e254b59252cb2377e8808a553f078f9,false,false,false,false,,0,,,,false,false,5,false
14731332,d539204e-aecc-4272-b13f-55d7eca3bbeb,26,LCF Nederland,2026-06-03T19:48:20,2026-06-03 19:48:20-05:00,2026-06-03T23:40:41,2026-06-03 23:40:41-05:00,4,Drive Through,/enterprise/User/37426/,37426,/enterprise/User/35616/,35616,,,,21.580000,,0.000000,,,,1.780000,23.360000,0.000000,0.000000,0.000000,0.000000,0.000000,0.000000,0.000000,0.000000,0.000000,1.780000,0.000000,0.000000,8.250000,0.000000,"[{""max_quantity_threshold"": 0, ""min_quantity_threshold"": 0, ""fiscal_rate"": ""2"", ""uuid"": ""a5c8f2fc-465f-4adb-9aad-e814f9ec411a"", ""name"": ""Sales Tax"", ""max_threshold"": ""0.0000"", ""min_threshold"": ""0.0000"", ""rounding_type"": 0, ""on_full_price"": true, ""order"": ""/resources/Order/14731332/"", ""is_prevailing"": true, ""tax_rate"": ""8.2500"", ""tax_table"": null, ""id"": 14774968, ""local_tax_id"": 590, ""tax_type"": 0, ""dining_options"": null, ""resource_uri"": ""/resources/AppliedTaxOrder/14774968/""}]",[],"[""/resources/OrderHistory/8813212/""]","""{\""service_fees\"":[],\""discounts\"":[]}""",,,,,{},,"""""","{""status"": 2, ""was_shown"": false}",,,14731332,true,false,false,false,false,Q,,,,0,true,true,false,0,,,true,false,2,113018,,0,f67faec0b4081d9add8d5c6663a5df62,false,false,false,false,,1,2,[2],"[{""id"": 8558537, ""payment_type"": 2, ""other_payment_type"": null, ""amount"": ""23.360000"", ""tip"": ""0.000000"", ""gratuity"": ""0.000000"", ""refunded"": false, ""refund_transaction_id"": null, ""transaction_status"": ""Captured"", ""transaction_id"": ""01Z6NT2EA900P812K866VALE5MS67MJH"", ""card_type"": 3, ""payment_date"": ""2026-06-03T23:40:41"", ""created_date"": ""2026-06-03T19:49:52"", ""station"": ""/resources/PosStation/1151/"", ""online"": false}]",false,false,10,false
14733588,db03fc79-11ce-45b1-9b36-76dea83a452f,26,LCF Nederland,2026-06-03T21:01:18,2026-06-03 21:01:18-05:00,2026-06-03T21:09:59,2026-06-03 21:09:59-05:00,1,Eat In,/enterprise/User/35616/,35616,/enterprise/User/35616/,35616,,,,16.480000,,0.000000,,,,1.360000,17.840000,0.000000,0.000000,0.000000,0.000000,0.000000,0.000000,0.000000,0.000000,0.000000,1.360000,0.000000,0.000000,8.250000,0.000000,"[{""max_quantity_threshold"": 0, ""min_quantity_threshold"": 0, ""fiscal_rate"": ""2"", ""uuid"": ""96018ce1-2bf0-4de9-8f59-05e3690e7b5b"", ""name"": ""Sales Tax"", ""max_threshold"": ""0.0000"", ""min_threshold"": ""0.0000"", ""rounding_type"": 0, ""on_full_price"": true, ""order"": ""/resources/Order/14733588/"", ""is_prevailing"": true, ""tax_rate"": ""8.2500"", ""tax_table"": null, ""id"": 14777194, ""local_tax_id"": 590, ""tax_type"": 0, ""dining_options"": null, ""resource_uri"": ""/resources/AppliedTaxOrder/14777194/""}]",[],"[""/resources/OrderHistory/8814404/""]","""{\""service_fees\"":[],\""discounts\"":[]}""",,,,,{},,"""""",,,,14733588,true,false,false,false,false,Q,,,,0,true,true,false,0,,,true,false,2,113031,,0,2895d8ab36c0c8ae7f9f9302d1f073b5,false,false,false,false,,1,1,[1],"[{""id"": 8559685, ""payment_type"": 1, ""other_payment_type"": null, ""amount"": ""17.840000"", ""tip"": ""0.000000"", ""gratuity"": ""0.000000"", ""refunded"": false, ""refund_transaction_id"": null, ""transaction_status"": null, ""transaction_id"": ""1780538501"", ""card_type"": null, ""payment_date"": ""2026-06-03T21:01:40"", ""created_date"": ""2026-06-03T21:01:40"", ""station"": ""/resources/PosStation/1157/"", ""online"": false}]",false,false,5,false
14735238,0071afba-5933-478e-999f-51bdf1fb9930,26,LCF Nederland,2026-06-03T22:20:22,2026-06-03 22:20:22-05:00,2026-06-03T23:40:47,2026-06-03 23:40:47-05:00,4,Drive Through,/enterprise/User/37426/,37426,/enterprise/User/35616/,35616,,,,11.790000,,0.000000,,,,0.970000,12.760000,0.000000,0.000000,0.000000,0.000000,0.000000,0.000000,0.000000,0.000000,0.000000,0.970000,0.000000,0.000000,8.250000,0.000000,"[{""max_quantity_threshold"": 0, ""min_quantity_threshold"": 0, ""fiscal_rate"": ""2"", ""uuid"": ""2dcbf629-a0c7-4947-8a9e-a8abce5e2b0b"", ""name"": ""Sales Tax"", ""max_threshold"": ""0.0000"", ""min_threshold"": ""0.0000"", ""rounding_type"": 0, ""on_full_price"": true, ""order"": ""/resources/Order/14735238/"", ""is_prevailing"": true, ""tax_rate"": ""8.2500"", ""tax_table"": null, ""id"": 14778810, ""local_tax_id"": 590, ""tax_type"": 0, ""dining_options"": null, ""resource_uri"": ""/resources/AppliedTaxOrder/14778810/""}]",[],"[""/resources/OrderHistory/8815312/""]","""{\""service_fees\"":[],\""discounts\"":[]}""",,,,,{},,"""""","{""status"": 2, ""was_shown"": false}",,,14735238,true,false,false,false,false,Q,,,,0,true,true,false,0,,,true,false,3,113052,,0,3bffb303518724d7df2243b01b2f7a39,false,false,false,false,,1,2,[2],"[{""id"": 8560630, ""payment_type"": 2, ""other_payment_type"": null, ""amount"": ""12.760000"", ""tip"": ""0.000000"", ""gratuity"": ""0.000000"", ""refunded"": false, ""refund_transaction_id"": null, ""transaction_status"": ""Captured"", ""transaction_id"": ""01Z6NT2EAE00P812K867C8C92V9TUNHA"", ""card_type"": 1, ""payment_date"": ""2026-06-03T23:40:47"", ""created_date"": ""2026-06-03T22:22:01"", ""station"": ""/resources/PosStation/1151/"", ""online"": false}]",false,false,5,false
14738307,988ffeff-88c7-4fc1-b437-5a740d0f8df6,26,LCF Nederland,2026-06-04T11:36:42,2026-06-04 11:36:42-05:00,2026-06-04T23:17:48,2026-06-04 23:17:48-05:00,4,Drive Through,/enterprise/User/38670/,38670,/enterprise/User/84406/,84406,,,,11.790000,,0.000000,,,,0.970000,12.760000,0.000000,0.000000,0.000000,0.000000,0.000000,0.000000,0.000000,0.000000,0.000000,0.970000,0.000000,0.000000,8.250000,0.000000,"[{""max_quantity_threshold"": 0, ""min_quantity_threshold"": 0, ""fiscal_rate"": ""2"", ""uuid"": ""93d8ee0a-d0c1-48b5-8335-4339510b4d32"", ""name"": ""Sales Tax"", ""max_threshold"": ""0.0000"", ""min_threshold"": ""0.0000"", ""rounding_type"": 0, ""on_full_price"": true, ""order"": ""/resources/Order/14738307/"", ""is_prevailing"": true, ""tax_rate"": ""8.2500"", ""tax_table"": null, ""id"": 14781892, ""local_tax_id"": 590, ""tax_type"": 0, ""dining_options"": null, ""resource_uri"": ""/resources/AppliedTaxOrder/14781892/""}]",[],"[""/resources/OrderHistory/8817283/""]","""{\""service_fees\"":[],\""discounts\"":[]}""",,,,,{},,"""""","{""status"": 2, ""was_shown"": false}",,,14738307,true,false,false,false,false,Q,,,,0,true,true,false,0,,,true,false,2,113077,,0,5982bf04c53070e40c09ed0e018c9bc7,false,false,false,false,,1,2,[2],"[{""id"": 8562521, ""payment_type"": 2, ""other_payment_type"": null, ""amount"": ""12.760000"", ""tip"": ""0.000000"", ""gratuity"": ""0.000000"", ""refunded"": false, ""refund_transaction_id"": null, ""transaction_status"": ""Captured"", ""transaction_id"": ""01Z6NT51BB00P812KJKSDG5703V6916O"", ""card_type"": 3, ""payment_date"": ""2026-06-04T23:17:48"", ""created_date"": ""2026-06-04T11:37:27"", ""station"": ""/resources/PosStation/1151/"", ""online"": false}]",false,false,5,false
14742429,0fb27f69-7cc5-4c61-bb52-3a2c652c1e31,26,LCF Nederland,2026-06-04T12:57:00,2026-06-04 12:57:00-05:00,2026-06-04T12:57:00,2026-06-04 12:57:00-05:00,4,Drive Through,/enterprise/User/38670/,38670,/enterprise/User/38670/,38670,,,,0.000000,,0.000000,,,,0.000000,0.000000,0.000000,0.000000,0.000000,0.000000,0.000000,,0.000000,0.000000,0.000000,0.000000,0.000000,0.000000,8.250000,0.000000,"[{""max_quantity_threshold"": 0, ""min_quantity_threshold"": 0, ""fiscal_rate"": ""2"", ""uuid"": ""36dc5415-6965-4d5f-9ad7-3e47bda8f7c9"", ""name"": ""Sales Tax"", ""max_threshold"": ""0.0000"", ""min_threshold"": ""0.0000"", ""rounding_type"": 0, ""on_full_price"": true, ""order"": ""/resources/Order/14742429/"", ""is_prevailing"": true, ""tax_rate"": ""8.2500"", ""tax_table"": null, ""id"": 14786045, ""local_tax_id"": 590, ""tax_type"": 0, ""dining_options"": null, ""resource_uri"": ""/resources/AppliedTaxOrder/14786045/""}]",[],[],"""{\""service_fees\"":[],\""discounts\"":[]}""",,,,,,,"""""","{""status"": 0, ""was_shown"": false}",,,,false,false,true,false,false,Q,,,,0,false,false,false,0,,,true,false,,,,0,,false,false,false,false,,0,,,,false,false,0,false
14745298,70a241a9-1645-4740-8315-520f7f9ea46e,26,LCF Nederland,2026-06-04T14:23:54,2026-06-04 14:23:54-05:00,2026-06-04T23:18:01,2026-06-04 23:18:01-05:00,0,To Go,/enterprise/User/38670/,38670,/enterprise/User/84406/,84406,,,,17.280000,,0.000000,,,,1.430000,18.710000,0.000000,0.000000,0.000000,0.000000,0.000000,0.000000,0.000000,0.000000,0.000000,1.430000,0.000000,0.000000,8.250000,0.000000,"[{""max_quantity_threshold"": 0, ""min_quantity_threshold"": 0, ""fiscal_rate"": ""2"", ""uuid"": ""5b0cbdfb-99fd-4cea-b8b9-118bd794a404"", ""name"": ""Sales Tax"", ""max_threshold"": ""0.0000"", ""min_threshold"": ""0.0000"", ""rounding_type"": 0, ""on_full_price"": true, ""order"": ""/resources/Order/14745298/"", ""is_prevailing"": true, ""tax_rate"": ""8.2500"", ""tax_table"": null, ""id"": 14788931, ""local_tax_id"": 590, ""tax_type"": 0, ""dining_options"": null, ""resource_uri"": ""/resources/AppliedTaxOrder/14788931/""}]",[],"[""/resources/OrderHistory/8821566/""]","""{\""service_fees\"":[],\""discounts\"":[]}""",,,,,{},,"""""",,,,14745298,true,false,false,false,false,Q,,,,0,true,true,false,0,,,true,false,4,113127,,0,e6f32c1b8f345e829e077ea2c9c5a44c,false,false,false,false,,1,2,[2],"[{""id"": 8566774, ""payment_type"": 2, ""other_payment_type"": null, ""amount"": ""18.710000"", ""tip"": ""0.000000"", ""gratuity"": ""0.000000"", ""refunded"": false, ""refund_transaction_id"": null, ""transaction_status"": ""Captured"", ""transaction_id"": ""01Z6NT51BP00P812KJKTG3MT94R28IBZ"", ""card_type"": 2, ""payment_date"": ""2026-06-04T23:18:01"", ""created_date"": ""2026-06-04T14:24:30"", ""station"": ""/resources/PosStation/1157/"", ""online"": false}]",false,false,6,false
14749022,fe3420f0-6936-4836-a33b-e7fe29a96cba,26,LCF Nederland,2026-06-04T16:54:28,2026-06-04 16:54:28-05:00,2026-06-04T16:58:09,2026-06-04 16:58:09-05:00,4,Drive Through,/enterprise/User/38670/,38670,/enterprise/User/38670/,38670,,,,11.790000,,0.000000,,,,0.970000,12.760000,0.000000,0.000000,0.000000,0.000000,0.000000,0.000000,0.000000,0.000000,0.000000,0.970000,0.000000,0.000000,8.250000,0.000000,"[{""max_quantity_threshold"": 0, ""min_quantity_threshold"": 0, ""fiscal_rate"": ""2"", ""uuid"": ""3f00fcf3-63da-4112-ad08-b08380f3a2d8"", ""name"": ""Sales Tax"", ""max_threshold"": ""0.0000"", ""min_threshold"": ""0.0000"", ""rounding_type"": 0, ""on_full_price"": true, ""order"": ""/resources/Order/14749022/"", ""is_prevailing"": true, ""tax_rate"": ""8.2500"", ""tax_table"": null, ""id"": 14792696, ""local_tax_id"": 590, ""tax_type"": 0, ""dining_options"": null, ""resource_uri"": ""/resources/AppliedTaxOrder/14792696/""}]",[],"[""/resources/OrderHistory/8823726/""]","""{\""service_fees\"":[],\""discounts\"":[]}""",,,,,{},,"""""","{""status"": 2, ""was_shown"": false}",,,14749022,true,false,false,false,false,Q,,,,0,true,true,false,0,,,true,false,2,113153,,0,ed23c12921d973ebc0d305718cb072d4,false,false,false,false,,1,1,[1],"[{""id"": 8568869, ""payment_type"": 1, ""other_payment_type"": null, ""amount"": ""12.760000"", ""tip"": ""0.000000"", ""gratuity"": ""0.000000"", ""refunded"": false, ""refund_transaction_id"": null, ""transaction_status"": null, ""transaction_id"": ""1780610290"", ""card_type"": null, ""payment_date"": ""2026-06-04T16:58:09"", ""created_date"": ""2026-06-04T16:58:09"", ""station"": ""/resources/PosStation/1151/"", ""online"": false}]",false,false,5,false
14751437,34181d5c-a77e-4e90-b1ae-590f28c57269,26,LCF Nederland,2026-06-04T18:27:07,2026-06-04 18:27:07-05:00,2026-06-04T23:18:19,2026-06-04 23:18:19-05:00,4,Drive Through,/enterprise/User/38670/,38670,/enterprise/User/84406/,84406,,,,11.570000,,0.000000,,,,0.950000,12.520000,0.000000,0.000000,0.000000,0.000000,0.000000,0.000000,0.000000,0.000000,0.000000,0.950000,0.000000,0.000000,8.250000,0.000000,"[{""max_quantity_threshold"": 0, ""min_quantity_threshold"": 0, ""fiscal_rate"": ""2"", ""uuid"": ""bc408b1a-ef92-48bd-be52-c6fdd7c119e5"", ""name"": ""Sales Tax"", ""max_threshold"": ""0.0000"", ""min_threshold"": ""0.0000"", ""rounding_type"": 0, ""on_full_price"": true, ""order"": ""/resources/Order/14751437/"", ""is_prevailing"": true, ""tax_rate"": ""8.2500"", ""tax_table"": null, ""id"": 14795103, ""local_tax_id"": 590, ""tax_type"": 0, ""dining_options"": null, ""resource_uri"": ""/resources/AppliedTaxOrder/14795103/""}]",[],"[""/resources/OrderHistory/8825386/""]","""{\""service_fees\"":[],\""discounts\"":[]}""",,,,,{},,"""""","{""status"": 2, ""was_shown"": false}",,,14751437,true,false,false,false,false,Q,,,,0,true,true,false,0,,,true,false,2,113177,,0,de527ca0eb3408264fbaacb2463b20a2,false,false,false,false,,1,2,[2],"[{""id"": 8570414, ""payment_type"": 2, ""other_payment_type"": null, ""amount"": ""12.520000"", ""tip"": ""0.000000"", ""gratuity"": ""0.000000"", ""refunded"": false, ""refund_transaction_id"": null, ""transaction_status"": ""Captured"", ""transaction_id"": ""01Z6NT51CA00P812KJKUQ8JL60I51RL8"", ""card_type"": 3, ""payment_date"": ""2026-06-04T23:18:19"", ""created_date"": ""2026-06-04T18:28:24"", ""station"": ""/resources/PosStation/1151/"", ""online"": false}]",false,false,7,false
14754541,061e50b1-7d01-4cac-a666-dff994863d42,26,LCF Nederland,2026-06-04T19:56:18,2026-06-04 19:56:18-05:00,2026-06-04T23:18:27,2026-06-04 23:18:27-05:00,1,Eat In,/enterprise/User/84406/,84406,/enterprise/User/84406/,84406,,,,13.380000,,0.000000,,,,1.100000,14.480000,0.000000,0.000000,0.000000,0.000000,0.000000,0.000000,0.000000,0.000000,0.000000,1.100000,0.000000,0.000000,8.250000,0.000000,"[{""max_quantity_threshold"": 0, ""min_quantity_threshold"": 0, ""fiscal_rate"": ""2"", ""uuid"": ""d4e8247c-7a23-4b41-a099-f98730bb2c36"", ""name"": ""Sales Tax"", ""max_threshold"": ""0.0000"", ""min_threshold"": ""0.0000"", ""rounding_type"": 0, ""on_full_price"": true, ""order"": ""/resources/Order/14754541/"", ""is_prevailing"": true, ""tax_rate"": ""8.2500"", ""tax_table"": null, ""id"": 14798193, ""local_tax_id"": 590, ""tax_type"": 0, ""dining_options"": null, ""resource_uri"": ""/resources/AppliedTaxOrder/14798193/""}]",[],"[""/resources/OrderHistory/8827114/""]","""{\""service_fees\"":[],\""discounts\"":[]}""",,,,,{},,"""""",,,,14754541,true,false,false,false,false,Q,,,,0,true,true,false,0,,,true,false,3,113207,,0,1958187d07280506c823689c148920b8,false,false,false,false,,1,2,[2],"[{""id"": 8572102, ""payment_type"": 2, ""other_payment_type"": null, ""amount"": ""14.480000"", ""tip"": ""2.010000"", ""gratuity"": ""0.000000"", ""refunded"": false, ""refund_transaction_id"": null, ""transaction_status"": ""Captured"", ""transaction_id"": ""01Z6NT51CJ00P812KJKVFTDPJM11343J"", ""card_type"": 3, ""payment_date"": ""2026-06-04T23:18:27"", ""created_date"": ""2026-06-04T19:57:06"", ""station"": ""/resources/PosStation/1157/"", ""online"": false}]",false,false,6,false
14757158,a9813d42-5392-4ca5-b4d3-aeccb5193973,26,LCF Nederland,2026-06-04T21:23:04,2026-06-04 21:23:04-05:00,2026-06-04T23:18:35,2026-06-04 23:18:35-05:00,1,Eat In,/enterprise/User/84406/,84406,/enterprise/User/84406/,84406,,,,22.960000,,0.000000,,,,1.890000,24.850000,0.000000,0.000000,0.000000,0.000000,0.000000,0.000000,0.000000,0.000000,0.000000,1.890000,0.000000,0.000000,8.250000,0.000000,"[{""max_quantity_threshold"": 0, ""min_quantity_threshold"": 0, ""fiscal_rate"": ""2"", ""uuid"": ""2bd9b573-26f0-4f79-b957-5766bf2602d9"", ""name"": ""Sales Tax"", ""max_threshold"": ""0.0000"", ""min_threshold"": ""0.0000"", ""rounding_type"": 0, ""on_full_price"": true, ""order"": ""/resources/Order/14757158/"", ""is_prevailing"": true, ""tax_rate"": ""8.2500"", ""tax_table"": null, ""id"": 14800772, ""local_tax_id"": 590, ""tax_type"": 0, ""dining_options"": null, ""resource_uri"": ""/resources/AppliedTaxOrder/14800772/""}]",[],"[""/resources/OrderHistory/8828639/""]","""{\""service_fees\"":[],\""discounts\"":[]}""",,,,,{},,"""""",,,,14757158,true,false,false,false,false,Q,,,,0,true,true,false,0,,,true,false,3,113234,,0,1aa81a089dbc508da39acf2c02b93880,false,false,false,false,,1,2,[2],"[{""id"": 8573600, ""payment_type"": 2, ""other_payment_type"": null, ""amount"": ""24.850000"", ""tip"": ""1.000000"", ""gratuity"": ""0.000000"", ""refunded"": false, ""refund_transaction_id"": null, ""transaction_status"": ""Captured"", ""transaction_id"": ""01Z6NT51CQ00P812KJL02J8SEGDQ78DK"", ""card_type"": 2, ""payment_date"": ""2026-06-04T23:18:35"", ""created_date"": ""2026-06-04T21:24:25"", ""station"": ""/resources/PosStation/1157/"", ""online"": false}]",false,false,10,false
14759477,6dd0d5d8-5a82-4d82-9ebc-f6eb08fcb15e,26,LCF Nederland,2026-06-04T23:55:33,2026-06-04 23:55:33-05:00,2026-06-05T00:23:44,2026-06-05 00:23:44-05:00,4,Drive Through,/enterprise/User/37426/,37426,/enterprise/User/84406/,84406,/enterprise/User/84406/,84406,,9.790000,9.790000,9.790000,9.790000,,,0.000000,0.000000,0.000000,0.000000,0.000000,0.000000,0.000000,,0.000000,0.000000,0.000000,0.000000,0.000000,0.000000,8.250000,0.000000,"[{""max_quantity_threshold"": 0, ""min_quantity_threshold"": 0, ""fiscal_rate"": ""2"", ""uuid"": ""adc022fd-aafe-4d9f-93a1-4c8526e1a2f9"", ""name"": ""Sales Tax"", ""max_threshold"": ""0.0000"", ""min_threshold"": ""0.0000"", ""rounding_type"": 0, ""on_full_price"": true, ""order"": ""/resources/Order/14759477/"", ""is_prevailing"": true, ""tax_rate"": ""8.2500"", ""tax_table"": null, ""id"": 14803066, ""local_tax_id"": 590, ""tax_type"": 0, ""dining_options"": null, ""resource_uri"": ""/resources/AppliedTaxOrder/14803066/""}]","[{""rule_type"": 0, ""discounted_by"": ""/enterprise/User/84406/"", ""name"": ""Employee $9.79 Off"", ""rule_amount"": ""9.790000"", ""discount_amount"": ""9.790000"", ""tax_amount_included"": ""0.000000"", ""discount_function"": 0, ""qty"": 0, ""discount"": ""/resources/Discount/3344/"", ""taxed"": true, ""id"": 526655, ""stackable_type"": 0, ""resource_uri"": ""/resources/AppliedDiscountOrder/526655/"", ""order"": ""/resources/Order/14759477/"", ""discount_code"": """", ""uuid"": ""2e49acd7-10a4-4e45-80dc-66372a1ad41a""}]","[""/resources/OrderHistory/8829921/""]","""{\""service_fees\"":[],\""discounts\"":[]}""",,,,,{},,"""""","{""status"": 2, ""was_shown"": false}",,,14759477,true,false,false,true,false,Q,Employee $9.79 Off,,0,0,true,true,false,0,,,true,false,2,113257,,0,7b04ee8718dc4989ea89b4fdd70df5f3,false,false,false,false,,0,,,,false,false,5,false
14762370,654ff57b-d226-4655-b6de-ff255185225e,26,LCF Nederland,2026-06-05T11:44:54,2026-06-05 11:44:54-05:00,2026-06-05T11:44:54,2026-06-05 11:44:54-05:00,4,Drive Through,/enterprise/User/35616/,35616,/enterprise/User/35616/,35616,,,,0.000000,,0.000000,,,,0.000000,0.000000,0.000000,0.000000,0.000000,0.000000,0.000000,,0.000000,0.000000,0.000000,0.000000,0.000000,0.000000,8.250000,0.000000,"[{""max_quantity_threshold"": 0, ""min_quantity_threshold"": 0, ""fiscal_rate"": ""2"", ""uuid"": ""2559a349-1c89-4490-a2fe-f3f85aa8f114"", ""name"": ""Sales Tax"", ""max_threshold"": ""0.0000"", ""min_threshold"": ""0.0000"", ""rounding_type"": 0, ""on_full_price"": true, ""order"": ""/resources/Order/14762370/"", ""is_prevailing"": true, ""tax_rate"": ""8.2500"", ""tax_table"": null, ""id"": 14805981, ""local_tax_id"": 590, ""tax_type"": 0, ""dining_options"": null, ""resource_uri"": ""/resources/AppliedTaxOrder/14805981/""}]",[],[],"""{\""service_fees\"":[],\""discounts\"":[]}""",,,,,,,"""""","{""status"": 0, ""was_shown"": false}",,,,false,false,true,false,false,Q,,,,0,false,false,false,0,,,true,false,,,,0,,false,false,false,false,,0,,,,false,false,0,false
14765641,57ac2a70-9955-4a1c-8fb8-19e90bd99a8a,26,LCF Nederland,2026-06-05T12:50:47,2026-06-05 12:50:47-05:00,2026-06-05T12:50:47,2026-06-05 12:50:47-05:00,1,Eat In,/enterprise/User/35616/,35616,/enterprise/User/35616/,35616,,,,0.000000,,0.000000,,,,0.000000,0.000000,0.000000,0.000000,0.000000,0.000000,0.000000,,0.000000,0.000000,0.000000,0.000000,0.000000,0.000000,8.250000,0.000000,"[{""max_quantity_threshold"": 0, ""min_quantity_threshold"": 0, ""fiscal_rate"": ""2"", ""uuid"": ""de6404a0-671e-4f55-9f5c-6f4608b816e7"", ""name"": ""Sales Tax"", ""max_threshold"": ""0.0000"", ""min_threshold"": ""0.0000"", ""rounding_type"": 0, ""on_full_price"": true, ""order"": ""/resources/Order/14765641/"", ""is_prevailing"": true, ""tax_rate"": ""8.2500"", ""tax_table"": null, ""id"": 14809270, ""local_tax_id"": 590, ""tax_type"": 0, ""dining_options"": null, ""resource_uri"": ""/resources/AppliedTaxOrder/14809270/""}]",[],[],"""{\""service_fees\"":[],\""discounts\"":[]}""",,,,,,,"""""",,,,,false,false,true,false,false,Q,,,,0,false,false,false,0,,,true,false,,,,0,,false,false,false,false,,0,,,,false,false,0,false
14768284,08a2b3cb-9321-45d5-88b7-bccad59aee08,26,LCF Nederland,2026-06-05T13:59:28,2026-06-05 13:59:28-05:00,2026-06-05T13:59:28,2026-06-05 13:59:28-05:00,4,Drive Through,/enterprise/User/35616/,35616,/enterprise/User/35616/,35616,,,,0.000000,,0.000000,,,,0.000000,0.000000,0.000000,0.000000,0.000000,0.000000,0.000000,,0.000000,0.000000,0.000000,0.000000,0.000000,0.000000,8.250000,0.000000,"[{""max_quantity_threshold"": 0, ""min_quantity_threshold"": 0, ""fiscal_rate"": ""2"", ""uuid"": ""95810e75-644e-4495-b970-dad93c35a2ac"", ""name"": ""Sales Tax"", ""max_threshold"": ""0.0000"", ""min_threshold"": ""0.0000"", ""rounding_type"": 0, ""on_full_price"": true, ""order"": ""/resources/Order/14768284/"", ""is_prevailing"": true, ""tax_rate"": ""8.2500"", ""tax_table"": null, ""id"": 14811930, ""local_tax_id"": 590, ""tax_type"": 0, ""dining_options"": null, ""resource_uri"": ""/resources/AppliedTaxOrder/14811930/""}]",[],[],"""{\""service_fees\"":[],\""discounts\"":[]}""",,,,,,,"""""","{""status"": 0, ""was_shown"": false}",,,,false,false,true,false,false,Q,,,,0,false,false,false,0,,,true,false,,,,0,,false,false,false,false,,0,,,,false,false,0,false
14769719,c90480e2-b8c8-42a2-8d4a-ecb1338c0843,26,LCF Nederland,2026-06-05T15:05:28,2026-06-05 15:05:28-05:00,2026-06-05T17:43:27,2026-06-05 17:43:27-05:00,0,To Go,/enterprise/User/35616/,35616,/enterprise/User/35616/,35616,/enterprise/User/35616/,35616,,11.170000,5.580000,5.580000,50.000000,,,0.460000,6.050000,0.000000,0.000000,0.000000,0.000000,0.000000,0.000000,0.000000,0.000000,0.000000,0.460000,0.000000,0.000000,8.250000,0.000000,"[{""max_quantity_threshold"": 0, ""min_quantity_threshold"": 0, ""fiscal_rate"": ""2"", ""uuid"": ""93291f8e-f07a-46aa-88ad-71df33816401"", ""name"": ""Sales Tax"", ""max_threshold"": ""0.0000"", ""min_threshold"": ""0.0000"", ""rounding_type"": 0, ""on_full_price"": true, ""order"": ""/resources/Order/14769719/"", ""is_prevailing"": true, ""tax_rate"": ""8.2500"", ""tax_table"": null, ""id"": 14813376, ""local_tax_id"": 590, ""tax_type"": 0, ""dining_options"": null, ""resource_uri"": ""/resources/AppliedTaxOrder/14813376/""}]","[{""rule_type"": 1, ""discounted_by"": null, ""name"": ""Employee 50%"", ""rule_amount"": ""50.000000"", ""discount_amount"": ""5.580000"", ""tax_amount_included"": ""0.000000"", ""discount_function"": 0, ""qty"": 0, ""discount"": ""/resources/Discount/9323/"", ""taxed"": true, ""id"": 527079, ""stackable_type"": 0, ""resource_uri"": ""/resources/AppliedDiscountOrder/527079/"", ""order"": ""/resources/Order/14769719/"", ""discount_code"": """", ""uuid"": ""615c90b5-25f3-4e2c-9f53-14733b0b4ee8""}]","[""/resources/OrderHistory/8836687/""]","""{\""service_fees\"":[],\""discounts\"":[]}""",,,,,{},,"""""",,,,14769719,true,false,false,true,false,Q,Employee 50%,,1,0,true,true,false,0,,,true,false,3,113336,,0,9bf8116395de651e68967f8e6223071c,false,false,false,false,,1,2,[2],"[{""id"": 8581510, ""payment_type"": 2, ""other_payment_type"": null, ""amount"": ""6.050000"", ""tip"": ""0.000000"", ""gratuity"": ""0.000000"", ""refunded"": false, ""refund_transaction_id"": null, ""transaction_status"": ""Captured"", ""transaction_id"": ""01Z6NT724F00P812KT2NTOP3RMVP3MPM"", ""card_type"": 3, ""payment_date"": ""2026-06-05T17:43:27"", ""created_date"": ""2026-06-05T15:05:53"", ""station"": ""/resources/PosStation/1157/"", ""online"": false}]",false,false,5,false
14773269,e2a8265b-e8fa-4a42-9cc1-e5f9f7598359,26,LCF Nederland,2026-06-05T16:52:18,2026-06-05 16:52:18-05:00,2026-06-05T16:52:18,2026-06-05 16:52:18-05:00,1,Eat In,/enterprise/User/35616/,35616,/enterprise/User/35616/,35616,,,,0.000000,,0.000000,,,,0.000000,0.000000,0.000000,0.000000,0.000000,0.000000,0.000000,,0.000000,0.000000,0.000000,0.000000,0.000000,0.000000,8.250000,0.000000,"[{""max_quantity_threshold"": 0, ""min_quantity_threshold"": 0, ""fiscal_rate"": ""2"", ""uuid"": ""53a315d0-2bed-47c7-ae0e-b770cb77031b"", ""name"": ""Sales Tax"", ""max_threshold"": ""0.0000"", ""min_threshold"": ""0.0000"", ""rounding_type"": 0, ""on_full_price"": true, ""order"": ""/resources/Order/14773269/"", ""is_prevailing"": true, ""tax_rate"": ""8.2500"", ""tax_table"": null, ""id"": 14816938, ""local_tax_id"": 590, ""tax_type"": 0, ""dining_options"": null, ""resource_uri"": ""/resources/AppliedTaxOrder/14816938/""}]",[],[],"""{\""service_fees\"":[],\""discounts\"":[]}""",,,,,,,"""""",,,,,false,false,true,false,false,Q,,,,0,false,false,false,0,,,true,false,,,,0,,false,false,false,false,,0,,,,false,false,0,false
14775148,e6fc7ca5-ceca-44a7-8681-b182691dd04f,26,LCF Nederland,2026-06-05T17:54:22,2026-06-05 17:54:22-05:00,2026-06-05T17:54:22,2026-06-05 17:54:22-05:00,4,Drive Through,/enterprise/User/84406/,84406,/enterprise/User/84406/,84406,,,,0.000000,,0.000000,,,,0.000000,0.000000,0.000000,0.000000,0.000000,0.000000,0.000000,,0.000000,0.000000,0.000000,0.000000,0.000000,0.000000,8.250000,0.000000,"[{""max_quantity_threshold"": 0, ""min_quantity_threshold"": 0, ""fiscal_rate"": ""2"", ""uuid"": ""2f99776a-2ed3-487c-9685-8cbb57571cd1"", ""name"": ""Sales Tax"", ""max_threshold"": ""0.0000"", ""min_threshold"": ""0.0000"", ""rounding_type"": 0, ""on_full_price"": true, ""order"": ""/resources/Order/14775148/"", ""is_prevailing"": true, ""tax_rate"": ""8.2500"", ""tax_table"": null, ""id"": 14818818, ""local_tax_id"": 590, ""tax_type"": 0, ""dining_options"": null, ""resource_uri"": ""/resources/AppliedTaxOrder/14818818/""}]",[],[],"""{\""service_fees\"":[],\""discounts\"":[]}""",,,,,,,"""""","{""status"": 0, ""was_shown"": false}",,,,false,false,true,false,false,Q,,,,0,false,false,false,0,,,true,false,,,,0,,false,false,false,false,,0,,,,false,false,0,false
14777165,7ba5376a-2662-4c29-a1ea-5ae8da10d0c0,26,LCF Nederland,2026-06-05T18:51:17,2026-06-05 18:51:17-05:00,2026-06-05T18:51:17,2026-06-05 18:51:17-05:00,1,Eat In,/enterprise/User/64275/,64275,/enterprise/User/64275/,64275,,,,0.000000,,0.000000,,,,0.000000,0.000000,0.000000,0.000000,0.000000,0.000000,0.000000,,0.000000,0.000000,0.000000,0.000000,0.000000,0.000000,8.250000,0.000000,"[{""max_quantity_threshold"": 0, ""min_quantity_threshold"": 0, ""fiscal_rate"": ""2"", ""uuid"": ""d9dcbb22-e7c4-476e-93a5-30c511e8c511"", ""name"": ""Sales Tax"", ""max_threshold"": ""0.0000"", ""min_threshold"": ""0.0000"", ""rounding_type"": 0, ""on_full_price"": true, ""order"": ""/resources/Order/14777165/"", ""is_prevailing"": true, ""tax_rate"": ""8.2500"", ""tax_table"": null, ""id"": 14820837, ""local_tax_id"": 590, ""tax_type"": 0, ""dining_options"": null, ""resource_uri"": ""/resources/AppliedTaxOrder/14820837/""}]",[],[],"""{\""service_fees\"":[],\""discounts\"":[]}""",,,,,,,"""""",,,,,false,false,true,false,false,Q,,,,0,false,false,false,0,,,true,false,,,,0,,false,false,false,false,,0,,,,false,false,0,false
14781377,cbf475a2-a49f-4bcc-ba7e-d385dbdfa411,26,LCF Nederland,2026-06-05T21:20:12,2026-06-05 21:20:12-05:00,2026-06-05T21:21:45,2026-06-05 21:21:45-05:00,4,Drive Through,/enterprise/User/75716/,75716,/enterprise/User/84406/,84406,,,,10.300000,,0.000000,,,,0.850000,11.150000,0.000000,0.000000,0.000000,0.000000,0.000000,0.000000,0.000000,0.000000,0.000000,0.850000,0.000000,0.000000,8.250000,0.000000,"[{""max_quantity_threshold"": 0, ""min_quantity_threshold"": 0, ""fiscal_rate"": ""2"", ""uuid"": ""87a1912e-b9e4-476e-ac2f-239b579a9a12"", ""name"": ""Sales Tax"", ""max_threshold"": ""0.0000"", ""min_threshold"": ""0.0000"", ""rounding_type"": 0, ""on_full_price"": true, ""order"": ""/resources/Order/14781377/"", ""is_prevailing"": true, ""tax_rate"": ""8.2500"", ""tax_table"": null, ""id"": 14825028, ""local_tax_id"": 590, ""tax_type"": 0, ""dining_options"": null, ""resource_uri"": ""/resources/AppliedTaxOrder/14825028/""}]",[],"[""/resources/OrderHistory/8843569/""]","""{\""service_fees\"":[],\""discounts\"":[]}""",,,,,{},,"""""","{""status"": 2, ""was_shown"": false}",,,14781377,true,false,false,false,false,Q,,,,0,true,true,false,0,,,true,false,2,113424,,0,a288cfc95c31b569907c3735b16846db,false,false,false,false,,1,1,[1],"[{""id"": 8588241, ""payment_type"": 1, ""other_payment_type"": null, ""amount"": ""11.150000"", ""tip"": ""0.000000"", ""gratuity"": ""0.000000"", ""refunded"": false, ""refund_transaction_id"": null, ""transaction_status"": null, ""transaction_id"": ""1780712503"", ""card_type"": null, ""payment_date"": ""2026-06-05T21:21:43"", ""created_date"": ""2026-06-05T21:21:43"", ""station"": ""/resources/PosStation/1151/"", ""online"": false}]",false,false,5,false
14784083,f84478aa-40e8-453e-b306-23d71a5f358e,26,LCF Nederland,2026-06-05T23:29:41,2026-06-05 23:29:41-05:00,2026-06-05T23:33:47,2026-06-05 23:33:47-05:00,4,Drive Through,/enterprise/User/75716/,75716,/enterprise/User/84406/,84406,,,,25.780000,,0.000000,,,,2.130000,27.910000,0.000000,0.000000,0.000000,0.000000,0.000000,0.000000,0.000000,0.000000,0.000000,2.130000,0.000000,0.000000,8.250000,0.000000,"[{""max_quantity_threshold"": 0, ""min_quantity_threshold"": 0, ""fiscal_rate"": ""2"", ""uuid"": ""be4a6342-a190-4eda-9049-817569c9d53c"", ""name"": ""Sales Tax"", ""max_threshold"": ""0.0000"", ""min_threshold"": ""0.0000"", ""rounding_type"": 0, ""on_full_price"": true, ""order"": ""/resources/Order/14784083/"", ""is_prevailing"": true, ""tax_rate"": ""8.2500"", ""tax_table"": null, ""id"": 14827676, ""local_tax_id"": 590, ""tax_type"": 0, ""dining_options"": null, ""resource_uri"": ""/resources/AppliedTaxOrder/14827676/""}]",[],"[""/resources/OrderHistory/8844909/""]","""{\""service_fees\"":[],\""discounts\"":[]}""",,,,,{},,"""""","{""status"": 2, ""was_shown"": false}",,,14784083,true,false,false,false,false,Q,,,,0,true,true,false,0,,,true,false,3,113451,,0,958cc575141c5e0397da05994d2a473c,false,false,false,false,,1,1,[1],"[{""id"": 8589565, ""payment_type"": 1, ""other_payment_type"": null, ""amount"": ""27.910000"", ""tip"": ""0.000000"", ""gratuity"": ""0.000000"", ""refunded"": false, ""refund_transaction_id"": null, ""transaction_status"": null, ""transaction_id"": ""1780720318"", ""card_type"": null, ""payment_date"": ""2026-06-05T23:31:58"", ""created_date"": ""2026-06-05T23:31:58"", ""station"": ""/resources/PosStation/1151/"", ""online"": false}]",false,false,10,false
14788106,facaded4-3145-4743-b250-bef87506c43f,26,LCF Nederland,2026-06-06T12:25:25,2026-06-06 12:25:25-05:00,2026-06-08T00:48:07,2026-06-08 00:48:07-05:00,1,Eat In,/enterprise/User/38670/,38670,/enterprise/User/35616/,35616,,,,12.480000,,0.000000,,,,1.030000,13.510000,0.000000,0.000000,0.000000,0.000000,0.000000,0.000000,0.000000,0.000000,0.000000,1.030000,0.000000,0.000000,8.250000,0.000000,"[{""max_quantity_threshold"": 0, ""min_quantity_threshold"": 0, ""fiscal_rate"": ""2"", ""uuid"": ""5b07271f-9e97-413d-86d3-80738224de1a"", ""name"": ""Sales Tax"", ""max_threshold"": ""0.0000"", ""min_threshold"": ""0.0000"", ""rounding_type"": 0, ""on_full_price"": true, ""order"": ""/resources/Order/14788106/"", ""is_prevailing"": true, ""tax_rate"": ""8.2500"", ""tax_table"": null, ""id"": 14831748, ""local_tax_id"": 590, ""tax_type"": 0, ""dining_options"": null, ""resource_uri"": ""/resources/AppliedTaxOrder/14831748/""}]",[],"[""/resources/OrderHistory/8847352/""]","""{\""service_fees\"":[],\""discounts\"":[]}""",,,,,{},,"""""",,,,14788106,true,false,false,false,false,Q,,,,0,true,true,false,0,,,true,false,3,113479,,0,1b711f780b9b48bb65b0c9c7de9059d2,false,false,false,false,,1,2,[2],"[{""id"": 8591938, ""payment_type"": 2, ""other_payment_type"": null, ""amount"": ""13.510000"", ""tip"": ""0.000000"", ""gratuity"": ""0.000000"", ""refunded"": false, ""refund_transaction_id"": null, ""transaction_status"": ""Captured"", ""transaction_id"": ""01Z6NTD3ON00P812LLFJUC96G8FBKPJ6"", ""card_type"": 3, ""payment_date"": ""2026-06-08T00:48:07"", ""created_date"": ""2026-06-06T12:25:43"", ""station"": ""/resources/PosStation/1157/"", ""online"": false}]",false,false,5,false
14790804,9bddbcdf-9696-4ea4-8972-d162fd7c0090,26,LCF Nederland,2026-06-06T13:37:57,2026-06-06 13:37:57-05:00,2026-06-08T00:48:40,2026-06-08 00:48:40-05:00,1,Eat In,/enterprise/User/38670/,38670,/enterprise/User/35616/,35616,,,,13.990000,,0.000000,,,,1.150000,15.140000,0.000000,0.000000,0.000000,0.000000,0.000000,0.000000,0.000000,0.000000,0.000000,1.150000,0.000000,0.000000,8.250000,0.000000,"[{""max_quantity_threshold"": 0, ""min_quantity_threshold"": 0, ""fiscal_rate"": ""2"", ""uuid"": ""1ec576a3-b906-4228-ba0f-e44bc7d67b99"", ""name"": ""Sales Tax"", ""max_threshold"": ""0.0000"", ""min_threshold"": ""0.0000"", ""rounding_type"": 0, ""on_full_price"": true, ""order"": ""/resources/Order/14790804/"", ""is_prevailing"": true, ""tax_rate"": ""8.2500"", ""tax_table"": null, ""id"": 14834484, ""local_tax_id"": 590, ""tax_type"": 0, ""dining_options"": null, ""resource_uri"": ""/resources/AppliedTaxOrder/14834484/""}]",[],"[""/resources/OrderHistory/8849065/""]","""{\""service_fees\"":[],\""discounts\"":[]}""",,,,,{},,"""{\""paymentBalance\"":0,\""customerName\"":\""Nasser Albalushi\"",\""birthday\"":\""1984-06-06 00:00:00 +0000\"",\""orderConfirmationId\"":null,\""tags\"":[\""*Behavior|Days Since Last App Open|0d_to_6d*\"",\""*Behavior|RFM|New*\"",\""WELCOMEREMINDER\"",\""*Behavior|Days Since Last Visit|0-6*\"",\""*Personal|Preferred Location|Nederland*\""],\""consent\"":\""yes\"",\""forgotVisitCodeData\"":null,\""availableRewards\"":[{\""name\"":\""Free 3 Finger Meal\"",\""id\"":\""2junF39DgGlvOQaYaea7iGUl5q9B4RR3ev5BpKgLQ8\"",\""expirationDates\"":[{\""date\"":\""2026-07-07 00:00:00 +0000\""}]}],\""appliedRewards\"":null,\""orderSubtotalWithoutServiceFee\"":13.99,\""appliedPaymentReward\"":null,\""totalPoints\"":390,\""printedCardNumber\"":\""9799222229\"",\""applicableRewards\"":[],\""orderVoided\"":null,\""user\"":{\""consent\"":\""yes\"",\""paymentBalance\"":0,\""customerName\"":\""Nasser Albalushi\"",\""totalPoints\"":390,\""printedCardNumber\"":\""9799222229\"",\""birthday\"":-522979200,\""availableRewards\"":[{\""name\"":\""Free 3 Finger Meal\"",\""id\"":\""2junF39DgGlvOQaYaea7iGUl5q9B4RR3ev5BpKgLQ8\"",\""expirationDates\"":[{\""date\"":805075200}]}],\""isRegistered\"":true,\""tags\"":[\""*Behavior|Days Since Last App Open|0d_to_6d*\"",\""*Behavior|RFM|New*\"",\""WELCOMEREMINDER\"",\""*Behavior|Days Since Last Visit|0-6*\"",\""*Personal|Preferred Location|Nederland*\""],\""externalId\"":\""9799222229\""},\""receiptText\"":null,\""shouldPrintForgotVisitCodeOnReceipt\"":null,\""firstName\"":\""Nasser\"",\""externalId\"":\""9799222229\"",\""isRegistered\"":true,\""phoneNumber\"":\""9799222229\"",\""lastName\"":\""Albalushi\"",\""orderTotal\"":15.14}""",,,,14790804,true,false,false,false,false,Q,,,,0,true,true,false,0,,,true,false,3,113498,,0,a10461af7485b46cd362d4e617230ff1,false,false,false,false,,1,2,[2],"[{""id"": 8593598, ""payment_type"": 2, ""other_payment_type"": null, ""amount"": ""15.140000"", ""tip"": ""0.000000"", ""gratuity"": ""0.000000"", ""refunded"": false, ""refund_transaction_id"": null, ""transaction_status"": ""Captured"", ""transaction_id"": ""01Z6NTD3PN00P812LLFL6GDU82AU4Q8B"", ""card_type"": 2, ""payment_date"": ""2026-06-08T00:48:40"", ""created_date"": ""2026-06-06T13:38:21"", ""station"": ""/resources/PosStation/1157/"", ""online"": false}]",false,false,5,false
14794145,be334915-e757-4491-bab6-e76a06247397,26,LCF Nederland,2026-06-06T15:30:18,2026-06-06 15:30:18-05:00,2026-06-06T15:30:18,2026-06-06 15:30:18-05:00,4,Drive Through,/enterprise/User/38670/,38670,/enterprise/User/38670/,38670,,,,0.000000,,0.000000,,,,0.000000,0.000000,0.000000,0.000000,0.000000,0.000000,0.000000,,0.000000,0.000000,0.000000,0.000000,0.000000,0.000000,8.250000,0.000000,"[{""max_quantity_threshold"": 0, ""min_quantity_threshold"": 0, ""fiscal_rate"": ""2"", ""uuid"": ""71fdcab9-6051-4a9f-8bd7-f0fc14deb6ee"", ""name"": ""Sales Tax"", ""max_threshold"": ""0.0000"", ""min_threshold"": ""0.0000"", ""rounding_type"": 0, ""on_full_price"": true, ""order"": ""/resources/Order/14794145/"", ""is_prevailing"": true, ""tax_rate"": ""8.2500"", ""tax_table"": null, ""id"": 14837858, ""local_tax_id"": 590, ""tax_type"": 0, ""dining_options"": null, ""resource_uri"": ""/resources/AppliedTaxOrder/14837858/""}]",[],[],"""{\""service_fees\"":[],\""discounts\"":[]}""",,,,,,,"""""","{""status"": 0, ""was_shown"": false}",,,,false,false,true,false,false,Q,,,,0,false,false,false,0,,,true,false,,,,0,,false,false,false,false,,0,,,,false,false,0,false
14796686,874fdfc7-9fd9-4692-a1d4-6571abf7cc93,26,LCF Nederland,2026-06-06T17:05:51,2026-06-06 17:05:51-05:00,2026-06-08T00:48:54,2026-06-08 00:48:54-05:00,4,Drive Through,/enterprise/User/75716/,75716,/enterprise/User/35616/,35616,,,,24.680000,,0.000000,,,,2.040000,26.720000,0.000000,0.000000,0.000000,0.000000,0.000000,0.000000,0.000000,0.000000,0.000000,2.040000,0.000000,0.000000,8.250000,0.000000,"[{""max_quantity_threshold"": 0, ""min_quantity_threshold"": 0, ""fiscal_rate"": ""2"", ""uuid"": ""55182b2b-6a22-471d-b111-e9642006655a"", ""name"": ""Sales Tax"", ""max_threshold"": ""0.0000"", ""min_threshold"": ""0.0000"", ""rounding_type"": 0, ""on_full_price"": true, ""order"": ""/resources/Order/14796686/"", ""is_prevailing"": true, ""tax_rate"": ""8.2500"", ""tax_table"": null, ""id"": 14840413, ""local_tax_id"": 590, ""tax_type"": 0, ""dining_options"": null, ""resource_uri"": ""/resources/AppliedTaxOrder/14840413/""}]",[],"[""/resources/OrderHistory/8852614/""]","""{\""service_fees\"":[],\""discounts\"":[]}""",,,,,{},,"""""","{""status"": 2, ""was_shown"": false}",,,14796686,true,false,false,false,false,Q,,,,0,true,true,false,0,,,true,false,3,113545,,0,7815b6ef3bdcc4018cafcefc66d40495,false,false,false,false,,1,2,[2],"[{""id"": 8597109, ""payment_type"": 2, ""other_payment_type"": null, ""amount"": ""26.720000"", ""tip"": ""0.000000"", ""gratuity"": ""0.000000"", ""refunded"": false, ""refund_transaction_id"": null, ""transaction_status"": ""Captured"", ""transaction_id"": ""01Z6NTD3Q600P812LLFLPCPC4I301LN0"", ""card_type"": 2, ""payment_date"": ""2026-06-08T00:48:54"", ""created_date"": ""2026-06-06T17:08:51"", ""station"": ""/resources/PosStation/1151/"", ""online"": false}]",false,false,10,false
14799500,722906bf-a7ae-49c8-b212-1a1d56b240c7,26,LCF Nederland,2026-06-06T18:38:26,2026-06-06 18:38:26-05:00,2026-06-06T18:40:18,2026-06-06 18:40:18-05:00,100,DD Marketplace,/enterprise/User/1/,1,/enterprise/User/38670/,38670,,,13922,18.180000,,0.000000,,,,1.500000,19.680000,0.000000,0.000000,0.000000,0.000000,0.000000,0.000000,0.000000,0.000000,0.000000,1.500000,0.000000,0.000000,8.250000,0.000000,"[{""max_quantity_threshold"": 0, ""min_quantity_threshold"": 0, ""fiscal_rate"": ""2"", ""uuid"": ""2b188950-d37b-4efb-966c-f52a8dfbb895"", ""name"": ""Sales Tax"", ""max_threshold"": ""0.0000"", ""min_threshold"": ""0.0000"", ""rounding_type"": 0, ""on_full_price"": true, ""order"": ""/resources/Order/14799500/"", ""is_prevailing"": true, ""tax_rate"": ""8.2500"", ""tax_table"": null, ""id"": 14843253, ""local_tax_id"": 590, ""tax_type"": 0, ""dining_options"": null, ""resource_uri"": ""/resources/AppliedTaxOrder/14843253/""}]",[],"[""/resources/OrderHistory/8854213/""]","""{\""service_fees\"":[],\""discounts\"":[]}""",,,,,{},,"""null""",,,,6dd3dc1a,true,false,false,false,true,Q,,,,0,true,true,false,0,,,true,false,6,113572,,0,8f012e662f88799662b219ac5491e51f,false,false,true,false,,1,209,[209],"[{""id"": 8598636, ""payment_type"": 209, ""other_payment_type"": null, ""amount"": ""19.680000"", ""tip"": ""0.000000"", ""gratuity"": ""0.000000"", ""refunded"": false, ""refund_transaction_id"": null, ""transaction_status"": null, ""transaction_id"": ""120044b3-30da-4123-8499-972059fc61d5"", ""card_type"": null, ""payment_date"": ""2026-06-06T18:38:26"", ""created_date"": ""2026-06-06T18:38:26"", ""station"": ""/resources/PosStation/1150/"", ""online"": true}]",false,false,1,false
14804122,889cc296-e90d-4e89-a024-3c94a4aa896c,26,LCF Nederland,2026-06-06T21:42:11,2026-06-06 21:42:11-05:00,2026-06-08T00:49:12,2026-06-08 00:49:12-05:00,4,Drive Through,/enterprise/User/75716/,75716,/enterprise/User/35616/,35616,,,,15.080000,,0.000000,,,,1.240000,16.320000,0.000000,0.000000,0.000000,0.000000,0.000000,0.000000,0.000000,0.000000,0.000000,1.240000,0.000000,0.000000,8.250000,0.000000,"[{""max_quantity_threshold"": 0, ""min_quantity_threshold"": 0, ""fiscal_rate"": ""2"", ""uuid"": ""2646b7b0-c5c7-4a4a-8c89-a4a526132e75"", ""name"": ""Sales Tax"", ""max_threshold"": ""0.0000"", ""min_threshold"": ""0.0000"", ""rounding_type"": 0, ""on_full_price"": true, ""order"": ""/resources/Order/14804122/"", ""is_prevailing"": true, ""tax_rate"": ""8.2500"", ""tax_table"": null, ""id"": 14847839, ""local_tax_id"": 590, ""tax_type"": 0, ""dining_options"": null, ""resource_uri"": ""/resources/AppliedTaxOrder/14847839/""}]",[],"[""/resources/OrderHistory/8857103/""]","""{\""service_fees\"":[],\""discounts\"":[]}""",,,,,{},,"""""","{""status"": 2, ""was_shown"": false}",,,14804122,true,false,false,false,false,Q,,,,0,true,true,false,0,,,true,false,3,113603,,0,890005bbdd165061dd6e6a6a16b92708,false,false,false,false,,1,2,[2],"[{""id"": 8601508, ""payment_type"": 2, ""other_payment_type"": null, ""amount"": ""16.320000"", ""tip"": ""0.000000"", ""gratuity"": ""0.000000"", ""refunded"": false, ""refund_transaction_id"": null, ""transaction_status"": ""Captured"", ""transaction_id"": ""01Z6NTD3QN00P812LLFMFKLB3MO81RJP"", ""card_type"": 3, ""payment_date"": ""2026-06-08T00:49:12"", ""created_date"": ""2026-06-06T21:43:39"", ""station"": ""/resources/PosStation/1151/"", ""online"": false}]",false,false,6,false
14807730,c4da04ec-b00b-4158-a61f-83edc5aee912,26,LCF Nederland,2026-06-07T11:11:27,2026-06-07 11:11:27-05:00,2026-06-07T11:11:27,2026-06-07 11:11:27-05:00,4,Drive Through,/enterprise/User/37532/,37532,/enterprise/User/37532/,37532,,,,0.000000,,0.000000,,,,0.000000,0.000000,0.000000,0.000000,0.000000,0.000000,0.000000,,0.000000,0.000000,0.000000,0.000000,0.000000,0.000000,8.250000,0.000000,"[{""max_quantity_threshold"": 0, ""min_quantity_threshold"": 0, ""fiscal_rate"": ""2"", ""uuid"": ""afc48529-2d04-4b05-a19e-8d9bddbcd797"", ""name"": ""Sales Tax"", ""max_threshold"": ""0.0000"", ""min_threshold"": ""0.0000"", ""rounding_type"": 0, ""on_full_price"": true, ""order"": ""/resources/Order/14807730/"", ""is_prevailing"": true, ""tax_rate"": ""8.2500"", ""tax_table"": null, ""id"": 14851430, ""local_tax_id"": 590, ""tax_type"": 0, ""dining_options"": null, ""resource_uri"": ""/resources/AppliedTaxOrder/14851430/""}]",[],[],"""{\""service_fees\"":[],\""discounts\"":[]}""",,,,,,,"""""","{""status"": 0, ""was_shown"": false}",,,,false,false,true,false,false,Q,,,,0,false,false,false,0,,,true,false,,,,0,,false,false,false,false,,0,,,,false,false,0,false
14811136,490a2a5d-cf01-4412-a01c-4b1d30419d04,26,LCF Nederland,2026-06-07T12:47:01,2026-06-07 12:47:01-05:00,2026-06-08T00:49:28,2026-06-08 00:49:28-05:00,4,Drive Through,/enterprise/User/37532/,37532,/enterprise/User/35616/,35616,,,,24.170000,,0.000000,,,,1.990000,26.160000,0.000000,0.000000,0.000000,0.000000,0.000000,0.000000,0.000000,0.000000,0.000000,1.990000,0.000000,0.000000,8.250000,0.000000,"[{""max_quantity_threshold"": 0, ""min_quantity_threshold"": 0, ""fiscal_rate"": ""2"", ""uuid"": ""d1e3cba5-c14e-40c8-9173-a838bcaa41e9"", ""name"": ""Sales Tax"", ""max_threshold"": ""0.0000"", ""min_threshold"": ""0.0000"", ""rounding_type"": 0, ""on_full_price"": true, ""order"": ""/resources/Order/14811136/"", ""is_prevailing"": true, ""tax_rate"": ""8.2500"", ""tax_table"": null, ""id"": 14854864, ""local_tax_id"": 590, ""tax_type"": 0, ""dining_options"": null, ""resource_uri"": ""/resources/AppliedTaxOrder/14854864/""}]",[],"[""/resources/OrderHistory/8861309/""]","""{\""service_fees\"":[],\""discounts\"":[]}""",,,,,{},,"""""","{""status"": 2, ""was_shown"": false}",,,14811136,true,false,false,false,false,Q,,,,0,true,true,false,0,,,true,false,4,113652,,0,83dcfe0abd3383701561af1f0ed29886,false,false,false,false,,1,2,[2],"[{""id"": 8605668, ""payment_type"": 2, ""other_payment_type"": null, ""amount"": ""26.160000"", ""tip"": ""0.000000"", ""gratuity"": ""0.000000"", ""refunded"": false, ""refund_transaction_id"": null, ""transaction_status"": ""Captured"", ""transaction_id"": ""01Z6NTD3R800P812LLFN2KEONS336SMD"", ""card_type"": 3, ""payment_date"": ""2026-06-08T00:49:28"", ""created_date"": ""2026-06-07T12:50:14"", ""station"": ""/resources/PosStation/1151/"", ""online"": false}]",false,false,6,false
14816235,5b62296c-2e03-47f8-bbb4-855e6bbb6c66,26,LCF Nederland,2026-06-07T15:14:56,2026-06-07 15:14:56-05:00,2026-06-08T00:49:37,2026-06-08 00:49:37-05:00,4,Drive Through,/enterprise/User/37532/,37532,/enterprise/User/35616/,35616,,,,11.790000,,0.000000,,,,0.970000,12.760000,0.000000,0.000000,0.000000,0.000000,0.000000,0.000000,0.000000,0.000000,0.000000,0.970000,0.000000,0.000000,8.250000,0.000000,"[{""max_quantity_threshold"": 0, ""min_quantity_threshold"": 0, ""fiscal_rate"": ""2"", ""uuid"": ""7a2afad5-748a-4f68-932d-1e41bad60f30"", ""name"": ""Sales Tax"", ""max_threshold"": ""0.0000"", ""min_threshold"": ""0.0000"", ""rounding_type"": 0, ""on_full_price"": true, ""order"": ""/resources/Order/14816235/"", ""is_prevailing"": true, ""tax_rate"": ""8.2500"", ""tax_table"": null, ""id"": 14860005, ""local_tax_id"": 590, ""tax_type"": 0, ""dining_options"": null, ""resource_uri"": ""/resources/AppliedTaxOrder/14860005/""}]",[],"[""/resources/OrderHistory/8864342/""]","""{\""service_fees\"":[],\""discounts\"":[]}""",,,,,{},,"""""","{""status"": 2, ""was_shown"": false}",,,14816235,true,false,false,false,false,Q,,,,0,true,true,false,0,,,true,false,3,113680,,0,036f6fccaeeb8d3a25c477107f3e8744,false,false,false,false,,1,2,[2],"[{""id"": 8608569, ""payment_type"": 2, ""other_payment_type"": null, ""amount"": ""12.760000"", ""tip"": ""0.000000"", ""gratuity"": ""0.000000"", ""refunded"": false, ""refund_transaction_id"": null, ""transaction_status"": ""Captured"", ""transaction_id"": ""01Z6NTD3RH00P812LLFNCRU67K25906M"", ""card_type"": 3, ""payment_date"": ""2026-06-08T00:49:37"", ""created_date"": ""2026-06-07T15:15:37"", ""station"": ""/resources/PosStation/1151/"", ""online"": false}]",false,false,5,false
14820225,a681f5b1-46fc-4e40-8834-550aa22d0d2e,26,LCF Nederland,2026-06-07T17:24:52,2026-06-07 17:24:52-05:00,2026-06-07T17:24:52,2026-06-07 17:24:52-05:00,4,Drive Through,/enterprise/User/37532/,37532,/enterprise/User/37532/,37532,,,,0.000000,,0.000000,,,,0.000000,0.000000,0.000000,0.000000,0.000000,0.000000,0.000000,,0.000000,0.000000,0.000000,0.000000,0.000000,0.000000,8.250000,0.000000,"[{""max_quantity_threshold"": 0, ""min_quantity_threshold"": 0, ""fiscal_rate"": ""2"", ""uuid"": ""c7ab75d3-af60-40b1-8bb0-ab360497e71c"", ""name"": ""Sales Tax"", ""max_threshold"": ""0.0000"", ""min_threshold"": ""0.0000"", ""rounding_type"": 0, ""on_full_price"": true, ""order"": ""/resources/Order/14820225/"", ""is_prevailing"": true, ""tax_rate"": ""8.2500"", ""tax_table"": null, ""id"": 14864025, ""local_tax_id"": 590, ""tax_type"": 0, ""dining_options"": null, ""resource_uri"": ""/resources/AppliedTaxOrder/14864025/""}]",[],[],"""{\""service_fees\"":[],\""discounts\"":[]}""",,,,,,,"""""","{""status"": 0, ""was_shown"": false}",,,,false,false,true,false,false,Q,,,,0,false,false,false,0,,,true,false,,,,0,,false,false,false,false,,0,,,,false,false,0,false
14823562,c3ef24da-3e4e-42a5-af15-dc92b7dfb179,26,LCF Nederland,2026-06-07T19:06:29,2026-06-07 19:06:29-05:00,2026-06-07T19:06:29,2026-06-07 19:06:29-05:00,1,Eat In,/enterprise/User/84406/,84406,/enterprise/User/84406/,84406,,,,0.000000,,0.000000,,,,0.000000,0.000000,0.000000,0.000000,0.000000,0.000000,0.000000,,0.000000,0.000000,0.000000,0.000000,0.000000,0.000000,8.250000,0.000000,"[{""max_quantity_threshold"": 0, ""min_quantity_threshold"": 0, ""fiscal_rate"": ""2"", ""uuid"": ""f2ad890e-1302-4e0d-ac86-fae1ba6cabef"", ""name"": ""Sales Tax"", ""max_threshold"": ""0.0000"", ""min_threshold"": ""0.0000"", ""rounding_type"": 0, ""on_full_price"": true, ""order"": ""/resources/Order/14823562/"", ""is_prevailing"": true, ""tax_rate"": ""8.2500"", ""tax_table"": null, ""id"": 14867384, ""local_tax_id"": 590, ""tax_type"": 0, ""dining_options"": null, ""resource_uri"": ""/resources/AppliedTaxOrder/14867384/""}]",[],[],"""{\""service_fees\"":[],\""discounts\"":[]}""",,,,,,,"""""",,,,,false,false,true,false,false,Q,,,,0,false,false,false,0,,,true,false,,,,0,,false,false,false,false,,0,,,,false,false,0,false
14825920,7eb51032-d4b5-4ac6-8d5f-e599892de2b2,26,LCF Nederland,2026-06-07T20:32:51,2026-06-07 20:32:51-05:00,2026-06-08T00:50:01,2026-06-08 00:50:01-05:00,4,Drive Through,/enterprise/User/80870/,80870,/enterprise/User/35616/,35616,,,,22.960000,,0.000000,,,,1.890000,24.850000,0.000000,0.000000,0.000000,0.000000,0.000000,0.000000,0.000000,0.000000,0.000000,1.890000,0.000000,0.000000,8.250000,0.000000,"[{""max_quantity_threshold"": 0, ""min_quantity_threshold"": 0, ""fiscal_rate"": ""2"", ""uuid"": ""3976f9ad-cc61-4d43-afcc-bf7e747f4eb4"", ""name"": ""Sales Tax"", ""max_threshold"": ""0.0000"", ""min_threshold"": ""0.0000"", ""rounding_type"": 0, ""on_full_price"": true, ""order"": ""/resources/Order/14825920/"", ""is_prevailing"": true, ""tax_rate"": ""8.2500"", ""tax_table"": null, ""id"": 14869731, ""local_tax_id"": 590, ""tax_type"": 0, ""dining_options"": null, ""resource_uri"": ""/resources/AppliedTaxOrder/14869731/""}]",[],"[""/resources/OrderHistory/8870012/""]","""{\""service_fees\"":[],\""discounts\"":[]}""",,,,,{},,"""""","{""status"": 2, ""was_shown"": false}",,,14825920,true,false,false,false,false,Q,,,,0,true,true,false,0,,,true,false,3,113756,,0,8b722159167d0f7b6018fe9e723b00a1,false,false,false,false,,1,2,[2],"[{""id"": 8614143, ""payment_type"": 2, ""other_payment_type"": null, ""amount"": ""24.850000"", ""tip"": ""0.000000"", ""gratuity"": ""0.000000"", ""refunded"": false, ""refund_transaction_id"": null, ""transaction_status"": ""Captured"", ""transaction_id"": ""01Z6NTD3S900P812LLFOBBG9IJMOI8SP"", ""card_type"": 3, ""payment_date"": ""2026-06-08T00:50:01"", ""created_date"": ""2026-06-07T20:37:28"", ""station"": ""/resources/PosStation/1151/"", ""online"": false}]",false,false,10,false
14828299,592affed-e126-4acc-99dc-8416161e1b0c,26,LCF Nederland,2026-06-07T22:18:40,2026-06-07 22:18:40-05:00,2026-06-07T22:24:44,2026-06-07 22:24:44-05:00,4,Drive Through,/enterprise/User/80870/,80870,/enterprise/User/35616/,35616,,,,12.580000,,0.000000,,,,1.040000,13.620000,0.000000,0.000000,0.000000,0.000000,0.000000,0.000000,0.000000,0.000000,0.000000,1.040000,0.000000,0.000000,8.250000,0.000000,"[{""max_quantity_threshold"": 0, ""min_quantity_threshold"": 0, ""fiscal_rate"": ""2"", ""uuid"": ""7f56c736-6e98-4ad7-8969-1ce89ce0f214"", ""name"": ""Sales Tax"", ""max_threshold"": ""0.0000"", ""min_threshold"": ""0.0000"", ""rounding_type"": 0, ""on_full_price"": true, ""order"": ""/resources/Order/14828299/"", ""is_prevailing"": true, ""tax_rate"": ""8.2500"", ""tax_table"": null, ""id"": 14872064, ""local_tax_id"": 590, ""tax_type"": 0, ""dining_options"": null, ""resource_uri"": ""/resources/AppliedTaxOrder/14872064/""}]",[],"[""/resources/OrderHistory/8871407/""]","""{\""service_fees\"":[],\""discounts\"":[]}""",,,,,{},,"""""","{""status"": 2, ""was_shown"": false}",,,14828299,true,false,false,false,false,Q,,,,0,true,true,false,0,,,true,false,3,113784,,0,6d24d265fdff98a47f657b31dd1c9ebd,false,false,false,false,,1,1,[1],"[{""id"": 8615500, ""payment_type"": 1, ""other_payment_type"": null, ""amount"": ""13.620000"", ""tip"": ""0.000000"", ""gratuity"": ""0.000000"", ""refunded"": false, ""refund_transaction_id"": null, ""transaction_status"": null, ""transaction_id"": ""1780889084"", ""card_type"": null, ""payment_date"": ""2026-06-07T22:24:44"", ""created_date"": ""2026-06-07T22:24:44"", ""station"": ""/resources/PosStation/1151/"", ""online"": false}]",false,false,5,false
14831435,93ac4314-b65b-4903-9a1a-7e1dd0e16ecb,26,LCF Nederland,2026-06-08T11:54:32,2026-06-08 11:54:32-05:00,2026-06-09T00:40:40,2026-06-09 00:40:40-05:00,1,Eat In,/enterprise/User/38670/,38670,/enterprise/User/38670/,38670,,,,35.370000,,0.000000,,,,2.920000,38.290000,0.000000,0.000000,0.000000,0.000000,0.000000,0.000000,0.000000,0.000000,0.000000,2.920000,0.000000,0.000000,8.250000,0.000000,"[{""max_quantity_threshold"": 0, ""min_quantity_threshold"": 0, ""fiscal_rate"": ""2"", ""uuid"": ""8e620009-a124-4bbf-bee7-7501b5e20ef2"", ""name"": ""Sales Tax"", ""max_threshold"": ""0.0000"", ""min_threshold"": ""0.0000"", ""rounding_type"": 0, ""on_full_price"": true, ""order"": ""/resources/Order/14831435/"", ""is_prevailing"": true, ""tax_rate"": ""8.2500"", ""tax_table"": null, ""id"": 14875221, ""local_tax_id"": 590, ""tax_type"": 0, ""dining_options"": null, ""resource_uri"": ""/resources/AppliedTaxOrder/14875221/""}]",[],"[""/resources/OrderHistory/8873643/""]","""{\""service_fees\"":[],\""discounts\"":[]}""",,,,,{},,"""""",,,,14831435,true,false,false,false,false,Q,,,,0,true,true,false,0,,,true,false,3,113809,,0,0a810de7bf6db1e22a6e882c608afba8,false,false,false,false,,1,2,[2],"[{""id"": 8617609, ""payment_type"": 2, ""other_payment_type"": null, ""amount"": ""38.290000"", ""tip"": ""0.000000"", ""gratuity"": ""0.000000"", ""refunded"": false, ""refund_transaction_id"": null, ""transaction_status"": ""Captured"", ""transaction_id"": ""01Z6NTFNMO00P812M009T07JUFLD4368"", ""card_type"": 3, ""payment_date"": ""2026-06-09T00:40:40"", ""created_date"": ""2026-06-08T11:55:34"", ""station"": ""/resources/PosStation/1157/"", ""online"": false}]",false,false,15,false
14834981,0c14a2f0-8ab8-430f-aeca-af682c674d19,26,LCF Nederland,2026-06-08T13:08:06,2026-06-08 13:08:06-05:00,2026-06-09T00:40:47,2026-06-09 00:40:47-05:00,4,Drive Through,/enterprise/User/38670/,38670,/enterprise/User/38670/,38670,,,,15.170000,,0.000000,,,,1.250000,16.420000,0.000000,0.000000,0.000000,0.000000,0.000000,0.000000,0.000000,0.000000,0.000000,1.250000,0.000000,0.000000,8.250000,0.000000,"[{""max_quantity_threshold"": 0, ""min_quantity_threshold"": 0, ""fiscal_rate"": ""2"", ""uuid"": ""8e7e2646-f57f-404c-99af-f834694f6cf2"", ""name"": ""Sales Tax"", ""max_threshold"": ""0.0000"", ""min_threshold"": ""0.0000"", ""rounding_type"": 0, ""on_full_price"": true, ""order"": ""/resources/Order/14834981/"", ""is_prevailing"": true, ""tax_rate"": ""8.2500"", ""tax_table"": null, ""id"": 14878802, ""local_tax_id"": 590, ""tax_type"": 0, ""dining_options"": null, ""resource_uri"": ""/resources/AppliedTaxOrder/14878802/""}]",[],"[""/resources/OrderHistory/8875716/""]","""{\""service_fees\"":[],\""discounts\"":[]}""",,,,,{},,"""""","{""status"": 2, ""was_shown"": false}",,,14834981,true,false,false,false,false,Q,,,,0,true,true,false,0,,,true,false,3,113839,,0,10cb28a713f039ab5108a9d24039793c,false,false,false,false,,1,2,[2],"[{""id"": 8619663, ""payment_type"": 2, ""other_payment_type"": null, ""amount"": ""16.420000"", ""tip"": ""0.000000"", ""gratuity"": ""0.000000"", ""refunded"": false, ""refund_transaction_id"": null, ""transaction_status"": ""Captured"", ""transaction_id"": ""01Z6NTFNMV00P812M00A67C3CF407GAW"", ""card_type"": 3, ""payment_date"": ""2026-06-09T00:40:47"", ""created_date"": ""2026-06-08T13:10:19"", ""station"": ""/resources/PosStation/1151/"", ""online"": false}]",false,false,7,false
14838085,79a2eddd-8626-4bd1-b8f1-12b8855cb3e2,26,LCF Nederland,2026-06-08T15:04:47,2026-06-08 15:04:47-05:00,2026-06-09T00:40:58,2026-06-09 00:40:58-05:00,4,Drive Through,/enterprise/User/38670/,38670,/enterprise/User/38670/,38670,,,,13.990000,,0.000000,,,,1.110000,15.100000,0.000000,0.000000,0.000000,0.000000,0.000000,0.000000,0.000000,0.000000,0.000000,1.110000,0.000000,0.000000,8.250000,0.000000,"[{""max_quantity_threshold"": 0, ""min_quantity_threshold"": 0, ""fiscal_rate"": ""2"", ""uuid"": ""99034234-3ef4-43f8-bee5-b731c23af355"", ""name"": ""Sales Tax"", ""max_threshold"": ""0.0000"", ""min_threshold"": ""0.0000"", ""rounding_type"": 0, ""on_full_price"": true, ""order"": ""/resources/Order/14838085/"", ""is_prevailing"": true, ""tax_rate"": ""8.2500"", ""tax_table"": null, ""id"": 14881924, ""local_tax_id"": 590, ""tax_type"": 0, ""dining_options"": null, ""resource_uri"": ""/resources/AppliedTaxOrder/14881924/""}]",[],"[""/resources/OrderHistory/8877629/""]","""{\""service_fees\"":[],\""discounts\"":[]}""",,,,,{},,"""""","{""status"": 2, ""was_shown"": false}",,,14838085,true,false,false,false,false,Q,,,,0,true,true,false,0,,,true,false,4,113864,,0,2a1b839f1b30646f45dd25946ea9c319,false,false,false,false,,1,2,[2],"[{""id"": 8621532, ""payment_type"": 2, ""other_payment_type"": null, ""amount"": ""15.100000"", ""tip"": ""0.000000"", ""gratuity"": ""0.000000"", ""refunded"": false, ""refund_transaction_id"": null, ""transaction_status"": ""Captured"", ""transaction_id"": ""01Z6NTFNNA00P812M00AIDO8VA9COM77"", ""card_type"": 2, ""payment_date"": ""2026-06-09T00:40:58"", ""created_date"": ""2026-06-08T15:06:58"", ""station"": ""/resources/PosStation/1151/"", ""online"": false}]",false,false,5,false
14840771,b201bf04-012d-445c-8004-b4c410ea2a72,26,LCF Nederland,2026-06-08T17:06:37,2026-06-08 17:06:37-05:00,2026-06-09T00:41:06,2026-06-09 00:41:06-05:00,4,Drive Through,/enterprise/User/38670/,38670,/enterprise/User/38670/,38670,,,,23.780000,,0.000000,,,,1.960000,25.740000,0.000000,0.000000,0.000000,0.000000,0.000000,0.000000,0.000000,0.000000,0.000000,1.960000,0.000000,0.000000,8.250000,0.000000,"[{""max_quantity_threshold"": 0, ""min_quantity_threshold"": 0, ""fiscal_rate"": ""2"", ""uuid"": ""80dbb4d8-aaf1-4702-ba64-281ad0343286"", ""name"": ""Sales Tax"", ""max_threshold"": ""0.0000"", ""min_threshold"": ""0.0000"", ""rounding_type"": 0, ""on_full_price"": true, ""order"": ""/resources/Order/14840771/"", ""is_prevailing"": true, ""tax_rate"": ""8.2500"", ""tax_table"": null, ""id"": 14884617, ""local_tax_id"": 590, ""tax_type"": 0, ""dining_options"": null, ""resource_uri"": ""/resources/AppliedTaxOrder/14884617/""}]",[],"[""/resources/OrderHistory/8879077/""]","""{\""service_fees\"":[],\""discounts\"":[]}""",,,,,{},,"""""","{""status"": 2, ""was_shown"": false}",,,14840771,true,false,false,false,false,Q,,,,0,true,true,false,0,,,true,false,3,113884,,0,6bd096fea2ca760ccabf57f2d7a74029,false,false,false,false,,1,2,[2],"[{""id"": 8622910, ""payment_type"": 2, ""other_payment_type"": null, ""amount"": ""25.740000"", ""tip"": ""0.000000"", ""gratuity"": ""0.000000"", ""refunded"": false, ""refund_transaction_id"": null, ""transaction_status"": ""Captured"", ""transaction_id"": ""01Z6NTFNNI00P812M00AU7LUI4CJJQ3Y"", ""card_type"": 3, ""payment_date"": ""2026-06-09T00:41:06"", ""created_date"": ""2026-06-08T17:09:02"", ""station"": ""/resources/PosStation/1151/"", ""online"": false}]",false,false,10,false
14843632,023f1e61-e0c8-41d3-9cab-703a286de59e,26,LCF Nederland,2026-06-08T18:55:27,2026-06-08 18:55:27-05:00,2026-06-08T18:55:27,2026-06-08 18:55:27-05:00,4,Drive Through,/enterprise/User/84406/,84406,/enterprise/User/84406/,84406,,,,0.000000,,0.000000,,,,0.000000,0.000000,0.000000,0.000000,0.000000,0.000000,0.000000,,0.000000,0.000000,0.000000,0.000000,0.000000,0.000000,8.250000,0.000000,"[{""max_quantity_threshold"": 0, ""min_quantity_threshold"": 0, ""fiscal_rate"": ""2"", ""uuid"": ""39967283-950b-45a2-ab9a-afd89883f324"", ""name"": ""Sales Tax"", ""max_threshold"": ""0.0000"", ""min_threshold"": ""0.0000"", ""rounding_type"": 0, ""on_full_price"": true, ""order"": ""/resources/Order/14843632/"", ""is_prevailing"": true, ""tax_rate"": ""8.2500"", ""tax_table"": null, ""id"": 14887445, ""local_tax_id"": 590, ""tax_type"": 0, ""dining_options"": null, ""resource_uri"": ""/resources/AppliedTaxOrder/14887445/""}]",[],[],"""{\""service_fees\"":[],\""discounts\"":[]}""",,,,,,,"""""","{""status"": 0, ""was_shown"": false}",,,,false,false,true,false,false,Q,,,,0,false,false,false,0,,,true,false,,,,0,,false,false,false,false,,0,,,,false,false,0,false
14845822,3377d055-6a67-4f71-a38c-634d26ff4af4,26,LCF Nederland,2026-06-08T20:31:08,2026-06-08 20:31:08-05:00,2026-06-09T00:41:22,2026-06-09 00:41:22-05:00,4,Drive Through,/enterprise/User/84406/,84406,/enterprise/User/38670/,38670,,,,11.790000,,0.000000,,,,0.970000,12.760000,0.000000,0.000000,0.000000,0.000000,0.000000,0.000000,0.000000,0.000000,0.000000,0.970000,0.000000,0.000000,8.250000,0.000000,"[{""max_quantity_threshold"": 0, ""min_quantity_threshold"": 0, ""fiscal_rate"": ""2"", ""uuid"": ""a21386af-4af7-4d92-a622-c0a690dadb6e"", ""name"": ""Sales Tax"", ""max_threshold"": ""0.0000"", ""min_threshold"": ""0.0000"", ""rounding_type"": 0, ""on_full_price"": true, ""order"": ""/resources/Order/14845822/"", ""is_prevailing"": true, ""tax_rate"": ""8.2500"", ""tax_table"": null, ""id"": 14889635, ""local_tax_id"": 590, ""tax_type"": 0, ""dining_options"": null, ""resource_uri"": ""/resources/AppliedTaxOrder/14889635/""}]",[],"[""/resources/OrderHistory/8882109/""]","""{\""service_fees\"":[],\""discounts\"":[]}""",,,,,{},,"""""","{""status"": 2, ""was_shown"": false}",,,14845822,true,false,false,false,false,Q,,,,0,true,true,false,0,,,true,false,2,113917,,0,a494a64d2ae902f93aa620b7dccd3e1d,false,false,false,false,,1,2,[2],"[{""id"": 8625812, ""payment_type"": 2, ""other_payment_type"": null, ""amount"": ""12.760000"", ""tip"": ""0.000000"", ""gratuity"": ""0.000000"", ""refunded"": false, ""refund_transaction_id"": null, ""transaction_status"": ""Captured"", ""transaction_id"": ""01Z6NTFNO200P812M00BGNJCKN6M1T3U"", ""card_type"": 3, ""payment_date"": ""2026-06-09T00:41:22"", ""created_date"": ""2026-06-08T20:31:55"", ""station"": ""/resources/PosStation/1151/"", ""online"": false}]",false,false,5,false
14847720,d365f891-a189-4b88-9200-a5851e39538e,26,LCF Nederland,2026-06-08T22:00:16,2026-06-08 22:00:16-05:00,2026-06-08T22:00:16,2026-06-08 22:00:16-05:00,4,Drive Through,/enterprise/User/84406/,84406,/enterprise/User/84406/,84406,,,,0.000000,,0.000000,,,,0.000000,0.000000,0.000000,0.000000,0.000000,0.000000,0.000000,,0.000000,0.000000,0.000000,0.000000,0.000000,0.000000,8.250000,0.000000,"[{""max_quantity_threshold"": 0, ""min_quantity_threshold"": 0, ""fiscal_rate"": ""2"", ""uuid"": ""5dc7dd53-f987-4322-b8bc-e011d157279f"", ""name"": ""Sales Tax"", ""max_threshold"": ""0.0000"", ""min_threshold"": ""0.0000"", ""rounding_type"": 0, ""on_full_price"": true, ""order"": ""/resources/Order/14847720/"", ""is_prevailing"": true, ""tax_rate"": ""8.2500"", ""tax_table"": null, ""id"": 14891484, ""local_tax_id"": 590, ""tax_type"": 0, ""dining_options"": null, ""resource_uri"": ""/resources/AppliedTaxOrder/14891484/""}]",[],[],"""{\""service_fees\"":[],\""discounts\"":[]}""",,,,,,,"""""","{""status"": 0, ""was_shown"": false}",,,,false,false,true,false,false,Q,,,,0,false,false,false,0,,,true,false,,,,0,,false,false,false,false,,0,,,,false,false,0,false
14848695,2499aadc-97d3-4d28-a619-56fe1e9d95f2,26,LCF Nederland,2026-06-08T23:45:03,2026-06-08 23:45:03-05:00,2026-06-08T23:45:03,2026-06-08 23:45:03-05:00,1,Eat In,/enterprise/User/35616/,35616,/enterprise/User/35616/,35616,,,,0.000000,,0.000000,,,,0.000000,0.000000,0.000000,0.000000,0.000000,0.000000,0.000000,,0.000000,0.000000,0.000000,0.000000,0.000000,0.000000,8.250000,0.000000,"[{""max_quantity_threshold"": 0, ""min_quantity_threshold"": 0, ""fiscal_rate"": ""2"", ""uuid"": ""7b9bf433-a6ae-4f13-a7e9-f89dee58619e"", ""name"": ""Sales Tax"", ""max_threshold"": ""0.0000"", ""min_threshold"": ""0.0000"", ""rounding_type"": 0, ""on_full_price"": true, ""order"": ""/resources/Order/14848695/"", ""is_prevailing"": true, ""tax_rate"": ""8.2500"", ""tax_table"": null, ""id"": 14892448, ""local_tax_id"": 590, ""tax_type"": 0, ""dining_options"": null, ""resource_uri"": ""/resources/AppliedTaxOrder/14892448/""}]",[],[],"""{\""service_fees\"":[],\""discounts\"":[]}""",,,,,,,"""""",,,,,false,false,true,false,false,Q,,,,0,false,false,false,0,,,true,false,,,,0,,false,false,false,false,,0,,,,false,false,0,false
14851860,eebdabe8-7e45-49c4-8379-a921fa8a04c3,26,LCF Nederland,2026-06-09T11:58:53,2026-06-09 11:58:53-05:00,2026-06-10T00:26:25,2026-06-10 00:26:25-05:00,1,Eat In,/enterprise/User/38670/,38670,/enterprise/User/84406/,84406,,,,10.480000,,0.000000,,,,0.860000,11.340000,0.000000,0.000000,0.000000,0.000000,0.000000,0.000000,0.000000,0.000000,0.000000,0.860000,0.000000,0.000000,8.250000,0.000000,"[{""max_quantity_threshold"": 0, ""min_quantity_threshold"": 0, ""fiscal_rate"": ""2"", ""uuid"": ""fbc459bc-58e3-4e22-ab6c-73789dcc21e6"", ""name"": ""Sales Tax"", ""max_threshold"": ""0.0000"", ""min_threshold"": ""0.0000"", ""rounding_type"": 0, ""on_full_price"": true, ""order"": ""/resources/Order/14851860/"", ""is_prevailing"": true, ""tax_rate"": ""8.2500"", ""tax_table"": null, ""id"": 14895665, ""local_tax_id"": 590, ""tax_type"": 0, ""dining_options"": null, ""resource_uri"": ""/resources/AppliedTaxOrder/14895665/""}]",[],"[""/resources/OrderHistory/8885584/""]","""{\""service_fees\"":[],\""discounts\"":[]}""",,,,,{},,"""""",,,,14851860,true,false,false,false,false,Q,,,,0,true,true,false,0,,,true,false,3,113974,,0,85a24f1fe7f98f884acc9214319dab94,false,false,false,false,,1,2,[2],"[{""id"": 8629200, ""payment_type"": 2, ""other_payment_type"": null, ""amount"": ""11.340000"", ""tip"": ""0.000000"", ""gratuity"": ""0.000000"", ""refunded"": false, ""refund_transaction_id"": null, ""transaction_status"": ""Captured"", ""transaction_id"": ""01Z6NTIB8100P812MAHLP0JVO2O2Q28Y"", ""card_type"": 2, ""payment_date"": ""2026-06-10T00:26:25"", ""created_date"": ""2026-06-09T11:59:15"", ""station"": ""/resources/PosStation/1157/"", ""online"": false}]",false,false,5,false
14854313,057f4a85-7e44-4ea0-b2d8-64f8ad646344,26,LCF Nederland,2026-06-09T12:57:34,2026-06-09 12:57:34-05:00,2026-06-10T00:26:36,2026-06-10 00:26:36-05:00,4,Drive Through,/enterprise/User/37426/,37426,/enterprise/User/84406/,84406,,,,8.980000,,0.000000,,,,0.740000,9.720000,0.000000,0.000000,0.000000,0.000000,0.000000,0.000000,0.000000,0.000000,0.000000,0.740000,0.000000,0.000000,8.250000,0.000000,"[{""max_quantity_threshold"": 0, ""min_quantity_threshold"": 0, ""fiscal_rate"": ""2"", ""uuid"": ""44bf048f-6b71-4c2e-8173-c56252ed08a8"", ""name"": ""Sales Tax"", ""max_threshold"": ""0.0000"", ""min_threshold"": ""0.0000"", ""rounding_type"": 0, ""on_full_price"": true, ""order"": ""/resources/Order/14854313/"", ""is_prevailing"": true, ""tax_rate"": ""8.2500"", ""tax_table"": null, ""id"": 14898141, ""local_tax_id"": 590, ""tax_type"": 0, ""dining_options"": null, ""resource_uri"": ""/resources/AppliedTaxOrder/14898141/""}]",[],"[""/resources/OrderHistory/8887313/""]","""{\""service_fees\"":[],\""discounts\"":[]}""",,,,,{},,"""""","{""status"": 2, ""was_shown"": false}",,,14854313,true,false,false,false,false,Q,,,,0,true,true,false,0,,,true,false,2,114002,,0,e6b880c9a8e731c1a8144a54e90ed550,false,false,false,false,,1,2,[2],"[{""id"": 8630880, ""payment_type"": 2, ""other_payment_type"": null, ""amount"": ""9.720000"", ""tip"": ""0.000000"", ""gratuity"": ""0.000000"", ""refunded"": false, ""refund_transaction_id"": null, ""transaction_status"": ""Captured"", ""transaction_id"": ""01Z6NTIB8C00P812MAHM88V3LBN9H48Q"", ""card_type"": 3, ""payment_date"": ""2026-06-10T00:26:36"", ""created_date"": ""2026-06-09T12:58:10"", ""station"": ""/resources/PosStation/1151/"", ""online"": false}]",false,false,1,false
14859556,1032eb4e-4c59-4d27-8658-b8c5f38a89cc,26,LCF Nederland,2026-06-09T16:13:08,2026-06-09 16:13:08-05:00,2026-06-12T18:44:15,2026-06-12 18:44:15-05:00,100,DD Marketplace,/enterprise/User/35616/,35616,/enterprise/User/35616/,35616,/enterprise/User/35616/,35616,13922,24.670000,0.750000,0.750000,0.750000,,,1.970000,25.890000,0.000000,0.000000,0.000000,0.000000,0.000000,0.000000,0.000000,0.000000,0.000000,1.970000,0.000000,0.000000,8.250000,0.000000,"[{""max_quantity_threshold"": 0, ""min_quantity_threshold"": 0, ""fiscal_rate"": ""2"", ""uuid"": ""cd11b1ef-8fbe-464c-9f31-472696457b46"", ""name"": ""Sales Tax"", ""max_threshold"": ""0.0000"", ""min_threshold"": ""0.0000"", ""rounding_type"": 0, ""on_full_price"": true, ""order"": ""/resources/Order/14859556/"", ""is_prevailing"": true, ""tax_rate"": ""8.2500"", ""tax_table"": null, ""id"": 14903432, ""local_tax_id"": 590, ""tax_type"": 0, ""dining_options"": null, ""resource_uri"": ""/resources/AppliedTaxOrder/14903432/""}]","[{""rule_type"": 0, ""discounted_by"": null, ""name"": ""DSP Open Discount"", ""rule_amount"": ""0.750000"", ""discount_amount"": ""0.750000"", ""tax_amount_included"": ""0.000000"", ""discount_function"": 0, ""qty"": 0, ""discount"": ""/resources/Discount/7310/"", ""taxed"": true, ""id"": 533610, ""stackable_type"": 0, ""resource_uri"": ""/resources/AppliedDiscountOrder/533610/"", ""order"": ""/resources/Order/14859556/"", ""discount_code"": """", ""uuid"": ""96a89444-71b5-42cf-90d0-5c4d3133b7f8""}]","[""/resources/OrderHistory/8890320/""]","""{\""service_fees\"":[],\""discounts\"":[\""7310\""]}""",,,,,{},,"""null""",,,,d15c4733,true,false,false,true,true,Q,DSP Open Discount,,0,0,true,true,false,0,,,true,false,9,114032,,0,745643cf634b426d12021f3dc3504bb6,false,false,false,false,,1,209,[209],"[{""id"": 8633768, ""payment_type"": 209, ""other_payment_type"": null, ""amount"": ""25.890000"", ""tip"": ""0.000000"", ""gratuity"": ""0.000000"", ""refunded"": false, ""refund_transaction_id"": null, ""transaction_status"": null, ""transaction_id"": ""c1b5f899-463b-4b8e-8461-f94353405004"", ""card_type"": null, ""payment_date"": ""2026-06-09T16:13:08"", ""created_date"": ""2026-06-09T16:13:08"", ""station"": ""/resources/PosStation/1150/"", ""online"": true}]",false,false,1,false
14863287,c8b9c62a-6972-4c1b-9e08-968e873ff513,26,LCF Nederland,2026-06-09T18:37:13,2026-06-09 18:37:13-05:00,2026-06-09T18:37:13,2026-06-09 18:37:13-05:00,4,Drive Through,/enterprise/User/38670/,38670,/enterprise/User/38670/,38670,,,,0.000000,,0.000000,,,,0.000000,0.000000,0.000000,0.000000,0.000000,0.000000,0.000000,,0.000000,0.000000,0.000000,0.000000,0.000000,0.000000,8.250000,0.000000,"[{""max_quantity_threshold"": 0, ""min_quantity_threshold"": 0, ""fiscal_rate"": ""2"", ""uuid"": ""50f41017-e1df-4230-b396-b9bb59718dda"", ""name"": ""Sales Tax"", ""max_threshold"": ""0.0000"", ""min_threshold"": ""0.0000"", ""rounding_type"": 0, ""on_full_price"": true, ""order"": ""/resources/Order/14863287/"", ""is_prevailing"": true, ""tax_rate"": ""8.2500"", ""tax_table"": null, ""id"": 14907192, ""local_tax_id"": 590, ""tax_type"": 0, ""dining_options"": null, ""resource_uri"": ""/resources/AppliedTaxOrder/14907192/""}]",[],[],"""{\""service_fees\"":[],\""discounts\"":[]}""",,,,,,,"""""","{""status"": 0, ""was_shown"": false}",,,,false,false,true,false,false,Q,,,,0,false,false,false,0,,,true,false,,,,0,,false,false,false,false,,0,,,,false,false,0,false
14867366,814f18c3-8cb2-4737-a59b-af7982dcd2f9,26,LCF Nederland,2026-06-09T21:17:28,2026-06-09 21:17:28-05:00,2026-06-09T21:17:28,2026-06-09 21:17:28-05:00,4,Drive Through,/enterprise/User/75716/,75716,/enterprise/User/75716/,75716,,,,0.000000,,0.000000,,,,0.000000,0.000000,0.000000,0.000000,0.000000,0.000000,0.000000,,0.000000,0.000000,0.000000,0.000000,0.000000,0.000000,8.250000,0.000000,"[{""max_quantity_threshold"": 0, ""min_quantity_threshold"": 0, ""fiscal_rate"": ""2"", ""uuid"": ""ad480f36-8c29-4357-9c73-2c4cd2cdfa84"", ""name"": ""Sales Tax"", ""max_threshold"": ""0.0000"", ""min_threshold"": ""0.0000"", ""rounding_type"": 0, ""on_full_price"": true, ""order"": ""/resources/Order/14867366/"", ""is_prevailing"": true, ""tax_rate"": ""8.2500"", ""tax_table"": null, ""id"": 14911247, ""local_tax_id"": 590, ""tax_type"": 0, ""dining_options"": null, ""resource_uri"": ""/resources/AppliedTaxOrder/14911247/""}]",[],[],"""{\""service_fees\"":[],\""discounts\"":[]}""",,,,,,,"""""","{""status"": 0, ""was_shown"": false}",,,,false,false,true,false,false,Q,,,,0,false,false,false,0,,,true,false,,,,0,,false,false,false,false,,0,,,,false,false,0,false
14869157,bf24a06b-d078-45cb-aa7d-66e79af320f3,26,LCF Nederland,2026-06-09T23:26:51,2026-06-09 23:26:51-05:00,2026-06-10T00:27:05,2026-06-10 00:27:05-05:00,4,Drive Through,/enterprise/User/75716/,75716,/enterprise/User/84406/,84406,,,,35.170000,,0.000000,,,,2.900000,38.070000,0.000000,0.000000,0.000000,0.000000,0.000000,0.000000,0.000000,0.000000,0.000000,2.900000,0.000000,0.000000,8.250000,0.000000,"[{""max_quantity_threshold"": 0, ""min_quantity_threshold"": 0, ""fiscal_rate"": ""2"", ""uuid"": ""46e62b73-cf2d-4631-a3bc-f9a84ca0a264"", ""name"": ""Sales Tax"", ""max_threshold"": ""0.0000"", ""min_threshold"": ""0.0000"", ""rounding_type"": 0, ""on_full_price"": true, ""order"": ""/resources/Order/14869157/"", ""is_prevailing"": true, ""tax_rate"": ""8.2500"", ""tax_table"": null, ""id"": 14913015, ""local_tax_id"": 590, ""tax_type"": 0, ""dining_options"": null, ""resource_uri"": ""/resources/AppliedTaxOrder/14913015/""}]",[],"[""/resources/OrderHistory/8896045/""]","""{\""service_fees\"":[],\""discounts\"":[]}""",,,,,{},,"""""","{""status"": 2, ""was_shown"": false}",,,14869157,true,false,false,false,false,Q,,,,0,true,true,false,0,,,true,false,3,114097,,0,8e3043ee6cfdf411dcd9be7b10b29fd5,false,false,false,false,,1,2,[2],"[{""id"": 8639367, ""payment_type"": 2, ""other_payment_type"": null, ""amount"": ""38.070000"", ""tip"": ""0.000000"", ""gratuity"": ""0.000000"", ""refunded"": false, ""refund_transaction_id"": null, ""transaction_status"": ""Captured"", ""transaction_id"": ""01Z6NTIB9900P812MAHNHSKSFQVT6BJB"", ""card_type"": 3, ""payment_date"": ""2026-06-10T00:27:05"", ""created_date"": ""2026-06-09T23:31:39"", ""station"": ""/resources/PosStation/1151/"", ""online"": false}]",false,false,13,false
14872085,b2c7892c-b340-4494-9a38-a174b729117e,26,LCF Nederland,2026-06-10T11:44:41,2026-06-10 11:44:41-05:00,2026-06-12T00:20:37,2026-06-12 00:20:37-05:00,1,Eat In,/enterprise/User/35616/,35616,/enterprise/User/84406/,84406,/enterprise/User/35616/,35616,,12.480000,11.790000,11.790000,11.790000,,,0.060000,0.750000,0.000000,0.000000,0.000000,0.000000,0.000000,0.000000,0.000000,0.000000,0.000000,0.060000,0.000000,0.000000,8.250000,0.000000,"[{""max_quantity_threshold"": 0, ""min_quantity_threshold"": 0, ""fiscal_rate"": ""2"", ""uuid"": ""6a47ce77-6e2b-4fbe-865a-452b73149b2a"", ""name"": ""Sales Tax"", ""max_threshold"": ""0.0000"", ""min_threshold"": ""0.0000"", ""rounding_type"": 0, ""on_full_price"": true, ""order"": ""/resources/Order/14872085/"", ""is_prevailing"": true, ""tax_rate"": ""8.2500"", ""tax_table"": null, ""id"": 14915992, ""local_tax_id"": 590, ""tax_type"": 0, ""dining_options"": null, ""resource_uri"": ""/resources/AppliedTaxOrder/14915992/""}]","[{""rule_type"": 0, ""discounted_by"": null, ""name"": ""4 Finger Meal - 1"", ""rule_amount"": ""11.790000"", ""discount_amount"": ""11.790000"", ""tax_amount_included"": ""0.000000"", ""discount_function"": 2, ""qty"": 0, ""discount"": null, ""taxed"": true, ""id"": 531027, ""stackable_type"": 1, ""resource_uri"": ""/resources/AppliedDiscountOrder/531027/"", ""order"": ""/resources/Order/14872085/"", ""discount_code"": """", ""uuid"": ""1f0f31ea-cfcd-421d-aeee-8ca970f1c557""}]","[""/resources/OrderHistory/8897883/""]","""{\""service_fees\"":[],\""discounts\"":[]}""",,,,,{},,"""{\""paymentBalance\"":0,\""customerName\"":\""Brandon Roy\"",\""birthday\"":\""1998-04-30 04:00:00 +0000\"",\""orderConfirmationId\"":null,\""tags\"":[\""*Personal|Preferred Location|Nederland*\"",\""WELCOMEREMINDER\"",\""*Behavior|RFM|Big Spenders*\"",\""*Behavior|Days Since Last App Open|0d_to_6d*\"",\""*Behavior|Days Since Last Visit|7 Months*\""],\""consent\"":\""yes\"",\""forgotVisitCodeData\"":null,\""availableRewards\"":[{\""name\"":\""4 Finger Meal\"",\""id\"":\""AmPPP6cIQoP2ac5CodYPR32t4BZPg7nyKV9CWzAQ8\"",\""expirationDates\"":[{\""date\"":\""2026-06-25 04:00:00 +0000\""}]}],\""appliedRewards\"":[{\""quantity\"":1,\""discount\"":{\""rewardType\"":null,\""id\"":\""AmPPP6cIQoP2ac5CodYPR32t4BZPg7nyKV9CWzAQ8\"",\""quantity\"":1,\""subDiscountDict\"":null,\""groupItemIds\"":null,\""orderItemId\"":null,\""isAutomaticReward\"":false,\""source\"":\""loyalty\"",\""code\"":null,\""menuItemId\"":null,\""expirationDates\"":[{\""date\"":804052800}],\""totalPrice\"":11.79,\""groupId\"":\""2DmlFX3eGFnMP6QYd63dDkR7sOAVToa36BlLfrA8\"",\""name\"":\""4 Finger Meal - 1\""},\""totalAmount\"":11.79,\""confirmationIds\"":null}],\""orderSubtotalWithoutServiceFee\"":0.69,\""appliedPaymentReward\"":null,\""totalPoints\"":140,\""printedCardNumber\"":\""4092230841\"",\""applicableRewards\"":[{\""rewardType\"":null,\""id\"":\""AmPPP6cIQoP2ac5CodYPR32t4BZPg7nyKV9CWzAQ8\"",\""quantity\"":1,\""subDiscountDict\"":{\""AmPPP6cIQoP2ac5CodYPR32t4BZPg7nyKV9CWzAQ8\"":[{\""id\"":\""AmPPP6cIQoP2ac5CodYPR32t4BZPg7nyKV9CWzAQ8\"",\""rewardType\"":null,\""isAutomaticReward\"":false,\""subDiscountDict\"":null,\""orderItemId\"":null,\""quantity\"":1,\""groupItemIds\"":null,\""source\"":\""loyalty\"",\""menuItemId\"":null,\""code\"":null,\""expirationDates\"":[{\""date\"":804052800}],\""groupId\"":\""2DmlFX3eGFnMP6QYd63dDkR7sOAVToa36BlLfrA8\"",\""totalPrice\"":11.79,\""name\"":\""4 Finger Meal\""}]},\""groupItemIds\"":[\""AmPPP6cIQoP2ac5CodYPR32t4BZPg7nyKV9CWzAQ8\""],\""orderItemId\"":null,\""isAutomaticReward\"":false,\""source\"":\""loyalty\"",\""code\"":null,\""menuItemId\"":null,\""expirationDates\"":[{\""date\"":804052800}],\""totalPrice\"":11.79,\""groupId\"":\""2DmlFX3eGFnMP6QYd63dDkR7sOAVToa36BlLfrA8\"",\""name\"":\""4 Finger Meal\""}],\""orderVoided\"":null,\""user\"":{\""consent\"":\""yes\"",\""paymentBalance\"":0,\""customerName\"":\""Brandon Roy\"",\""totalPoints\"":140,\""printedCardNumber\"":\""4092230841\"",\""birthday\"":-84398400,\""availableRewards\"":[{\""id\"":\""AmPPP6cIQoP2ac5CodYPR32t4BZPg7nyKV9CWzAQ8\"",\""name\"":\""4 Finger Meal\"",\""expirationDates\"":[{\""date\"":804052800}]}],\""isRegistered\"":true,\""externalId\"":\""4092230841\"",\""tags\"":[\""*Personal|Preferred Location|Nederland*\"",\""WELCOMEREMINDER\"",\""*Behavior|RFM|Big Spenders*\"",\""*Behavior|Days Since Last App Open|0d_to_6d*\"",\""*Behavior|Days Since Last Visit|7 Months*\""]},\""receiptText\"":null,\""shouldPrintForgotVisitCodeOnReceipt\"":null,\""firstName\"":\""Brandon\"",\""externalId\"":\""4092230841\"",\""isRegistered\"":true,\""lastName\"":\""Roy\"",\""phoneNumber\"":\""4092230841\"",\""orderTotal\"":0.75}""",,,,14872085,true,false,false,true,false,Q,4 Finger Meal - 1,,0,0,true,true,false,0,,,true,false,4,114120,,0,47edc30d24d2207ebb3f72b2e5af0426,false,false,false,false,,1,2,[2],"[{""id"": 8641232, ""payment_type"": 2, ""other_payment_type"": null, ""amount"": ""0.750000"", ""tip"": ""0.000000"", ""gratuity"": ""0.000000"", ""refunded"": false, ""refund_transaction_id"": null, ""transaction_status"": ""Captured"", ""transaction_id"": ""01Z6NTNJL500P812N1NBQIQ71TIR1OKQ"", ""card_type"": 3, ""payment_date"": ""2026-06-12T00:20:37"", ""created_date"": ""2026-06-10T11:46:00"", ""station"": ""/resources/PosStation/1157/"", ""online"": false}]",false,false,5,false
14874584,b9200705-bb63-4888-91eb-c3be6200e480,26,LCF Nederland,2026-06-10T12:32:10,2026-06-10 12:32:10-05:00,2026-06-12T00:20:41,2026-06-12 00:20:41-05:00,4,Drive Through,/enterprise/User/35616/,35616,/enterprise/User/84406/,84406,,,,11.790000,,0.000000,,,,0.970000,12.760000,0.000000,0.000000,0.000000,0.000000,0.000000,0.000000,0.000000,0.000000,0.000000,0.970000,0.000000,0.000000,8.250000,0.000000,"[{""max_quantity_threshold"": 0, ""min_quantity_threshold"": 0, ""fiscal_rate"": ""2"", ""uuid"": ""edd59751-5d7b-4e0a-96d9-58411a48b80b"", ""name"": ""Sales Tax"", ""max_threshold"": ""0.0000"", ""min_threshold"": ""0.0000"", ""rounding_type"": 0, ""on_full_price"": true, ""order"": ""/resources/Order/14874584/"", ""is_prevailing"": true, ""tax_rate"": ""8.2500"", ""tax_table"": null, ""id"": 14918502, ""local_tax_id"": 590, ""tax_type"": 0, ""dining_options"": null, ""resource_uri"": ""/resources/AppliedTaxOrder/14918502/""}]",[],"[""/resources/OrderHistory/8899571/""]","""{\""service_fees\"":[],\""discounts\"":[]}""",,,,,{},,"""""","{""status"": 2, ""was_shown"": false}",,,14874584,true,false,false,false,false,Q,,,,0,true,true,false,0,,,true,false,3,114143,,0,49b65d888d923d5b72b60fdd10aae53b,false,false,false,false,,1,2,[2],"[{""id"": 8642853, ""payment_type"": 2, ""other_payment_type"": null, ""amount"": ""12.760000"", ""tip"": ""0.000000"", ""gratuity"": ""0.000000"", ""refunded"": false, ""refund_transaction_id"": null, ""transaction_status"": ""Captured"", ""transaction_id"": ""01Z6NTNJL900P812N1NC70T2K6ST95K6"", ""card_type"": 3, ""payment_date"": ""2026-06-12T00:20:41"", ""created_date"": ""2026-06-10T12:34:50"", ""station"": ""/resources/PosStation/1151/"", ""online"": false}]",false,false,5,false
14878403,0713d263-2072-4154-8a2c-d7af43ed8911,26,LCF Nederland,2026-06-10T14:17:06,2026-06-10 14:17:06-05:00,2026-06-10T14:17:06,2026-06-10 14:17:06-05:00,1,Eat In,/enterprise/User/75716/,75716,/enterprise/User/75716/,75716,,,,0.000000,,0.000000,,,,0.000000,0.000000,0.000000,0.000000,0.000000,0.000000,0.000000,,0.000000,0.000000,0.000000,0.000000,0.000000,0.000000,8.250000,0.000000,"[{""max_quantity_threshold"": 0, ""min_quantity_threshold"": 0, ""fiscal_rate"": ""2"", ""uuid"": ""246171b2-c264-449b-94b7-54dc0747aa9c"", ""name"": ""Sales Tax"", ""max_threshold"": ""0.0000"", ""min_threshold"": ""0.0000"", ""rounding_type"": 0, ""on_full_price"": true, ""order"": ""/resources/Order/14878403/"", ""is_prevailing"": true, ""tax_rate"": ""8.2500"", ""tax_table"": null, ""id"": 14922334, ""local_tax_id"": 590, ""tax_type"": 0, ""dining_options"": null, ""resource_uri"": ""/resources/AppliedTaxOrder/14922334/""}]",[],[],"""{\""service_fees\"":[],\""discounts\"":[]}""",,,,,,,"""""",,,,,false,false,true,false,false,Q,,,,0,false,false,false,0,,,true,false,,,,0,,false,false,false,false,,0,,,,false,false,0,false
14883250,f3e3ffde-a939-4478-ae8e-2b0f725a859c,26,LCF Nederland,2026-06-10T17:29:37,2026-06-10 17:29:37-05:00,2026-06-10T17:38:35,2026-06-10 17:38:35-05:00,8,Pickup,/enterprise/User/1/,1,/enterprise/User/38670/,38670,,,251357,54.530000,,0.000000,,,,4.500000,59.030000,0.000000,0.000000,0.000000,0.000000,0.000000,0.000000,0.000000,0.000000,0.000000,4.500000,0.000000,0.000000,8.250000,0.000000,"[{""max_quantity_threshold"": 0, ""min_quantity_threshold"": 0, ""fiscal_rate"": ""2"", ""uuid"": ""a894766c-d5b4-4c19-ac30-b6af965c10c0"", ""name"": ""Sales Tax"", ""max_threshold"": ""0.0000"", ""min_threshold"": ""0.0000"", ""rounding_type"": 0, ""on_full_price"": true, ""order"": ""/resources/Order/14883250/"", ""is_prevailing"": true, ""tax_rate"": ""8.2500"", ""tax_table"": null, ""id"": 14927163, ""local_tax_id"": 590, ""tax_type"": 0, ""dining_options"": null, ""resource_uri"": ""/resources/AppliedTaxOrder/14927163/""}]",[],"[""/resources/OrderHistory/8904653/""]","""{\""service_fees\"":[],\""discounts\"":[]}""",,,"{""status"": 2, ""pickup_type"": 1, ""send_confirmation"": true, ""vehicle_color"": null, ""vehicle_make"": null, ""call_name"": ""StoreFront / Carla Santos / Jun 10, 17:50 / +14093326069"", ""customer_arrived"": false, ""vehicle_type"": null, ""phone_number"": ""+14093326069"", ""email"": ""2c9703b0-292c-4499-aaf8-d03ee44a30d0@guest.doordash.com""}",,{},,"""null""",,,,3ee1d3db,true,false,false,false,true,Q,,,,0,true,true,false,0,,,true,false,6,114189,,0,83a8561d1ce404009b4a1ecdd3cf4cc0,false,false,true,false,,1,209,[209],"[{""id"": 8647657, ""payment_type"": 209, ""other_payment_type"": null, ""amount"": ""59.030000"", ""tip"": ""0.000000"", ""gratuity"": ""0.000000"", ""refunded"": false, ""refund_transaction_id"": null, ""transaction_status"": null, ""transaction_id"": ""9b9f5d5e-a6ba-4cd1-b56d-698204ee8d4c"", ""card_type"": null, ""payment_date"": ""2026-06-10T17:29:37"", ""created_date"": ""2026-06-10T17:29:37"", ""station"": ""/resources/PosStation/1150/"", ""online"": true}]",false,false,2,false
14887273,d3d1e308-f596-4f90-8656-09e8a4c6fc55,26,LCF Nederland,2026-06-10T19:37:26,2026-06-10 19:37:26-05:00,2026-06-10T19:50:54,2026-06-10 19:50:54-05:00,4,Drive Through,/enterprise/User/75716/,75716,/enterprise/User/38670/,38670,,,,25.850000,,0.000000,,,,2.130000,27.980000,0.000000,0.000000,0.000000,0.000000,0.000000,0.000000,0.000000,0.000000,0.000000,2.130000,0.000000,0.000000,8.250000,0.000000,"[{""max_quantity_threshold"": 0, ""min_quantity_threshold"": 0, ""fiscal_rate"": ""2"", ""uuid"": ""9de55b4a-878f-491e-b598-b978bc2d2108"", ""name"": ""Sales Tax"", ""max_threshold"": ""0.0000"", ""min_threshold"": ""0.0000"", ""rounding_type"": 0, ""on_full_price"": true, ""order"": ""/resources/Order/14887273/"", ""is_prevailing"": true, ""tax_rate"": ""8.2500"", ""tax_table"": null, ""id"": 14931176, ""local_tax_id"": 590, ""tax_type"": 0, ""dining_options"": null, ""resource_uri"": ""/resources/AppliedTaxOrder/14931176/""}]",[],"[""/resources/OrderHistory/8907159/""]","""{\""service_fees\"":[],\""discounts\"":[]}""",,,,,{},,"""""","{""status"": 2, ""was_shown"": false}",,,14887273,true,false,false,false,false,Q,,,,0,true,true,false,0,,,true,false,3,114217,,0,de05f9a19f10854f8dcd1e377386a968,false,false,false,false,,1,1,[1],"[{""id"": 8650099, ""payment_type"": 1, ""other_payment_type"": null, ""amount"": ""27.980000"", ""tip"": ""0.000000"", ""gratuity"": ""0.000000"", ""refunded"": false, ""refund_transaction_id"": null, ""transaction_status"": null, ""transaction_id"": ""1781138434"", ""card_type"": null, ""payment_date"": ""2026-06-10T19:40:33"", ""created_date"": ""2026-06-10T19:40:33"", ""station"": ""/resources/PosStation/1151/"", ""online"": false}]",false,false,11,false
14890120,eebeeaff-e760-4088-93c6-6f1f14b9e1e8,26,LCF Nederland,2026-06-10T21:25:40,2026-06-10 21:25:40-05:00,2026-06-12T00:21:01,2026-06-12 00:21:01-05:00,4,Drive Through,/enterprise/User/75716/,75716,/enterprise/User/84406/,84406,,,,26.680000,,0.000000,,,,2.200000,28.880000,0.000000,0.000000,0.000000,0.000000,0.000000,0.000000,0.000000,0.000000,0.000000,2.200000,0.000000,0.000000,8.250000,0.000000,"[{""max_quantity_threshold"": 0, ""min_quantity_threshold"": 0, ""fiscal_rate"": ""2"", ""uuid"": ""a1989b35-3c20-4ce6-b476-91e6af38a221"", ""name"": ""Sales Tax"", ""max_threshold"": ""0.0000"", ""min_threshold"": ""0.0000"", ""rounding_type"": 0, ""on_full_price"": true, ""order"": ""/resources/Order/14890120/"", ""is_prevailing"": true, ""tax_rate"": ""8.2500"", ""tax_table"": null, ""id"": 14933981, ""local_tax_id"": 590, ""tax_type"": 0, ""dining_options"": null, ""resource_uri"": ""/resources/AppliedTaxOrder/14933981/""}]",[],"[""/resources/OrderHistory/8908906/""]","""{\""service_fees\"":[],\""discounts\"":[]}""",,,,,{},,"""""","{""status"": 2, ""was_shown"": false}",,,14890120,true,false,false,false,false,Q,,,,0,true,true,false,0,,,true,false,4,114242,,0,097063a7b846e68c2b16adb794cbdef9,false,false,false,false,,1,2,[2],"[{""id"": 8651795, ""payment_type"": 2, ""other_payment_type"": null, ""amount"": ""28.880000"", ""tip"": ""0.000000"", ""gratuity"": ""0.000000"", ""refunded"": false, ""refund_transaction_id"": null, ""transaction_status"": ""Captured"", ""transaction_id"": ""01Z6NTNJLT00P812N1NE6NGCUM0D4T9Q"", ""card_type"": 3, ""payment_date"": ""2026-06-12T00:21:01"", ""created_date"": ""2026-06-10T21:28:09"", ""station"": ""/resources/PosStation/1151/"", ""online"": false}]",false,false,9,false
14893779,ba2297d1-58bc-4de5-981e-d777afee9da2,26,LCF Nederland,2026-06-11T11:14:32,2026-06-11 11:14:32-05:00,2026-06-11T11:16:12,2026-06-11 11:16:12-05:00,4,Drive Through,/enterprise/User/38670/,38670,/enterprise/User/38670/,38670,,,,10.300000,,0.000000,,,,0.850000,11.150000,0.000000,0.000000,0.000000,0.000000,0.000000,0.000000,0.000000,0.000000,0.000000,0.850000,0.000000,0.000000,8.250000,0.000000,"[{""max_quantity_threshold"": 0, ""min_quantity_threshold"": 0, ""fiscal_rate"": ""2"", ""uuid"": ""b9a47846-9294-4265-9e15-40666081b9b2"", ""name"": ""Sales Tax"", ""max_threshold"": ""0.0000"", ""min_threshold"": ""0.0000"", ""rounding_type"": 0, ""on_full_price"": true, ""order"": ""/resources/Order/14893779/"", ""is_prevailing"": true, ""tax_rate"": ""8.2500"", ""tax_table"": null, ""id"": 14937604, ""local_tax_id"": 590, ""tax_type"": 0, ""dining_options"": null, ""resource_uri"": ""/resources/AppliedTaxOrder/14937604/""}]",[],"[""/resources/OrderHistory/8910991/""]","""{\""service_fees\"":[],\""discounts\"":[]}""",,,,,{},,"""""","{""status"": 2, ""was_shown"": false}",,,14893779,true,false,false,false,false,Q,,,,0,true,true,false,0,,,true,false,2,114269,,0,0046034f20fd59333083fd55f2f03fa8,false,false,false,false,,1,1,[1],"[{""id"": 8653946, ""payment_type"": 1, ""other_payment_type"": null, ""amount"": ""11.150000"", ""tip"": ""0.000000"", ""gratuity"": ""0.000000"", ""refunded"": false, ""refund_transaction_id"": null, ""transaction_status"": null, ""transaction_id"": ""1781194550"", ""card_type"": null, ""payment_date"": ""2026-06-11T11:15:50"", ""created_date"": ""2026-06-11T11:15:50"", ""station"": ""/resources/PosStation/1151/"", ""online"": false}]",false,false,5,false
14896612,50cbfb1d-2ff5-4f0b-a3c2-11bb5552ed4e,26,LCF Nederland,2026-06-11T12:18:34,2026-06-11 12:18:34-05:00,2026-06-12T00:21:10,2026-06-12 00:21:10-05:00,4,Drive Through,/enterprise/User/38670/,38670,/enterprise/User/84406/,84406,,,,19.580000,,0.000000,,,,1.620000,21.200000,0.000000,0.000000,0.000000,0.000000,0.000000,0.000000,0.000000,0.000000,0.000000,1.620000,0.000000,0.000000,8.250000,0.000000,"[{""max_quantity_threshold"": 0, ""min_quantity_threshold"": 0, ""fiscal_rate"": ""2"", ""uuid"": ""04e71cc4-6f52-453c-8712-8ab608867be3"", ""name"": ""Sales Tax"", ""max_threshold"": ""0.0000"", ""min_threshold"": ""0.0000"", ""rounding_type"": 0, ""on_full_price"": true, ""order"": ""/resources/Order/14896612/"", ""is_prevailing"": true, ""tax_rate"": ""8.2500"", ""tax_table"": null, ""id"": 14940447, ""local_tax_id"": 590, ""tax_type"": 0, ""dining_options"": null, ""resource_uri"": ""/resources/AppliedTaxOrder/14940447/""}]",[],"[""/resources/OrderHistory/8912873/""]","""{\""service_fees\"":[],\""discounts\"":[]}""",,,,,{},,"""""","{""status"": 2, ""was_shown"": false}",,,14896612,true,false,false,false,false,Q,,,,0,true,true,false,0,,,true,false,3,114294,,0,ad5a70224e22ab12f560d62ad89d9b60,false,false,false,false,,1,2,[2],"[{""id"": 8655874, ""payment_type"": 2, ""other_payment_type"": null, ""amount"": ""21.200000"", ""tip"": ""0.000000"", ""gratuity"": ""0.000000"", ""refunded"": false, ""refund_transaction_id"": null, ""transaction_status"": ""Captured"", ""transaction_id"": ""01Z6NTNJM600P812N1NF3KNH58ICCIG9"", ""card_type"": 2, ""payment_date"": ""2026-06-12T00:21:10"", ""created_date"": ""2026-06-11T12:21:35"", ""station"": ""/resources/PosStation/1151/"", ""online"": false}]",false,false,10,false
14900668,7d1ce8e8-eb7b-4e34-9aac-e665701939db,26,LCF Nederland,2026-06-11T14:06:22,2026-06-11 14:06:22-05:00,2026-06-11T15:05:32,2026-06-11 15:05:32-05:00,0,To Go,/enterprise/User/38670/,38670,/enterprise/User/38670/,38670,,,,13.990000,,0.000000,,,,1.150000,15.140000,0.000000,0.000000,0.000000,0.000000,0.000000,0.000000,0.000000,0.000000,0.000000,1.150000,0.000000,0.000000,8.250000,0.000000,"[{""max_quantity_threshold"": 0, ""min_quantity_threshold"": 0, ""fiscal_rate"": ""2"", ""uuid"": ""c756b95e-fb73-44fa-b391-081eb4879d98"", ""name"": ""Sales Tax"", ""max_threshold"": ""0.0000"", ""min_threshold"": ""0.0000"", ""rounding_type"": 0, ""on_full_price"": true, ""order"": ""/resources/Order/14900668/"", ""is_prevailing"": true, ""tax_rate"": ""8.2500"", ""tax_table"": null, ""id"": 14944533, ""local_tax_id"": 590, ""tax_type"": 0, ""dining_options"": null, ""resource_uri"": ""/resources/AppliedTaxOrder/14944533/""}]",[],"[""/resources/OrderHistory/8915534/""]","""{\""service_fees\"":[],\""discounts\"":[]}""",,,,,{},,"""""",,,,14900668,true,false,false,false,false,Q,,,,0,true,true,false,0,,,true,false,3,114322,,0,849c2d81b11f1dd6e1bae9eb7f07df8c,false,false,false,false,,1,1,[1],"[{""id"": 8659309, ""payment_type"": 1, ""other_payment_type"": null, ""amount"": ""15.140000"", ""tip"": ""0.000000"", ""gratuity"": ""0.000000"", ""refunded"": false, ""refund_transaction_id"": null, ""transaction_status"": null, ""transaction_id"": ""1781204793"", ""card_type"": null, ""payment_date"": ""2026-06-11T14:06:33"", ""created_date"": ""2026-06-11T14:06:33"", ""station"": ""/resources/PosStation/1157/"", ""online"": false}]",false,false,5,false
14908198,b10df6c9-d351-4f16-9079-fc518378c598,26,LCF Nederland,2026-06-11T18:22:56,2026-06-11 18:22:56-05:00,2026-06-11T18:23:55,2026-06-11 18:23:55-05:00,4,Drive Through,/enterprise/User/60799/,60799,/enterprise/User/60799/,60799,,,,13.990000,,0.000000,,,,1.150000,15.140000,0.000000,0.000000,0.000000,0.000000,0.000000,0.000000,0.000000,0.000000,0.000000,1.150000,0.000000,0.000000,8.250000,0.000000,"[{""max_quantity_threshold"": 0, ""min_quantity_threshold"": 0, ""fiscal_rate"": ""2"", ""uuid"": ""515889ef-e877-4e6b-a90a-d6368c9bb928"", ""name"": ""Sales Tax"", ""max_threshold"": ""0.0000"", ""min_threshold"": ""0.0000"", ""rounding_type"": 0, ""on_full_price"": true, ""order"": ""/resources/Order/14908198/"", ""is_prevailing"": true, ""tax_rate"": ""8.2500"", ""tax_table"": null, ""id"": 14952074, ""local_tax_id"": 590, ""tax_type"": 0, ""dining_options"": null, ""resource_uri"": ""/resources/AppliedTaxOrder/14952074/""}]",[],"[""/resources/OrderHistory/8919823/""]","""{\""service_fees\"":[],\""discounts\"":[]}""",,,,,{},,"""""","{""status"": 2, ""was_shown"": false}",,,14908198,true,false,false,false,false,Q,,,,0,true,true,false,0,,,true,false,1,114352,,0,32b555e4a96967ce093afa15174128de,false,false,false,false,,1,1,[1],"[{""id"": 8662452, ""payment_type"": 1, ""other_payment_type"": null, ""amount"": ""15.140000"", ""tip"": ""0.000000"", ""gratuity"": ""0.000000"", ""refunded"": false, ""refund_transaction_id"": null, ""transaction_status"": null, ""transaction_id"": ""1781220235"", ""card_type"": null, ""payment_date"": ""2026-06-11T18:23:55"", ""created_date"": ""2026-06-11T18:23:55"", ""station"": ""/resources/PosStation/1151/"", ""online"": false}]",false,false,6,false
14911435,ab738797-54bd-4fee-a9a4-72ce6b8bf189,26,LCF Nederland,2026-06-11T19:57:00,2026-06-11 19:57:00-05:00,2026-06-12T00:21:29,2026-06-12 00:21:29-05:00,4,Drive Through,/enterprise/User/38670/,38670,/enterprise/User/84406/,84406,,,,24.960000,,0.000000,,,,2.060000,27.020000,0.000000,0.000000,0.000000,0.000000,0.000000,0.000000,0.000000,0.000000,0.000000,2.060000,0.000000,0.000000,8.250000,0.000000,"[{""max_quantity_threshold"": 0, ""min_quantity_threshold"": 0, ""fiscal_rate"": ""2"", ""uuid"": ""4de09590-37ca-4983-a11e-568ade4bfccf"", ""name"": ""Sales Tax"", ""max_threshold"": ""0.0000"", ""min_threshold"": ""0.0000"", ""rounding_type"": 0, ""on_full_price"": true, ""order"": ""/resources/Order/14911435/"", ""is_prevailing"": true, ""tax_rate"": ""8.2500"", ""tax_table"": null, ""id"": 14955333, ""local_tax_id"": 590, ""tax_type"": 0, ""dining_options"": null, ""resource_uri"": ""/resources/AppliedTaxOrder/14955333/""}]",[],"[""/resources/OrderHistory/8921730/""]","""{\""service_fees\"":[],\""discounts\"":[]}""",,,,,{},,"""""","{""status"": 2, ""was_shown"": false}",,,14911435,true,false,false,false,false,Q,,,,0,true,true,false,0,,,true,false,4,114374,,0,57adcea81f557431d50a653e4f0e5ba9,false,false,false,false,,1,2,[2],"[{""id"": 8664372, ""payment_type"": 2, ""other_payment_type"": null, ""amount"": ""27.020000"", ""tip"": ""0.000000"", ""gratuity"": ""0.000000"", ""refunded"": false, ""refund_transaction_id"": null, ""transaction_status"": ""Captured"", ""transaction_id"": ""01Z6NTNJMP00P812N1NGU6FK5D3M88PD"", ""card_type"": 3, ""payment_date"": ""2026-06-12T00:21:29"", ""created_date"": ""2026-06-11T19:58:13"", ""station"": ""/resources/PosStation/1151/"", ""online"": false}]",false,false,5,false
14915461,7de54e88-7302-4008-b914-1447a2d80769,26,LCF Nederland,2026-06-11T22:32:11,2026-06-11 22:32:11-05:00,2026-06-11T22:38:09,2026-06-11 22:38:09-05:00,4,Drive Through,/enterprise/User/38670/,38670,/enterprise/User/84406/,84406,,,,18.980000,,0.000000,,,,1.570000,20.550000,0.000000,0.000000,0.000000,0.000000,0.000000,0.000000,0.000000,0.000000,0.000000,1.570000,0.000000,0.000000,8.250000,0.000000,"[{""max_quantity_threshold"": 0, ""min_quantity_threshold"": 0, ""fiscal_rate"": ""2"", ""uuid"": ""5119640a-e6ba-4064-8690-50248c1affd6"", ""name"": ""Sales Tax"", ""max_threshold"": ""0.0000"", ""min_threshold"": ""0.0000"", ""rounding_type"": 0, ""on_full_price"": true, ""order"": ""/resources/Order/14915461/"", ""is_prevailing"": true, ""tax_rate"": ""8.2500"", ""tax_table"": null, ""id"": 14959291, ""local_tax_id"": 590, ""tax_type"": 0, ""dining_options"": null, ""resource_uri"": ""/resources/AppliedTaxOrder/14959291/""}]",[],"[""/resources/OrderHistory/8924058/""]","""{\""service_fees\"":[],\""discounts\"":[]}""",,,,,{},,"""""","{""status"": 2, ""was_shown"": false}",,,14915461,true,false,false,false,false,Q,,,,0,true,true,false,0,,,true,false,3,114402,,0,e4f17daec2aeaa13b48b32179355ae70,false,false,false,false,,1,1,[1],"[{""id"": 8666667, ""payment_type"": 1, ""other_payment_type"": null, ""amount"": ""20.550000"", ""tip"": ""0.000000"", ""gratuity"": ""0.000000"", ""refunded"": false, ""refund_transaction_id"": null, ""transaction_status"": null, ""transaction_id"": ""1781235337"", ""card_type"": null, ""payment_date"": ""2026-06-11T22:35:37"", ""created_date"": ""2026-06-11T22:35:37"", ""station"": ""/resources/PosStation/1151/"", ""online"": false}]",false,false,5,false
14916919,023f0603-14c9-490b-8958-cb1296936463,26,LCF Nederland,2026-06-12T09:53:11,2026-06-12 09:53:11-05:00,2026-06-12T09:53:11,2026-06-12 09:53:11-05:00,1,Eat In,/enterprise/User/35616/,35616,/enterprise/User/35616/,35616,,,,0.000000,,0.000000,,,,0.000000,0.000000,0.000000,0.000000,0.000000,0.000000,0.000000,,0.000000,0.000000,0.000000,0.000000,0.000000,0.000000,8.250000,0.000000,"[{""max_quantity_threshold"": 0, ""min_quantity_threshold"": 0, ""fiscal_rate"": ""2"", ""uuid"": ""a3ff3e9f-1630-4f62-a5b7-afdf7eeb5b96"", ""name"": ""Sales Tax"", ""max_threshold"": ""0.0000"", ""min_threshold"": ""0.0000"", ""rounding_type"": 0, ""on_full_price"": true, ""order"": ""/resources/Order/14916919/"", ""is_prevailing"": true, ""tax_rate"": ""8.2500"", ""tax_table"": null, ""id"": 14960734, ""local_tax_id"": 590, ""tax_type"": 0, ""dining_options"": null, ""resource_uri"": ""/resources/AppliedTaxOrder/14960734/""}]",[],[],"""{\""service_fees\"":[],\""discounts\"":[]}""",,,,,,,"""""",,,,,false,false,true,false,false,Q,,,,0,false,false,false,0,,,true,false,,,,0,,false,false,false,false,,0,,,,false,false,0,false
14919974,840a1dcc-76c0-4d62-aa8e-b7bbeb9f9b6a,26,LCF Nederland,2026-06-12T11:58:27,2026-06-12 11:58:27-05:00,2026-06-12T12:06:03,2026-06-12 12:06:03-05:00,4,Drive Through,/enterprise/User/35616/,35616,/enterprise/User/35616/,35616,,,,5.490000,,0.000000,,,,0.450000,5.940000,0.000000,0.000000,0.000000,0.000000,0.000000,0.000000,0.000000,0.000000,0.000000,0.450000,0.000000,0.000000,8.250000,0.000000,"[{""max_quantity_threshold"": 0, ""min_quantity_threshold"": 0, ""fiscal_rate"": ""2"", ""uuid"": ""babb2c38-65eb-4f7c-b45f-f94c49642f1b"", ""name"": ""Sales Tax"", ""max_threshold"": ""0.0000"", ""min_threshold"": ""0.0000"", ""rounding_type"": 0, ""on_full_price"": true, ""order"": ""/resources/Order/14919974/"", ""is_prevailing"": true, ""tax_rate"": ""8.2500"", ""tax_table"": null, ""id"": 14963861, ""local_tax_id"": 590, ""tax_type"": 0, ""dining_options"": null, ""resource_uri"": ""/resources/AppliedTaxOrder/14963861/""}]",[],"[""/resources/OrderHistory/8926887/""]","""{\""service_fees\"":[],\""discounts\"":[]}""",,,,,{},,"""""","{""status"": 2, ""was_shown"": false}",,,14919974,true,false,false,false,false,Q,,,,0,true,true,false,0,,,true,false,2,114440,,0,5d7eeb0c13a49c57a5f8ae51dca28a1e,false,false,false,false,,1,1,[1],"[{""id"": 8669449, ""payment_type"": 1, ""other_payment_type"": null, ""amount"": ""5.940000"", ""tip"": ""0.000000"", ""gratuity"": ""0.000000"", ""refunded"": false, ""refund_transaction_id"": null, ""transaction_status"": null, ""transaction_id"": ""1781283557"", ""card_type"": null, ""payment_date"": ""2026-06-12T11:59:16"", ""created_date"": ""2026-06-12T11:59:16"", ""station"": ""/resources/PosStation/1151/"", ""online"": false}]",false,false,1,false
14925840,db2883b0-1043-45a6-8389-136d35daf9f7,26,LCF Nederland,2026-06-12T14:13:12,2026-06-12 14:13:12-05:00,2026-06-12T14:13:12,2026-06-12 14:13:12-05:00,1,Eat In,/enterprise/User/37532/,37532,/enterprise/User/37532/,37532,,,,0.000000,,0.000000,,,,0.000000,0.000000,0.000000,0.000000,0.000000,0.000000,0.000000,,0.000000,0.000000,0.000000,0.000000,0.000000,0.000000,8.250000,0.000000,"[{""max_quantity_threshold"": 0, ""min_quantity_threshold"": 0, ""fiscal_rate"": ""2"", ""uuid"": ""52d21bdc-ced3-480a-9564-695b78f8931a"", ""name"": ""Sales Tax"", ""max_threshold"": ""0.0000"", ""min_threshold"": ""0.0000"", ""rounding_type"": 0, ""on_full_price"": true, ""order"": ""/resources/Order/14925840/"", ""is_prevailing"": true, ""tax_rate"": ""8.2500"", ""tax_table"": null, ""id"": 14969781, ""local_tax_id"": 590, ""tax_type"": 0, ""dining_options"": null, ""resource_uri"": ""/resources/AppliedTaxOrder/14969781/""}]",[],[],"""{\""service_fees\"":[],\""discounts\"":[]}""",,,,,,,"""""",,,,,false,false,true,false,false,Q,,,,0,false,false,false,0,,,true,false,,,,0,,false,false,false,false,,0,,,,false,false,0,false
14930948,0c7d09c0-fc26-4803-8da4-b81dd3efda47,26,LCF Nederland,2026-06-12T17:10:43,2026-06-12 17:10:43-05:00,2026-06-13T00:28:52,2026-06-13 00:28:52-05:00,1,Eat In,/enterprise/User/35616/,35616,/enterprise/User/84406/,84406,,,,12.480000,,0.000000,,,,1.030000,13.510000,0.000000,0.000000,0.000000,0.000000,0.000000,0.000000,0.000000,0.000000,0.000000,1.030000,0.000000,0.000000,8.250000,0.000000,"[{""max_quantity_threshold"": 0, ""min_quantity_threshold"": 0, ""fiscal_rate"": ""2"", ""uuid"": ""f7468c2b-36f4-478e-a2e8-6cae81229e31"", ""name"": ""Sales Tax"", ""max_threshold"": ""0.0000"", ""min_threshold"": ""0.0000"", ""rounding_type"": 0, ""on_full_price"": true, ""order"": ""/resources/Order/14930948/"", ""is_prevailing"": true, ""tax_rate"": ""8.2500"", ""tax_table"": null, ""id"": 14974907, ""local_tax_id"": 590, ""tax_type"": 0, ""dining_options"": null, ""resource_uri"": ""/resources/AppliedTaxOrder/14974907/""}]",[],"[""/resources/OrderHistory/8933516/""]","""{\""service_fees\"":[],\""discounts\"":[]}""",,,,,{},,"""""",,,,14930948,true,false,false,false,false,Q,,,,0,true,true,false,0,,,true,false,5,114496,,0,5528ecd63aa4a4f9f26af31d3b40c751,false,false,false,false,,1,2,[2],"[{""id"": 8675937, ""payment_type"": 2, ""other_payment_type"": null, ""amount"": ""13.510000"", ""tip"": ""0.000000"", ""gratuity"": ""0.000000"", ""refunded"": false, ""refund_transaction_id"": null, ""transaction_status"": ""Captured"", ""transaction_id"": ""01Z6NTQ8GK00P812NGMCCVRMBP6RL4TI"", ""card_type"": 2, ""payment_date"": ""2026-06-13T00:28:52"", ""created_date"": ""2026-06-12T17:11:19"", ""station"": ""/resources/PosStation/1157/"", ""online"": false}]",false,false,5,false
14933931,4035a6da-925f-491e-add0-bef6a4deb4e9,26,LCF Nederland,2026-06-12T18:34:51,2026-06-12 18:34:51-05:00,2026-06-13T00:28:57,2026-06-13 00:28:57-05:00,1,Eat In,/enterprise/User/35616/,35616,/enterprise/User/84406/,84406,,,,25.470000,,0.000000,,,,2.100000,27.570000,0.000000,0.000000,0.000000,0.000000,0.000000,0.000000,0.000000,0.000000,0.000000,2.100000,0.000000,0.000000,8.250000,0.000000,"[{""max_quantity_threshold"": 0, ""min_quantity_threshold"": 0, ""fiscal_rate"": ""2"", ""uuid"": ""14effb71-c47a-4bf4-b491-25327421496d"", ""name"": ""Sales Tax"", ""max_threshold"": ""0.0000"", ""min_threshold"": ""0.0000"", ""rounding_type"": 0, ""on_full_price"": true, ""order"": ""/resources/Order/14933931/"", ""is_prevailing"": true, ""tax_rate"": ""8.2500"", ""tax_table"": null, ""id"": 14977895, ""local_tax_id"": 590, ""tax_type"": 0, ""dining_options"": null, ""resource_uri"": ""/resources/AppliedTaxOrder/14977895/""}]",[],"[""/resources/OrderHistory/8935427/""]","""{\""service_fees\"":[],\""discounts\"":[]}""",,,,,{},,"""""",,,,14933931,true,false,false,false,false,Q,,,,0,true,true,false,0,,,true,false,4,114519,,0,8915f69dcee4aec532ba8b87e23b8f2c,false,false,false,false,,1,2,[2],"[{""id"": 8677749, ""payment_type"": 2, ""other_payment_type"": null, ""amount"": ""27.570000"", ""tip"": ""0.000000"", ""gratuity"": ""0.000000"", ""refunded"": false, ""refund_transaction_id"": null, ""transaction_status"": ""Captured"", ""transaction_id"": ""01Z6NTQ8GO00P812NGMCUIPJ97MG7MHX"", ""card_type"": 1, ""payment_date"": ""2026-06-13T00:28:57"", ""created_date"": ""2026-06-12T18:35:41"", ""station"": ""/resources/PosStation/1157/"", ""online"": false}]",false,false,10,false
14936448,6e3bc2c6-a03b-40fc-b0ab-2accdb9c900c,26,LCF Nederland,2026-06-12T19:51:51,2026-06-12 19:51:51-05:00,2026-06-13T00:29:01,2026-06-13 00:29:01-05:00,4,Drive Through,/enterprise/User/75716/,75716,/enterprise/User/84406/,84406,,,,13.990000,,0.000000,,,,1.150000,15.140000,0.000000,0.000000,0.000000,0.000000,0.000000,0.000000,0.000000,0.000000,0.000000,1.150000,0.000000,0.000000,8.250000,0.000000,"[{""max_quantity_threshold"": 0, ""min_quantity_threshold"": 0, ""fiscal_rate"": ""2"", ""uuid"": ""0a16731a-7bb1-4cf9-9587-2710694a8abd"", ""name"": ""Sales Tax"", ""max_threshold"": ""0.0000"", ""min_threshold"": ""0.0000"", ""rounding_type"": 0, ""on_full_price"": true, ""order"": ""/resources/Order/14936448/"", ""is_prevailing"": true, ""tax_rate"": ""8.2500"", ""tax_table"": null, ""id"": 14980402, ""local_tax_id"": 590, ""tax_type"": 0, ""dining_options"": null, ""resource_uri"": ""/resources/AppliedTaxOrder/14980402/""}]",[],"[""/resources/OrderHistory/8937004/""]","""{\""service_fees\"":[],\""discounts\"":[]}""",,,,,{},,"""""","{""status"": 2, ""was_shown"": false}",,,14936448,true,false,false,false,false,Q,,,,0,true,true,false,0,,,true,false,2,114534,,0,05f9f0fd7067c2c0758440bf88eadcd5,false,false,false,false,,1,2,[2],"[{""id"": 8679281, ""payment_type"": 2, ""other_payment_type"": null, ""amount"": ""15.140000"", ""tip"": ""0.000000"", ""gratuity"": ""0.000000"", ""refunded"": false, ""refund_transaction_id"": null, ""transaction_status"": ""Captured"", ""transaction_id"": ""01Z6NTQ8GT00P812NGMDF5C1F6V6SKVR"", ""card_type"": 3, ""payment_date"": ""2026-06-13T00:29:01"", ""created_date"": ""2026-06-12T19:56:08"", ""station"": ""/resources/PosStation/1151/"", ""online"": false}]",false,false,5,false
14939616,fd4a3ac2-c84a-4697-bba7-df2d6c00d909,26,LCF Nederland,2026-06-12T21:54:46,2026-06-12 21:54:46-05:00,2026-06-13T00:29:06,2026-06-13 00:29:06-05:00,4,Drive Through,/enterprise/User/75716/,75716,/enterprise/User/84406/,84406,,,,24.600000,,0.000000,,,,2.030000,26.630000,0.000000,0.000000,0.000000,0.000000,0.000000,0.000000,0.000000,0.000000,0.000000,2.030000,0.000000,0.000000,8.250000,0.000000,"[{""max_quantity_threshold"": 0, ""min_quantity_threshold"": 0, ""fiscal_rate"": ""2"", ""uuid"": ""c1bd4ced-4ad0-4f7b-9432-e1925675b2ad"", ""name"": ""Sales Tax"", ""max_threshold"": ""0.0000"", ""min_threshold"": ""0.0000"", ""rounding_type"": 0, ""on_full_price"": true, ""order"": ""/resources/Order/14939616/"", ""is_prevailing"": true, ""tax_rate"": ""8.2500"", ""tax_table"": null, ""id"": 14983528, ""local_tax_id"": 590, ""tax_type"": 0, ""dining_options"": null, ""resource_uri"": ""/resources/AppliedTaxOrder/14983528/""}]",[],"[""/resources/OrderHistory/8939097/""]","""{\""service_fees\"":[],\""discounts\"":[]}""",,,,,{},,"""""","{""status"": 2, ""was_shown"": false}",,,14939616,true,false,false,false,false,Q,,,,0,true,true,false,0,,,true,false,2,114558,,0,ce8061df8fc17f26ddb24e5c4f5e8953,false,false,false,false,,1,2,[2],"[{""id"": 8681304, ""payment_type"": 2, ""other_payment_type"": null, ""amount"": ""26.630000"", ""tip"": ""0.000000"", ""gratuity"": ""0.000000"", ""refunded"": false, ""refund_transaction_id"": null, ""transaction_status"": ""Captured"", ""transaction_id"": ""01Z6NTQ8H200P812NGME2C8M5CV2R96V"", ""card_type"": 3, ""payment_date"": ""2026-06-13T00:29:06"", ""created_date"": ""2026-06-12T21:55:38"", ""station"": ""/resources/PosStation/1151/"", ""online"": false}]",false,false,5,false
14943173,c69a96aa-466c-4522-a521-53044db2b622,26,LCF Nederland,2026-06-13T10:34:10,2026-06-13 10:34:10-05:00,2026-06-14T00:29:38,2026-06-14 00:29:38-05:00,1,Eat In,/enterprise/User/38670/,38670,/enterprise/User/38670/,38670,,,,11.790000,,0.000000,,,,0.970000,12.760000,0.000000,0.000000,0.000000,0.000000,0.000000,0.000000,0.000000,0.000000,0.000000,0.970000,0.000000,0.000000,8.250000,0.000000,"[{""max_quantity_threshold"": 0, ""min_quantity_threshold"": 0, ""fiscal_rate"": ""2"", ""uuid"": ""4b08d13c-7c4f-4f26-8adb-3bf9b71678ad"", ""name"": ""Sales Tax"", ""max_threshold"": ""0.0000"", ""min_threshold"": ""0.0000"", ""rounding_type"": 0, ""on_full_price"": true, ""order"": ""/resources/Order/14943173/"", ""is_prevailing"": true, ""tax_rate"": ""8.2500"", ""tax_table"": null, ""id"": 14987036, ""local_tax_id"": 590, ""tax_type"": 0, ""dining_options"": null, ""resource_uri"": ""/resources/AppliedTaxOrder/14987036/""}]",[],"[""/resources/OrderHistory/8940852/""]","""{\""service_fees\"":[],\""discounts\"":[]}""",,,,,{},,"""""",,,,14943173,true,false,false,false,false,Q,,,,0,true,true,false,0,,,true,false,3,114586,,0,18f1b1393a9541b6361f2a8edc036993,false,false,false,false,,1,2,[2],"[{""id"": 8683093, ""payment_type"": 2, ""other_payment_type"": null, ""amount"": ""12.760000"", ""tip"": ""0.000000"", ""gratuity"": ""0.000000"", ""refunded"": false, ""refund_transaction_id"": null, ""transaction_status"": ""Captured"", ""transaction_id"": ""01Z6NTSSU200P812NT2OUS881H1QIA8S"", ""card_type"": 3, ""payment_date"": ""2026-06-14T00:29:38"", ""created_date"": ""2026-06-13T10:34:59"", ""station"": ""/resources/PosStation/1157/"", ""online"": false}]",false,false,5,false
14946646,213db34f-c95b-4e08-8098-6de85f15cd3e,26,LCF Nederland,2026-06-13T12:38:15,2026-06-13 12:38:15-05:00,2026-06-13T12:38:15,2026-06-13 12:38:15-05:00,4,Drive Through,/enterprise/User/38670/,38670,/enterprise/User/38670/,38670,,,,0.000000,,0.000000,,,,0.000000,0.000000,0.000000,0.000000,0.000000,0.000000,0.000000,,0.000000,0.000000,0.000000,0.000000,0.000000,0.000000,8.250000,0.000000,"[{""max_quantity_threshold"": 0, ""min_quantity_threshold"": 0, ""fiscal_rate"": ""2"", ""uuid"": ""789a2ebc-7450-4bdd-bea4-10ac5696d0ba"", ""name"": ""Sales Tax"", ""max_threshold"": ""0.0000"", ""min_threshold"": ""0.0000"", ""rounding_type"": 0, ""on_full_price"": true, ""order"": ""/resources/Order/14946646/"", ""is_prevailing"": true, ""tax_rate"": ""8.2500"", ""tax_table"": null, ""id"": 14990556, ""local_tax_id"": 590, ""tax_type"": 0, ""dining_options"": null, ""resource_uri"": ""/resources/AppliedTaxOrder/14990556/""}]",[],[],"""{\""service_fees\"":[],\""discounts\"":[]}""",,,,,,,"""""","{""status"": 0, ""was_shown"": false}",,,,false,false,true,false,false,Q,,,,0,false,false,false,0,,,true,false,,,,0,,false,false,false,false,,0,,,,false,false,0,false
14951583,7508aadd-ca63-4375-8492-ab2e8552421b,26,LCF Nederland,2026-06-13T15:02:55,2026-06-13 15:02:55-05:00,2026-06-13T15:02:55,2026-06-13 15:02:55-05:00,4,Drive Through,/enterprise/User/38670/,38670,/enterprise/User/38670/,38670,,,,0.000000,,0.000000,,,,0.000000,0.000000,0.000000,0.000000,0.000000,0.000000,0.000000,,0.000000,0.000000,0.000000,0.000000,0.000000,0.000000,8.250000,0.000000,"[{""max_quantity_threshold"": 0, ""min_quantity_threshold"": 0, ""fiscal_rate"": ""2"", ""uuid"": ""98ac70f7-a054-49ca-aeeb-5938b60f2978"", ""name"": ""Sales Tax"", ""max_threshold"": ""0.0000"", ""min_threshold"": ""0.0000"", ""rounding_type"": 0, ""on_full_price"": true, ""order"": ""/resources/Order/14951583/"", ""is_prevailing"": true, ""tax_rate"": ""8.2500"", ""tax_table"": null, ""id"": 14995525, ""local_tax_id"": 590, ""tax_type"": 0, ""dining_options"": null, ""resource_uri"": ""/resources/AppliedTaxOrder/14995525/""}]",[],[],"""{\""service_fees\"":[],\""discounts\"":[]}""",,,,,,,"""""","{""status"": 0, ""was_shown"": false}",,,,false,false,true,false,false,Q,,,,0,false,false,false,0,,,true,false,,,,0,,false,false,false,false,,0,,,,false,false,0,false
14955126,f5b89db1-92b9-4ded-8b6b-f2b8bc9063b6,26,LCF Nederland,2026-06-13T17:09:38,2026-06-13 17:09:38-05:00,2026-06-14T00:29:59,2026-06-14 00:29:59-05:00,1,Eat In,/enterprise/User/60799/,60799,/enterprise/User/38670/,38670,,,,14.470000,,0.000000,,,,1.190000,15.660000,0.000000,0.000000,0.000000,0.000000,0.000000,0.000000,0.000000,0.000000,0.000000,1.190000,0.000000,0.000000,8.250000,0.000000,"[{""max_quantity_threshold"": 0, ""min_quantity_threshold"": 0, ""fiscal_rate"": ""2"", ""uuid"": ""f1481d43-8dfd-4af4-bdd5-0f154b46b483"", ""name"": ""Sales Tax"", ""max_threshold"": ""0.0000"", ""min_threshold"": ""0.0000"", ""rounding_type"": 0, ""on_full_price"": true, ""order"": ""/resources/Order/14955126/"", ""is_prevailing"": true, ""tax_rate"": ""8.2500"", ""tax_table"": null, ""id"": 14999087, ""local_tax_id"": 590, ""tax_type"": 0, ""dining_options"": null, ""resource_uri"": ""/resources/AppliedTaxOrder/14999087/""}]",[],"[""/resources/OrderHistory/8948178/""]","""{\""service_fees\"":[],\""discounts\"":[]}""",,,,,{},,"""""",,,,14955126,true,false,false,false,false,Q,,,,0,true,true,false,0,,,true,false,3,114666,,0,b61eeae1fbd850d7dac117a1f93b0180,false,false,false,false,,1,2,[2],"[{""id"": 8690198, ""payment_type"": 2, ""other_payment_type"": null, ""amount"": ""15.660000"", ""tip"": ""0.000000"", ""gratuity"": ""0.000000"", ""refunded"": false, ""refund_transaction_id"": null, ""transaction_status"": ""Captured"", ""transaction_id"": ""01Z6NTSSUN00P812NT2QJ5RPLO8DNEBX"", ""card_type"": 3, ""payment_date"": ""2026-06-14T00:29:59"", ""created_date"": ""2026-06-13T17:09:55"", ""station"": ""/resources/PosStation/1157/"", ""online"": false}]",false,false,5,false
14959565,991e89c7-ae1d-4df4-ad22-c5030b3092ed,26,LCF Nederland,2026-06-13T19:47:06,2026-06-13 19:47:06-05:00,2026-06-14T00:30:09,2026-06-14 00:30:09-05:00,1,Eat In,/enterprise/User/52540/,52540,/enterprise/User/38670/,38670,,,,13.270000,,0.000000,,,,1.090000,14.360000,0.000000,0.000000,0.000000,0.000000,0.000000,0.000000,0.000000,0.000000,0.000000,1.090000,0.000000,0.000000,8.250000,0.000000,"[{""max_quantity_threshold"": 0, ""min_quantity_threshold"": 0, ""fiscal_rate"": ""2"", ""uuid"": ""5ab4bf56-ceec-45e2-80bf-f84e78c0bd2a"", ""name"": ""Sales Tax"", ""max_threshold"": ""0.0000"", ""min_threshold"": ""0.0000"", ""rounding_type"": 0, ""on_full_price"": true, ""order"": ""/resources/Order/14959565/"", ""is_prevailing"": true, ""tax_rate"": ""8.2500"", ""tax_table"": null, ""id"": 15003512, ""local_tax_id"": 590, ""tax_type"": 0, ""dining_options"": null, ""resource_uri"": ""/resources/AppliedTaxOrder/15003512/""}]",[],"[""/resources/OrderHistory/8950867/""]","""{\""service_fees\"":[],\""discounts\"":[]}""",,,,,{},,"""""",,,,14959565,true,false,false,false,false,Q,,,,0,true,true,false,0,,,true,false,3,114697,,0,5ed32157202c9b7119fbd0dd11de5f0a,false,false,false,false,,1,2,[2],"[{""id"": 8692792, ""payment_type"": 2, ""other_payment_type"": null, ""amount"": ""14.360000"", ""tip"": ""2.650000"", ""gratuity"": ""0.000000"", ""refunded"": false, ""refund_transaction_id"": null, ""transaction_status"": ""Captured"", ""transaction_id"": ""01Z6NTSSV000P812NT2RG3KFKUG3VODA"", ""card_type"": 3, ""payment_date"": ""2026-06-14T00:30:09"", ""created_date"": ""2026-06-13T19:47:27"", ""station"": ""/resources/PosStation/1157/"", ""online"": false}]",false,false,5,false
14963185,15c3259d-9927-4731-80c7-cb7fa803668a,26,LCF Nederland,2026-06-13T23:01:05,2026-06-13 23:01:05-05:00,2026-06-14T00:30:17,2026-06-14 00:30:17-05:00,4,Drive Through,/enterprise/User/38670/,38670,/enterprise/User/38670/,38670,,,,18.980000,,0.000000,,,,1.570000,20.550000,0.000000,0.000000,0.000000,0.000000,0.000000,0.000000,0.000000,0.000000,0.000000,1.570000,0.000000,0.000000,8.250000,0.000000,"[{""max_quantity_threshold"": 0, ""min_quantity_threshold"": 0, ""fiscal_rate"": ""2"", ""uuid"": ""d9afea5a-d0a2-459f-b9d0-0baf4246aa34"", ""name"": ""Sales Tax"", ""max_threshold"": ""0.0000"", ""min_threshold"": ""0.0000"", ""rounding_type"": 0, ""on_full_price"": true, ""order"": ""/resources/Order/14963185/"", ""is_prevailing"": true, ""tax_rate"": ""8.2500"", ""tax_table"": null, ""id"": 15007120, ""local_tax_id"": 590, ""tax_type"": 0, ""dining_options"": null, ""resource_uri"": ""/resources/AppliedTaxOrder/15007120/""}]",[],"[""/resources/OrderHistory/8953442/""]","""{\""service_fees\"":[],\""discounts\"":[]}""",,,,,{},,"""""","{""status"": 2, ""was_shown"": false}",,,14963185,true,false,false,false,false,Q,,,,0,true,true,false,0,,,true,false,3,114725,,0,7c624444dd7acb1fce4617ef238436b2,false,false,false,false,,1,2,[2],"[{""id"": 8695339, ""payment_type"": 2, ""other_payment_type"": null, ""amount"": ""20.550000"", ""tip"": ""0.000000"", ""gratuity"": ""0.000000"", ""refunded"": false, ""refund_transaction_id"": null, ""transaction_status"": ""Captured"", ""transaction_id"": ""01Z6NTSSV900P812NT2S7LN9IO9UR546"", ""card_type"": 3, ""payment_date"": ""2026-06-14T00:30:17"", ""created_date"": ""2026-06-13T23:01:40"", ""station"": ""/resources/PosStation/1151/"", ""online"": false}]",false,false,6,false
14967782,dc877eea-d3f5-4b5a-af2e-1bdcfe202672,26,LCF Nederland,2026-06-14T12:09:21,2026-06-14 12:09:21-05:00,2026-06-14T13:17:51,2026-06-14 13:17:51-05:00,4,Drive Through,/enterprise/User/37532/,37532,/enterprise/User/35616/,35616,,,,35.950000,,0.000000,,,,2.970000,38.920000,0.000000,0.000000,0.000000,0.000000,0.000000,0.000000,0.000000,0.000000,0.000000,2.970000,0.000000,0.000000,8.250000,0.000000,"[{""max_quantity_threshold"": 0, ""min_quantity_threshold"": 0, ""fiscal_rate"": ""2"", ""uuid"": ""b9093c6f-4b3b-4bfd-b796-c362709433b2"", ""name"": ""Sales Tax"", ""max_threshold"": ""0.0000"", ""min_threshold"": ""0.0000"", ""rounding_type"": 0, ""on_full_price"": true, ""order"": ""/resources/Order/14967782/"", ""is_prevailing"": true, ""tax_rate"": ""8.2500"", ""tax_table"": null, ""id"": 15011761, ""local_tax_id"": 590, ""tax_type"": 0, ""dining_options"": null, ""resource_uri"": ""/resources/AppliedTaxOrder/15011761/""}]",[],"[""/resources/OrderHistory/8955816/""]","""{\""service_fees\"":[],\""discounts\"":[]}""",,,,,{},,"""""","{""status"": 2, ""was_shown"": false}",,,14967782,true,false,false,false,false,Q,,,,0,true,true,false,0,,,true,false,4,114748,,0,5b67c698cc8665f63e4f48c6d9cd94c3,false,false,false,false,,1,2,[2],"[{""id"": 8697757, ""payment_type"": 2, ""other_payment_type"": null, ""amount"": ""38.920000"", ""tip"": ""0.000000"", ""gratuity"": ""0.000000"", ""refunded"": false, ""refund_transaction_id"": null, ""transaction_status"": ""Captured"", ""transaction_id"": ""01Z6NTU9UE00P812O22T4PPSB0AT4GNK"", ""card_type"": 3, ""payment_date"": ""2026-06-14T13:17:51"", ""created_date"": ""2026-06-14T12:11:08"", ""station"": ""/resources/PosStation/1151/"", ""online"": false}]",false,false,13,false
14972276,ca52ca5a-6e26-455a-98cb-5141d6aacbb0,26,LCF Nederland,2026-06-14T14:01:29,2026-06-14 14:01:29-05:00,2026-06-14T14:01:29,2026-06-14 14:01:29-05:00,1,Eat In,/enterprise/User/37532/,37532,/enterprise/User/37532/,37532,,,,0.000000,,0.000000,,,,0.000000,0.000000,0.000000,0.000000,0.000000,0.000000,0.000000,,0.000000,0.000000,0.000000,0.000000,0.000000,0.000000,8.250000,0.000000,"[{""max_quantity_threshold"": 0, ""min_quantity_threshold"": 0, ""fiscal_rate"": ""2"", ""uuid"": ""8bdcbd05-fbaa-4a65-9f3e-5055a4a12fbc"", ""name"": ""Sales Tax"", ""max_threshold"": ""0.0000"", ""min_threshold"": ""0.0000"", ""rounding_type"": 0, ""on_full_price"": true, ""order"": ""/resources/Order/14972276/"", ""is_prevailing"": true, ""tax_rate"": ""8.2500"", ""tax_table"": null, ""id"": 15016275, ""local_tax_id"": 590, ""tax_type"": 0, ""dining_options"": null, ""resource_uri"": ""/resources/AppliedTaxOrder/15016275/""}]",[],[],"""{\""service_fees\"":[],\""discounts\"":[]}""",,,,,,,"""""",,,,,false,false,true,false,false,Q,,,,0,false,false,false,0,,,true,false,,,,0,,false,false,false,false,,0,,,,false,false,0,false
14976048,c6d0194c-f89e-4746-824f-4092037591a4,26,LCF Nederland,2026-06-14T16:03:53,2026-06-14 16:03:53-05:00,2026-06-14T17:44:21,2026-06-14 17:44:21-05:00,4,Drive Through,/enterprise/User/35616/,35616,/enterprise/User/35616/,35616,,,,5.990000,,0.000000,,,,0.490000,6.480000,0.000000,0.000000,0.000000,0.000000,0.000000,0.000000,0.000000,0.000000,0.000000,0.490000,0.000000,0.000000,8.250000,0.000000,"[{""max_quantity_threshold"": 0, ""min_quantity_threshold"": 0, ""fiscal_rate"": ""2"", ""uuid"": ""bbb8d5af-82e5-4439-b8e6-4f2c4410cfa5"", ""name"": ""Sales Tax"", ""max_threshold"": ""0.0000"", ""min_threshold"": ""0.0000"", ""rounding_type"": 0, ""on_full_price"": true, ""order"": ""/resources/Order/14976048/"", ""is_prevailing"": true, ""tax_rate"": ""8.2500"", ""tax_table"": null, ""id"": 15020053, ""local_tax_id"": 590, ""tax_type"": 0, ""dining_options"": null, ""resource_uri"": ""/resources/AppliedTaxOrder/15020053/""}]",[],"[""/resources/OrderHistory/8960737/""]","""{\""service_fees\"":[],\""discounts\"":[]}""",,,,,{},,"""{\""paymentBalance\"":0,\""customerName\"":\""Larry Harris\"",\""birthday\"":\""1969-12-22 00:00:00 +0000\"",\""orderConfirmationId\"":null,\""tags\"":[\""Potential_VN Recommendation: allow\"",\""Potential_VN Risk: medium\"",\""Potential_VN Score: 30\"",\""WELCOMEREMINDER\"",\""*Personal|Preferred Location|Beaumont*\"",\""*Behavior|RFM|Loyal*\"",\""*Behavior|Days Since Last App Open|0d_to_6d*\"",\""*Behavior|Days Since Last Visit|7-13*\""],\""consent\"":\""yes\"",\""forgotVisitCodeData\"":null,\""availableRewards\"":[],\""appliedRewards\"":null,\""orderSubtotalWithoutServiceFee\"":5.99,\""appliedPaymentReward\"":null,\""totalPoints\"":1290,\""printedCardNumber\"":\""7138161178\"",\""applicableRewards\"":[],\""orderVoided\"":null,\""user\"":{\""consent\"":\""yes\"",\""paymentBalance\"":0,\""customerName\"":\""Larry Harris\"",\""totalPoints\"":1290,\""printedCardNumber\"":\""7138161178\"",\""birthday\"":-979171200,\""availableRewards\"":[],\""isRegistered\"":true,\""externalId\"":\""7138161178\"",\""tags\"":[\""Potential_VN Recommendation: allow\"",\""Potential_VN Risk: medium\"",\""Potential_VN Score: 30\"",\""WELCOMEREMINDER\"",\""*Personal|Preferred Location|Beaumont*\"",\""*Behavior|RFM|Loyal*\"",\""*Behavior|Days Since Last App Open|0d_to_6d*\"",\""*Behavior|Days Since Last Visit|7-13*\""]},\""receiptText\"":null,\""shouldPrintForgotVisitCodeOnReceipt\"":null,\""firstName\"":\""Larry\"",\""externalId\"":\""7138161178\"",\""isRegistered\"":true,\""phoneNumber\"":\""7138161178\"",\""lastName\"":\""Harris\"",\""orderTotal\"":6.48}""","{""status"": 2, ""was_shown"": false}",,,14976048,true,false,false,false,false,Q,,,,0,true,true,false,0,,,true,false,4,114790,,0,d5aae922fe7cdddee343f5274d5868c5,false,false,false,false,,1,2,[2],"[{""id"": 8702583, ""payment_type"": 2, ""other_payment_type"": null, ""amount"": ""6.480000"", ""tip"": ""0.000000"", ""gratuity"": ""0.000000"", ""refunded"": false, ""refund_transaction_id"": null, ""transaction_status"": ""Captured"", ""transaction_id"": ""01Z6NTUPI500P812O4RKDDM6MJFFC4IJ"", ""card_type"": 3, ""payment_date"": ""2026-06-14T17:44:21"", ""created_date"": ""2026-06-14T16:06:38"", ""station"": ""/resources/PosStation/1151/"", ""online"": false}]",false,false,1,false
14978648,2e1c6925-16ea-43b2-b00b-f5037849feb3,26,LCF Nederland,2026-06-14T17:25:51,2026-06-14 17:25:51-05:00,2026-06-14T17:25:51,2026-06-14 17:25:51-05:00,4,Drive Through,/enterprise/User/35616/,35616,/enterprise/User/35616/,35616,,,,0.000000,,0.000000,,,,0.000000,0.000000,0.000000,0.000000,0.000000,0.000000,0.000000,,0.000000,0.000000,0.000000,0.000000,0.000000,0.000000,8.250000,0.000000,"[{""max_quantity_threshold"": 0, ""min_quantity_threshold"": 0, ""fiscal_rate"": ""2"", ""uuid"": ""bbf5127a-95b5-4176-bd53-dd74905e9ad8"", ""name"": ""Sales Tax"", ""max_threshold"": ""0.0000"", ""min_threshold"": ""0.0000"", ""rounding_type"": 0, ""on_full_price"": true, ""order"": ""/resources/Order/14978648/"", ""is_prevailing"": true, ""tax_rate"": ""8.2500"", ""tax_table"": null, ""id"": 15022680, ""local_tax_id"": 590, ""tax_type"": 0, ""dining_options"": null, ""resource_uri"": ""/resources/AppliedTaxOrder/15022680/""}]",[],[],"""{\""service_fees\"":[],\""discounts\"":[]}""",,,,,,,"""""","{""status"": 0, ""was_shown"": false}",,,,false,false,true,false,false,Q,,,,0,false,false,false,0,,,true,false,,,,0,,false,false,false,false,,0,,,,false,false,0,false
14981241,a017d388-8ba3-4a49-bd4d-ba68dc6a0e4b,26,LCF Nederland,2026-06-14T18:42:24,2026-06-14 18:42:24-05:00,2026-06-15T00:28:11,2026-06-15 00:28:11-05:00,4,Drive Through,/enterprise/User/52540/,52540,/enterprise/User/52540/,52540,,,,28.570000,,0.000000,,,,2.360000,30.930000,0.000000,0.000000,0.000000,0.000000,0.000000,0.000000,0.000000,0.000000,0.000000,2.360000,0.000000,0.000000,8.250000,0.000000,"[{""max_quantity_threshold"": 0, ""min_quantity_threshold"": 0, ""fiscal_rate"": ""2"", ""uuid"": ""7a43f9b2-20ef-4976-9b8d-d5ea3c5e4736"", ""name"": ""Sales Tax"", ""max_threshold"": ""0.0000"", ""min_threshold"": ""0.0000"", ""rounding_type"": 0, ""on_full_price"": true, ""order"": ""/resources/Order/14981241/"", ""is_prevailing"": true, ""tax_rate"": ""8.2500"", ""tax_table"": null, ""id"": 15025276, ""local_tax_id"": 590, ""tax_type"": 0, ""dining_options"": null, ""resource_uri"": ""/resources/AppliedTaxOrder/15025276/""}]",[],"[""/resources/OrderHistory/8963711/""]","""{\""service_fees\"":[],\""discounts\"":[]}""",,,,,{},,"""""","{""status"": 2, ""was_shown"": false}",,,14981241,true,false,false,false,false,Q,,,,0,true,true,false,0,,,true,false,4,114827,,0,d85b7a53ff713dc7ec3105910eb42fa2,false,false,false,false,,1,2,[2],"[{""id"": 8705593, ""payment_type"": 2, ""other_payment_type"": null, ""amount"": ""30.930000"", ""tip"": ""0.000000"", ""gratuity"": ""0.000000"", ""refunded"": false, ""refund_transaction_id"": null, ""transaction_status"": ""Captured"", ""transaction_id"": ""01Z6NTVH7B00P812O7OGOICVKVA9QF0M"", ""card_type"": 3, ""payment_date"": ""2026-06-15T00:28:11"", ""created_date"": ""2026-06-14T18:47:30"", ""station"": ""/resources/PosStation/1151/"", ""online"": false}]",false,false,11,false
14983721,aefeeabf-0aea-4748-a26e-f2f496f840b5,26,LCF Nederland,2026-06-14T20:25:18,2026-06-14 20:25:18-05:00,2026-06-15T00:28:28,2026-06-15 00:28:28-05:00,4,Drive Through,/enterprise/User/52540/,52540,/enterprise/User/52540/,52540,,,,35.560000,,0.000000,,,,2.930000,38.490000,0.000000,0.000000,0.000000,0.000000,0.000000,0.000000,0.000000,0.000000,0.000000,2.930000,0.000000,0.000000,8.250000,0.000000,"[{""max_quantity_threshold"": 0, ""min_quantity_threshold"": 0, ""fiscal_rate"": ""2"", ""uuid"": ""90bf2cf3-fb5d-4879-b7fc-fc979e2a5152"", ""name"": ""Sales Tax"", ""max_threshold"": ""0.0000"", ""min_threshold"": ""0.0000"", ""rounding_type"": 0, ""on_full_price"": true, ""order"": ""/resources/Order/14983721/"", ""is_prevailing"": true, ""tax_rate"": ""8.2500"", ""tax_table"": null, ""id"": 15027746, ""local_tax_id"": 590, ""tax_type"": 0, ""dining_options"": null, ""resource_uri"": ""/resources/AppliedTaxOrder/15027746/""}]",[],"[""/resources/OrderHistory/8965551/""]","""{\""service_fees\"":[],\""discounts\"":[]}""",,,,,{},,"""{\""orderConfirmationId\"":null,\""shouldPrintForgotVisitCodeOnReceipt\"":null,\""orderSubtotalWithoutServiceFee\"":null,\""forgotVisitCodeData\"":null,\""appliedPaymentReward\"":null,\""orderTotal\"":null,\""appliedRewards\"":null,\""receiptText\"":null,\""orderVoided\"":true}""","{""status"": 2, ""was_shown"": false}",,,14983721,true,false,false,false,false,Q,,,,0,true,true,false,0,,,true,false,3,114853,,0,a7f9b11b23382b47738ed19bad2f14fd,false,false,false,false,,1,2,[2],"[{""id"": 8707274, ""payment_type"": 2, ""other_payment_type"": null, ""amount"": ""38.490000"", ""tip"": ""0.000000"", ""gratuity"": ""0.000000"", ""refunded"": false, ""refund_transaction_id"": null, ""transaction_status"": ""Captured"", ""transaction_id"": ""01Z6NTVH7S00P812O7OHIJH5UNQ6OG8C"", ""card_type"": 3, ""payment_date"": ""2026-06-15T00:28:28"", ""created_date"": ""2026-06-14T20:29:05"", ""station"": ""/resources/PosStation/1151/"", ""online"": false}]",false,false,17,false
14987650,dab726d8-6aee-4036-9dbd-66938b4ba98b,26,LCF Nederland,2026-06-15T09:39:42,2026-06-15 09:39:42-05:00,2026-06-15T09:39:42,2026-06-15 09:39:42-05:00,4,Drive Through,/enterprise/User/38670/,38670,/enterprise/User/38670/,38670,,,,0.000000,,0.000000,,,,0.000000,0.000000,0.000000,0.000000,0.000000,0.000000,0.000000,,0.000000,0.000000,0.000000,0.000000,0.000000,0.000000,8.250000,0.000000,"[{""max_quantity_threshold"": 0, ""min_quantity_threshold"": 0, ""fiscal_rate"": ""2"", ""uuid"": ""5ba5fc4a-ca46-4236-95e3-1c54a7985c27"", ""name"": ""Sales Tax"", ""max_threshold"": ""0.0000"", ""min_threshold"": ""0.0000"", ""rounding_type"": 0, ""on_full_price"": true, ""order"": ""/resources/Order/14987650/"", ""is_prevailing"": true, ""tax_rate"": ""8.2500"", ""tax_table"": null, ""id"": 15031605, ""local_tax_id"": 590, ""tax_type"": 0, ""dining_options"": null, ""resource_uri"": ""/resources/AppliedTaxOrder/15031605/""}]",[],[],"""{\""service_fees\"":[],\""discounts\"":[]}""",,,,,,,"""""","{""status"": 0, ""was_shown"": false}",,,,false,false,true,false,false,Q,,,,0,false,false,false,0,,,true,false,,,,0,,false,false,false,false,,0,,,,false,false,0,false
14991684,4a904055-47c5-4e6e-8f15-a88f15985add,26,LCF Nederland,2026-06-15T12:24:00,2026-06-15 12:24:00-05:00,2026-06-16T00:13:14,2026-06-16 00:13:14-05:00,4,Drive Through,/enterprise/User/38670/,38670,/enterprise/User/52540/,52540,,,,13.990000,,0.000000,,,,1.150000,15.140000,0.000000,0.000000,0.000000,0.000000,0.000000,0.000000,0.000000,0.000000,0.000000,1.150000,0.000000,0.000000,8.250000,0.000000,"[{""max_quantity_threshold"": 0, ""min_quantity_threshold"": 0, ""fiscal_rate"": ""2"", ""uuid"": ""6f429f2e-af40-436c-9ea9-7313c6831ef1"", ""name"": ""Sales Tax"", ""max_threshold"": ""0.0000"", ""min_threshold"": ""0.0000"", ""rounding_type"": 0, ""on_full_price"": true, ""order"": ""/resources/Order/14991684/"", ""is_prevailing"": true, ""tax_rate"": ""8.2500"", ""tax_table"": null, ""id"": 15035718, ""local_tax_id"": 590, ""tax_type"": 0, ""dining_options"": null, ""resource_uri"": ""/resources/AppliedTaxOrder/15035718/""}]",[],"[""/resources/OrderHistory/8970224/""]","""{\""service_fees\"":[],\""discounts\"":[]}""",,,,,{},,"""""","{""status"": 2, ""was_shown"": false}",,,14991684,true,false,false,false,false,Q,,,,0,true,true,false,0,,,true,false,4,114905,,0,4344e15841244044a45abafde041b3d2,false,false,false,false,,1,2,[2],"[{""id"": 8712011, ""payment_type"": 2, ""other_payment_type"": null, ""amount"": ""15.140000"", ""tip"": ""0.000000"", ""gratuity"": ""0.000000"", ""refunded"": false, ""refund_transaction_id"": null, ""transaction_status"": ""Captured"", ""transaction_id"": ""01Z6NU24N900P812OIN9C1O3ER9N6S3O"", ""card_type"": 0, ""payment_date"": ""2026-06-16T00:13:14"", ""created_date"": ""2026-06-15T12:27:57"", ""station"": ""/resources/PosStation/1151/"", ""online"": false}]",false,false,5,false
14995567,2ea713ae-d0c4-4b69-b975-ac7aaf2b4f90,26,LCF Nederland,2026-06-15T14:15:27,2026-06-15 14:15:27-05:00,2026-06-15T15:20:37,2026-06-15 15:20:37-05:00,100,DD Marketplace,/enterprise/User/35616/,35616,/enterprise/User/35616/,35616,/enterprise/User/35616/,35616,13922,16.210000,0.180000,0.180000,0.180000,,,1.320000,17.350000,0.000000,0.000000,0.000000,0.000000,0.000000,0.000000,0.000000,0.000000,0.000000,1.320000,0.000000,0.000000,8.250000,0.000000,"[{""max_quantity_threshold"": 0, ""min_quantity_threshold"": 0, ""fiscal_rate"": ""2"", ""uuid"": ""7e139393-d812-40a7-8991-a87308b9ab6c"", ""name"": ""Sales Tax"", ""max_threshold"": ""0.0000"", ""min_threshold"": ""0.0000"", ""rounding_type"": 0, ""on_full_price"": true, ""order"": ""/resources/Order/14995567/"", ""is_prevailing"": true, ""tax_rate"": ""8.2500"", ""tax_table"": null, ""id"": 15039632, ""local_tax_id"": 590, ""tax_type"": 0, ""dining_options"": null, ""resource_uri"": ""/resources/AppliedTaxOrder/15039632/""}]","[{""rule_type"": 0, ""discounted_by"": null, ""name"": ""DSP Open Discount"", ""rule_amount"": ""0.180000"", ""discount_amount"": ""0.180000"", ""tax_amount_included"": ""0.000000"", ""discount_function"": 0, ""qty"": 0, ""discount"": ""/resources/Discount/7310/"", ""taxed"": true, ""id"": 536090, ""stackable_type"": 0, ""resource_uri"": ""/resources/AppliedDiscountOrder/536090/"", ""order"": ""/resources/Order/14995567/"", ""discount_code"": """", ""uuid"": ""05fd3520-643f-4f22-89b7-cb80c54f9096""}]","[""/resources/OrderHistory/8972590/""]","""{\""service_fees\"":[],\""discounts\"":[]}""",,,,,{},,"""null""",,,,fbf8304c,true,false,false,true,true,Q,DSP Open Discount,,0,0,true,true,false,0,,,true,false,6,114926,,0,d86e0a657d4527969d6b3fd10278cff1,false,false,false,false,,1,209,[209],"[{""id"": 8714202, ""payment_type"": 209, ""other_payment_type"": null, ""amount"": ""17.350000"", ""tip"": ""0.000000"", ""gratuity"": ""0.000000"", ""refunded"": false, ""refund_transaction_id"": null, ""transaction_status"": null, ""transaction_id"": ""a7acc9be-91f9-4e30-b699-2ade5719d120"", ""card_type"": null, ""payment_date"": ""2026-06-15T14:15:27"", ""created_date"": ""2026-06-15T14:15:27"", ""station"": ""/resources/PosStation/1150/"", ""online"": true}]",false,false,2,false
14997578,03b1b69b-0eba-40ce-8b5a-d284f8323db8,26,LCF Nederland,2026-06-15T15:36:08,2026-06-15 15:36:08-05:00,2026-06-15T15:37:09,2026-06-15 15:37:09-05:00,1,Eat In,/enterprise/User/38670/,38670,/enterprise/User/38670/,38670,/enterprise/User/38670/,38670,,9.790000,9.790000,9.790000,100.000000,,,0.000000,0.000000,0.000000,0.000000,0.000000,0.000000,0.000000,,0.000000,0.000000,0.000000,0.000000,0.000000,0.000000,8.250000,0.000000,"[{""max_quantity_threshold"": 0, ""min_quantity_threshold"": 0, ""fiscal_rate"": ""2"", ""uuid"": ""8beed948-a183-4961-b336-7c707877bfd4"", ""name"": ""Sales Tax"", ""max_threshold"": ""0.0000"", ""min_threshold"": ""0.0000"", ""rounding_type"": 0, ""on_full_price"": true, ""order"": ""/resources/Order/14997578/"", ""is_prevailing"": true, ""tax_rate"": ""8.2500"", ""tax_table"": null, ""id"": 15041645, ""local_tax_id"": 590, ""tax_type"": 0, ""dining_options"": null, ""resource_uri"": ""/resources/AppliedTaxOrder/15041645/""}]","[{""rule_type"": 1, ""discounted_by"": null, ""name"": ""Manager 100%"", ""rule_amount"": ""100.000000"", ""discount_amount"": ""9.790000"", ""tax_amount_included"": ""0.000000"", ""discount_function"": 0, ""qty"": 0, ""discount"": ""/resources/Discount/3328/"", ""taxed"": true, ""id"": 536123, ""stackable_type"": 0, ""resource_uri"": ""/resources/AppliedDiscountOrder/536123/"", ""order"": ""/resources/Order/14997578/"", ""discount_code"": """", ""uuid"": ""e01d5f1d-e778-492f-b8b9-700c00557861""}]","[""/resources/OrderHistory/8973770/""]","""{\""service_fees\"":[],\""discounts\"":[]}""",,,,,{},,"""""",,,,14997578,true,false,false,true,false,Q,Manager 100%,,1,0,true,true,false,0,,,true,false,1,114944,,0,b881be556722704526eae0eafb042faa,false,false,false,false,,0,,,,false,false,5,false
14999713,666444ff-eb55-4ae8-b140-1895de53c68d,26,LCF Nederland,2026-06-15T17:30:03,2026-06-15 17:30:03-05:00,2026-06-16T00:13:30,2026-06-16 00:13:30-05:00,4,Drive Through,/enterprise/User/38670/,38670,/enterprise/User/52540/,52540,,,,13.890000,,0.000000,,,,1.150000,15.040000,0.000000,0.000000,0.000000,0.000000,0.000000,0.000000,0.000000,0.000000,0.000000,1.150000,0.000000,0.000000,8.250000,0.000000,"[{""max_quantity_threshold"": 0, ""min_quantity_threshold"": 0, ""fiscal_rate"": ""2"", ""uuid"": ""cc00590f-14bc-4a3a-b80b-8ca53dd23342"", ""name"": ""Sales Tax"", ""max_threshold"": ""0.0000"", ""min_threshold"": ""0.0000"", ""rounding_type"": 0, ""on_full_price"": true, ""order"": ""/resources/Order/14999713/"", ""is_prevailing"": true, ""tax_rate"": ""8.2500"", ""tax_table"": null, ""id"": 15043801, ""local_tax_id"": 590, ""tax_type"": 0, ""dining_options"": null, ""resource_uri"": ""/resources/AppliedTaxOrder/15043801/""}]",[],"[""/resources/OrderHistory/8975375/""]","""{\""service_fees\"":[],\""discounts\"":[]}""",,,,,{},,"""""","{""status"": 2, ""was_shown"": false}",,,14999713,true,false,false,false,false,Q,,,,0,true,true,false,0,,,true,false,3,114967,,0,cb11538d60cffbeb0a73888585a8fec1,false,false,false,false,,1,2,[2],"[{""id"": 8716908, ""payment_type"": 2, ""other_payment_type"": null, ""amount"": ""15.040000"", ""tip"": ""0.000000"", ""gratuity"": ""0.000000"", ""refunded"": false, ""refund_transaction_id"": null, ""transaction_status"": ""Captured"", ""transaction_id"": ""01Z6NU24NQ00P812OINA2B61TT9Q12C1"", ""card_type"": 3, ""payment_date"": ""2026-06-16T00:13:30"", ""created_date"": ""2026-06-15T17:31:58"", ""station"": ""/resources/PosStation/1151/"", ""online"": false}]",false,false,5,false
15004804,1faa1284-1be6-4645-988f-e3c273339cbc,26,LCF Nederland,2026-06-15T20:18:32,2026-06-15 20:18:32-05:00,2026-06-15T20:20:45,2026-06-15 20:20:45-05:00,4,Drive Through,/enterprise/User/52540/,52540,/enterprise/User/52540/,52540,,,,10.300000,,0.000000,,,,0.850000,11.150000,0.000000,0.000000,0.000000,0.000000,0.000000,0.000000,0.000000,0.000000,0.000000,0.850000,0.000000,0.000000,8.250000,0.000000,"[{""max_quantity_threshold"": 0, ""min_quantity_threshold"": 0, ""fiscal_rate"": ""2"", ""uuid"": ""0ebcd277-9c35-49cf-ba21-95af29ee9440"", ""name"": ""Sales Tax"", ""max_threshold"": ""0.0000"", ""min_threshold"": ""0.0000"", ""rounding_type"": 0, ""on_full_price"": true, ""order"": ""/resources/Order/15004804/"", ""is_prevailing"": true, ""tax_rate"": ""8.2500"", ""tax_table"": null, ""id"": 15048877, ""local_tax_id"": 590, ""tax_type"": 0, ""dining_options"": null, ""resource_uri"": ""/resources/AppliedTaxOrder/15048877/""}]",[],"[""/resources/OrderHistory/8978143/""]","""{\""service_fees\"":[],\""discounts\"":[]}""",,,,,{},,"""""","{""status"": 2, ""was_shown"": false}",,,15004804,true,false,false,false,false,Q,,,,0,true,true,false,0,,,true,false,2,114992,,0,3d556a36bbabaa1e865c31edd5c8ccc2,false,false,false,false,,1,1,[1],"[{""id"": 8719566, ""payment_type"": 1, ""other_payment_type"": null, ""amount"": ""11.150000"", ""tip"": ""0.000000"", ""gratuity"": ""0.000000"", ""refunded"": false, ""refund_transaction_id"": null, ""transaction_status"": null, ""transaction_id"": ""1781572772"", ""card_type"": null, ""payment_date"": ""2026-06-15T20:19:31"", ""created_date"": ""2026-06-15T20:19:31"", ""station"": ""/resources/PosStation/1151/"", ""online"": false}]",false,false,5,false
15008221,4beca050-d1ae-4979-9eda-006453ba0341,26,LCF Nederland,2026-06-15T23:42:47,2026-06-15 23:42:47-05:00,2026-06-15T23:42:47,2026-06-15 23:42:47-05:00,4,Drive Through,/enterprise/User/52540/,52540,/enterprise/User/52540/,52540,,,,0.000000,,0.000000,,,,0.000000,0.000000,0.000000,0.000000,0.000000,0.000000,0.000000,,0.000000,0.000000,0.000000,0.000000,0.000000,0.000000,8.250000,0.000000,"[{""max_quantity_threshold"": 0, ""min_quantity_threshold"": 0, ""fiscal_rate"": ""2"", ""uuid"": ""d98d4c9e-c662-4d07-b186-68149dbc065c"", ""name"": ""Sales Tax"", ""max_threshold"": ""0.0000"", ""min_threshold"": ""0.0000"", ""rounding_type"": 0, ""on_full_price"": true, ""order"": ""/resources/Order/15008221/"", ""is_prevailing"": true, ""tax_rate"": ""8.2500"", ""tax_table"": null, ""id"": 15052228, ""local_tax_id"": 590, ""tax_type"": 0, ""dining_options"": null, ""resource_uri"": ""/resources/AppliedTaxOrder/15052228/""}]",[],[],"""{\""service_fees\"":[],\""discounts\"":[]}""",,,,,,,"""""","{""status"": 0, ""was_shown"": false}",,,,false,false,true,false,false,Q,,,,0,false,false,false,0,,,true,false,,,,0,,false,false,false,false,,0,,,,false,false,0,false
15011159,235e6521-784d-4c3e-a640-694fcd6016e8,26,LCF Nederland,2026-06-16T11:49:42,2026-06-16 11:49:42-05:00,2026-06-17T01:09:54,2026-06-17 01:09:54-05:00,4,Drive Through,/enterprise/User/38670/,38670,/enterprise/User/38670/,38670,,,,27.980000,,0.000000,,,,2.310000,30.290000,0.000000,0.000000,0.000000,0.000000,0.000000,0.000000,0.000000,0.000000,0.000000,2.310000,0.000000,0.000000,8.250000,0.000000,"[{""max_quantity_threshold"": 0, ""min_quantity_threshold"": 0, ""fiscal_rate"": ""2"", ""uuid"": ""4c3202a8-6d35-45ee-924b-a5dea0fd80d7"", ""name"": ""Sales Tax"", ""max_threshold"": ""0.0000"", ""min_threshold"": ""0.0000"", ""rounding_type"": 0, ""on_full_price"": true, ""order"": ""/resources/Order/15011159/"", ""is_prevailing"": true, ""tax_rate"": ""8.2500"", ""tax_table"": null, ""id"": 15055186, ""local_tax_id"": 590, ""tax_type"": 0, ""dining_options"": null, ""resource_uri"": ""/resources/AppliedTaxOrder/15055186/""}]",[],"[""/resources/OrderHistory/8981690/""]","""{\""service_fees\"":[],\""discounts\"":[]}""",,,,,{},,"""""","{""status"": 2, ""was_shown"": false}",,,15011159,true,false,false,false,false,Q,,,,0,true,true,false,0,,,true,false,3,115044,,0,ae0eed2afbea18e1a7d44d0a45916966,false,false,false,false,,1,2,[2],"[{""id"": 8723337, ""payment_type"": 2, ""other_payment_type"": null, ""amount"": ""30.290000"", ""tip"": ""0.000000"", ""gratuity"": ""0.000000"", ""refunded"": false, ""refund_transaction_id"": null, ""transaction_status"": ""Captured"", ""transaction_id"": ""01Z6NU4SDH00P812OTO11U5H49JR5KN4"", ""card_type"": 3, ""payment_date"": ""2026-06-17T01:09:54"", ""created_date"": ""2026-06-16T11:55:40"", ""station"": ""/resources/PosStation/1151/"", ""online"": false}]",false,false,10,false
15015107,4a18cffb-2bf9-4b4b-880b-54c1aac9b6d1,26,LCF Nederland,2026-06-16T13:19:53,2026-06-16 13:19:53-05:00,2026-06-16T13:19:53,2026-06-16 13:19:53-05:00,4,Drive Through,/enterprise/User/38670/,38670,/enterprise/User/38670/,38670,,,,0.000000,,0.000000,,,,0.000000,0.000000,0.000000,0.000000,0.000000,0.000000,0.000000,,0.000000,0.000000,0.000000,0.000000,0.000000,0.000000,8.250000,0.000000,"[{""max_quantity_threshold"": 0, ""min_quantity_threshold"": 0, ""fiscal_rate"": ""2"", ""uuid"": ""ad2bf228-4d54-4ff1-91b3-d2d00b02e4db"", ""name"": ""Sales Tax"", ""max_threshold"": ""0.0000"", ""min_threshold"": ""0.0000"", ""rounding_type"": 0, ""on_full_price"": true, ""order"": ""/resources/Order/15015107/"", ""is_prevailing"": true, ""tax_rate"": ""8.2500"", ""tax_table"": null, ""id"": 15059144, ""local_tax_id"": 590, ""tax_type"": 0, ""dining_options"": null, ""resource_uri"": ""/resources/AppliedTaxOrder/15059144/""}]",[],[],"""{\""service_fees\"":[],\""discounts\"":[]}""",,,,,,,"""""","{""status"": 0, ""was_shown"": false}",,,,false,false,true,false,false,Q,,,,0,false,false,false,0,,,true,false,,,,0,,false,false,false,false,,0,,,,false,false,0,false
15018008,5a629f41-d308-43a9-b4ed-5fab04d4d17f,26,LCF Nederland,2026-06-16T15:04:38,2026-06-16 15:04:38-05:00,2026-06-16T15:04:38,2026-06-16 15:04:38-05:00,4,Drive Through,/enterprise/User/38670/,38670,/enterprise/User/38670/,38670,,,,0.000000,,0.000000,,,,0.000000,0.000000,0.000000,0.000000,0.000000,0.000000,0.000000,,0.000000,0.000000,0.000000,0.000000,0.000000,0.000000,8.250000,0.000000,"[{""max_quantity_threshold"": 0, ""min_quantity_threshold"": 0, ""fiscal_rate"": ""2"", ""uuid"": ""41d6d09c-376b-4916-b3f5-154e748c3a10"", ""name"": ""Sales Tax"", ""max_threshold"": ""0.0000"", ""min_threshold"": ""0.0000"", ""rounding_type"": 0, ""on_full_price"": true, ""order"": ""/resources/Order/15018008/"", ""is_prevailing"": true, ""tax_rate"": ""8.2500"", ""tax_table"": null, ""id"": 15062079, ""local_tax_id"": 590, ""tax_type"": 0, ""dining_options"": null, ""resource_uri"": ""/resources/AppliedTaxOrder/15062079/""}]",[],[],"""{\""service_fees\"":[],\""discounts\"":[]}""",,,,,,,"""""","{""status"": 0, ""was_shown"": false}",,,,false,false,true,false,false,Q,,,,0,false,false,false,0,,,true,false,,,,0,,false,false,false,false,,0,,,,false,false,0,false
15021549,7ed7a5ab-f8e9-4302-99eb-0b82c4b3c631,26,LCF Nederland,2026-06-16T17:33:44,2026-06-16 17:33:44-05:00,2026-06-17T01:10:11,2026-06-17 01:10:11-05:00,4,Drive Through,/enterprise/User/38670/,38670,/enterprise/User/38670/,38670,,,,23.580000,,0.000000,,,,1.950000,25.530000,0.000000,0.000000,0.000000,0.000000,0.000000,0.000000,0.000000,0.000000,0.000000,1.950000,0.000000,0.000000,8.250000,0.000000,"[{""max_quantity_threshold"": 0, ""min_quantity_threshold"": 0, ""fiscal_rate"": ""2"", ""uuid"": ""d0fc6c91-60b3-4942-9bcc-b371b34fdeb7"", ""name"": ""Sales Tax"", ""max_threshold"": ""0.0000"", ""min_threshold"": ""0.0000"", ""rounding_type"": 0, ""on_full_price"": true, ""order"": ""/resources/Order/15021549/"", ""is_prevailing"": true, ""tax_rate"": ""8.2500"", ""tax_table"": null, ""id"": 15065641, ""local_tax_id"": 590, ""tax_type"": 0, ""dining_options"": null, ""resource_uri"": ""/resources/AppliedTaxOrder/15065641/""}]",[],"[""/resources/OrderHistory/8988021/""]","""{\""service_fees\"":[],\""discounts\"":[]}""",,,,,{},,"""""","{""status"": 2, ""was_shown"": false}",,,15021549,true,false,false,false,false,Q,,,,0,true,true,false,0,,,true,false,3,115121,,0,12a3db4b6b42d0ba88f7bd3bf7246463,false,false,false,false,,1,2,[2],"[{""id"": 8729430, ""payment_type"": 2, ""other_payment_type"": null, ""amount"": ""25.530000"", ""tip"": ""0.000000"", ""gratuity"": ""0.000000"", ""refunded"": false, ""refund_transaction_id"": null, ""transaction_status"": ""Captured"", ""transaction_id"": ""01Z6NU4SE300P812OTO1SD86VPPAKCTQ"", ""card_type"": 3, ""payment_date"": ""2026-06-17T01:10:11"", ""created_date"": ""2026-06-16T17:35:31"", ""station"": ""/resources/PosStation/1151/"", ""online"": false}]",false,false,10,false
15025459,8d19abbb-c496-47ca-b2d3-377de2f2b7f6,26,LCF Nederland,2026-06-16T19:39:49,2026-06-16 19:39:49-05:00,2026-06-16T19:39:49,2026-06-16 19:39:49-05:00,4,Drive Through,/enterprise/User/75716/,75716,/enterprise/User/75716/,75716,,,,0.000000,,0.000000,,,,0.000000,0.000000,0.000000,0.000000,0.000000,0.000000,0.000000,,0.000000,0.000000,0.000000,0.000000,0.000000,0.000000,8.250000,0.000000,"[{""max_quantity_threshold"": 0, ""min_quantity_threshold"": 0, ""fiscal_rate"": ""2"", ""uuid"": ""c2c8af88-acdb-436f-8a13-f516970ac2b7"", ""name"": ""Sales Tax"", ""max_threshold"": ""0.0000"", ""min_threshold"": ""0.0000"", ""rounding_type"": 0, ""on_full_price"": true, ""order"": ""/resources/Order/15025459/"", ""is_prevailing"": true, ""tax_rate"": ""8.2500"", ""tax_table"": null, ""id"": 15069525, ""local_tax_id"": 590, ""tax_type"": 0, ""dining_options"": null, ""resource_uri"": ""/resources/AppliedTaxOrder/15069525/""}]",[],[],"""{\""service_fees\"":[],\""discounts\"":[]}""",,,,,,,"""""","{""status"": 0, ""was_shown"": false}",,,,false,false,true,false,false,Q,,,,0,false,false,false,0,,,true,false,,,,0,,false,false,false,false,,0,,,,false,false,0,false
15029452,34355db5-40d1-49f9-b285-cff9495464e1,26,LCF Nederland,2026-06-16T22:42:09,2026-06-16 22:42:09-05:00,2026-06-17T01:10:24,2026-06-17 01:10:24-05:00,4,Drive Through,/enterprise/User/75716/,75716,/enterprise/User/38670/,38670,,,,4.990000,,0.000000,,,,0.410000,5.400000,0.000000,0.000000,0.000000,0.000000,0.000000,0.000000,0.000000,0.000000,0.000000,0.410000,0.000000,0.000000,8.250000,0.000000,"[{""max_quantity_threshold"": 0, ""min_quantity_threshold"": 0, ""fiscal_rate"": ""2"", ""uuid"": ""ebb02cd7-0ba1-4a4f-8b3b-728a6d95f8ba"", ""name"": ""Sales Tax"", ""max_threshold"": ""0.0000"", ""min_threshold"": ""0.0000"", ""rounding_type"": 0, ""on_full_price"": true, ""order"": ""/resources/Order/15029452/"", ""is_prevailing"": true, ""tax_rate"": ""8.2500"", ""tax_table"": null, ""id"": 15073503, ""local_tax_id"": 590, ""tax_type"": 0, ""dining_options"": null, ""resource_uri"": ""/resources/AppliedTaxOrder/15073503/""}]",[],"[""/resources/OrderHistory/8992757/""]","""{\""service_fees\"":[],\""discounts\"":[]}""",,,,,{},,"""""","{""status"": 2, ""was_shown"": false}",,,15029452,true,false,false,false,false,Q,,,,0,true,true,false,0,,,true,false,3,115175,,0,f6cf95faedf20f6191e1d63877e966c2,false,false,false,false,,1,2,[2],"[{""id"": 8734080, ""payment_type"": 2, ""other_payment_type"": null, ""amount"": ""5.400000"", ""tip"": ""0.000000"", ""gratuity"": ""0.000000"", ""refunded"": false, ""refund_transaction_id"": null, ""transaction_status"": ""Captured"", ""transaction_id"": ""01Z6NU4SEF00P812OTO2FEAF90F0ST25"", ""card_type"": 3, ""payment_date"": ""2026-06-17T01:10:24"", ""created_date"": ""2026-06-16T22:44:49"", ""station"": ""/resources/PosStation/1151/"", ""online"": false}]",false,false,1,false
15032502,9b08a0be-1b18-4e2f-8946-8edba7f2a6f0,26,LCF Nederland,2026-06-17T11:21:15,2026-06-17 11:21:15-05:00,2026-06-17T11:23:29,2026-06-17 11:23:29-05:00,100,DD Marketplace,/enterprise/User/1/,1,/enterprise/User/1/,1,,,13922,13.370000,,0.000000,,,,1.100000,14.470000,0.000000,0.000000,0.000000,0.000000,0.000000,0.000000,0.000000,0.000000,0.000000,1.100000,0.000000,0.000000,8.250000,0.000000,"[{""max_quantity_threshold"": 0, ""min_quantity_threshold"": 0, ""fiscal_rate"": ""2"", ""uuid"": ""599e11aa-5fe5-49ff-ae9a-144bead662d1"", ""name"": ""Sales Tax"", ""max_threshold"": ""0.0000"", ""min_threshold"": ""0.0000"", ""rounding_type"": 0, ""on_full_price"": true, ""order"": ""/resources/Order/15032502/"", ""is_prevailing"": true, ""tax_rate"": ""8.2500"", ""tax_table"": null, ""id"": 15076532, ""local_tax_id"": 590, ""tax_type"": 0, ""dining_options"": null, ""resource_uri"": ""/resources/AppliedTaxOrder/15076532/""}]",[],"[""/resources/OrderHistory/8994423/""]","""{\""service_fees\"":[],\""discounts\"":[]}""",,,,,{},,"""null""",,,,f2712d4f,true,false,false,false,true,Q,,,,0,true,true,false,0,,,true,false,6,115188,,0,932a22f18bd692b737b765dc5fb3387f,false,false,true,false,,1,209,[209],"[{""id"": 8735688, ""payment_type"": 209, ""other_payment_type"": null, ""amount"": ""14.470000"", ""tip"": ""0.000000"", ""gratuity"": ""0.000000"", ""refunded"": false, ""refund_transaction_id"": null, ""transaction_status"": null, ""transaction_id"": ""ac3f01ff-4841-4395-ba1f-f51c3693e8ee"", ""card_type"": null, ""payment_date"": ""2026-06-17T11:21:15"", ""created_date"": ""2026-06-17T11:21:15"", ""station"": ""/resources/PosStation/1150/"", ""online"": true}]",false,false,1,false
15036807,fc12b521-092b-49b1-9bd4-37d166fa126c,26,LCF Nederland,2026-06-17T12:58:22,2026-06-17 12:58:22-05:00,2026-06-18T00:30:59,2026-06-18 00:30:59-05:00,1,Eat In,/enterprise/User/80870/,80870,/enterprise/User/52540/,52540,,,,9.790000,,0.000000,,,,0.810000,10.600000,0.000000,0.000000,0.000000,0.000000,0.000000,0.000000,0.000000,0.000000,0.000000,0.810000,0.000000,0.000000,8.250000,0.000000,"[{""max_quantity_threshold"": 0, ""min_quantity_threshold"": 0, ""fiscal_rate"": ""2"", ""uuid"": ""87368b04-a313-4e28-9e64-df674e009eb7"", ""name"": ""Sales Tax"", ""max_threshold"": ""0.0000"", ""min_threshold"": ""0.0000"", ""rounding_type"": 0, ""on_full_price"": true, ""order"": ""/resources/Order/15036807/"", ""is_prevailing"": true, ""tax_rate"": ""8.2500"", ""tax_table"": null, ""id"": 15080867, ""local_tax_id"": 590, ""tax_type"": 0, ""dining_options"": null, ""resource_uri"": ""/resources/AppliedTaxOrder/15080867/""}]",[],"[""/resources/OrderHistory/8997301/""]","""{\""service_fees\"":[],\""discounts\"":[]}""",,,,,{},,"""""",,,,15036807,true,false,false,false,false,Q,,,,0,true,true,false,0,,,true,false,2,115216,,0,e23c80bc714f53b10aad427b7bdefbe9,false,false,false,false,,1,2,[2],"[{""id"": 8738485, ""payment_type"": 2, ""other_payment_type"": null, ""amount"": ""10.600000"", ""tip"": ""0.000000"", ""gratuity"": ""0.000000"", ""refunded"": false, ""refund_transaction_id"": null, ""transaction_status"": ""Captured"", ""transaction_id"": ""01Z6NU7EGJ00P812P8VMQSS0BPJ0G32G"", ""card_type"": 3, ""payment_date"": ""2026-06-18T00:30:59"", ""created_date"": ""2026-06-17T12:58:43"", ""station"": ""/resources/PosStation/1157/"", ""online"": false}]",false,false,5,false
15040175,26a84b17-e12a-42f1-b1bb-5589f3342620,26,LCF Nederland,2026-06-17T14:38:26,2026-06-17 14:38:26-05:00,2026-06-18T00:31:03,2026-06-18 00:31:03-05:00,0,To Go,/enterprise/User/35616/,35616,/enterprise/User/52540/,52540,,,,2.690000,,0.000000,,,,0.220000,2.910000,0.000000,0.000000,0.000000,0.000000,0.000000,0.000000,0.000000,0.000000,0.000000,0.220000,0.000000,0.000000,8.250000,0.000000,"[{""max_quantity_threshold"": 0, ""min_quantity_threshold"": 0, ""fiscal_rate"": ""2"", ""uuid"": ""8c16fffa-d1ac-488f-8bcc-8c7105f078c8"", ""name"": ""Sales Tax"", ""max_threshold"": ""0.0000"", ""min_threshold"": ""0.0000"", ""rounding_type"": 0, ""on_full_price"": true, ""order"": ""/resources/Order/15040175/"", ""is_prevailing"": true, ""tax_rate"": ""8.2500"", ""tax_table"": null, ""id"": 15084256, ""local_tax_id"": 590, ""tax_type"": 0, ""dining_options"": null, ""resource_uri"": ""/resources/AppliedTaxOrder/15084256/""}]",[],"[""/resources/OrderHistory/8999266/""]","""{\""service_fees\"":[],\""discounts\"":[]}""",,,,,{},,"""""",,,,15040175,true,false,false,false,false,Q,,,,0,true,true,false,0,,,true,false,2,115236,,0,996818182b750bddeef62a390a1c3fcf,false,false,false,false,,1,2,[2],"[{""id"": 8740386, ""payment_type"": 2, ""other_payment_type"": null, ""amount"": ""2.910000"", ""tip"": ""0.000000"", ""gratuity"": ""0.000000"", ""refunded"": false, ""refund_transaction_id"": null, ""transaction_status"": ""Captured"", ""transaction_id"": ""01Z6NU7EGN00P812P8VN22JE6AQ4FAFU"", ""card_type"": 3, ""payment_date"": ""2026-06-18T00:31:03"", ""created_date"": ""2026-06-17T14:38:58"", ""station"": ""/resources/PosStation/1157/"", ""online"": false}]",false,false,1,false
15043414,7e595abf-ccbe-4e5c-8641-a0810db95891,26,LCF Nederland,2026-06-17T16:45:31,2026-06-17 16:45:31-05:00,2026-06-17T16:45:31,2026-06-17 16:45:31-05:00,4,Drive Through,/enterprise/User/35616/,35616,/enterprise/User/35616/,35616,,,,0.000000,,0.000000,,,,0.000000,0.000000,0.000000,0.000000,0.000000,0.000000,0.000000,,0.000000,0.000000,0.000000,0.000000,0.000000,0.000000,8.250000,0.000000,"[{""max_quantity_threshold"": 0, ""min_quantity_threshold"": 0, ""fiscal_rate"": ""2"", ""uuid"": ""abad05ee-fe3f-459e-a267-7c0a65b1b58b"", ""name"": ""Sales Tax"", ""max_threshold"": ""0.0000"", ""min_threshold"": ""0.0000"", ""rounding_type"": 0, ""on_full_price"": true, ""order"": ""/resources/Order/15043414/"", ""is_prevailing"": true, ""tax_rate"": ""8.2500"", ""tax_table"": null, ""id"": 15087536, ""local_tax_id"": 590, ""tax_type"": 0, ""dining_options"": null, ""resource_uri"": ""/resources/AppliedTaxOrder/15087536/""}]",[],[],"""{\""service_fees\"":[],\""discounts\"":[]}""",,,,,,,"""""","{""status"": 0, ""was_shown"": false}",,,,false,false,true,false,false,Q,,,,0,false,false,false,0,,,true,false,,,,0,,false,false,false,false,,0,,,,false,false,0,false
15047128,8a006271-b825-406d-ae41-0bd4c76a41f2,26,LCF Nederland,2026-06-17T18:44:48,2026-06-17 18:44:48-05:00,2026-06-17T18:45:22,2026-06-17 18:45:22-05:00,1,Eat In,/enterprise/User/84406/,84406,/enterprise/User/75716/,75716,,,,9.790000,,0.000000,,,,0.810000,10.600000,0.000000,0.000000,0.000000,0.000000,0.000000,0.000000,0.000000,0.000000,0.000000,0.810000,0.000000,0.000000,8.250000,0.000000,"[{""max_quantity_threshold"": 0, ""min_quantity_threshold"": 0, ""fiscal_rate"": ""2"", ""uuid"": ""955129e2-af68-441b-8859-1c3fff124a9f"", ""name"": ""Sales Tax"", ""max_threshold"": ""0.0000"", ""min_threshold"": ""0.0000"", ""rounding_type"": 0, ""on_full_price"": true, ""order"": ""/resources/Order/15047128/"", ""is_prevailing"": true, ""tax_rate"": ""8.2500"", ""tax_table"": null, ""id"": 15091255, ""local_tax_id"": 590, ""tax_type"": 0, ""dining_options"": null, ""resource_uri"": ""/resources/AppliedTaxOrder/15091255/""}]",[],"[""/resources/OrderHistory/9003393/""]","""{\""service_fees\"":[],\""discounts\"":[]}""",,,,,{},,"""""",,,,15047128,true,false,false,false,false,Q,,,,0,true,true,false,0,,,true,false,1,115280,,0,4331272ab6d3d81bc85c84849b0fd781,false,false,false,false,,1,1,[1],"[{""id"": 8744367, ""payment_type"": 1, ""other_payment_type"": null, ""amount"": ""10.600000"", ""tip"": ""0.000000"", ""gratuity"": ""0.000000"", ""refunded"": false, ""refund_transaction_id"": null, ""transaction_status"": null, ""transaction_id"": ""1781739905"", ""card_type"": null, ""payment_date"": ""2026-06-17T18:45:05"", ""created_date"": ""2026-06-17T18:45:05"", ""station"": ""/resources/PosStation/1157/"", ""online"": false}]",false,false,5,false
15051300,7894bf71-ed4e-4363-a2f2-e13818bd3953,26,LCF Nederland,2026-06-17T21:02:13,2026-06-17 21:02:13-05:00,2026-06-18T00:31:18,2026-06-18 00:31:18-05:00,4,Drive Through,/enterprise/User/52540/,52540,/enterprise/User/52540/,52540,,,,4.990000,,0.000000,,,,0.410000,5.400000,0.000000,0.000000,0.000000,0.000000,0.000000,0.000000,0.000000,0.000000,0.000000,0.410000,0.000000,0.000000,8.250000,0.000000,"[{""max_quantity_threshold"": 0, ""min_quantity_threshold"": 0, ""fiscal_rate"": ""2"", ""uuid"": ""b96e6191-4eda-4994-9412-d020d6159f8a"", ""name"": ""Sales Tax"", ""max_threshold"": ""0.0000"", ""min_threshold"": ""0.0000"", ""rounding_type"": 0, ""on_full_price"": true, ""order"": ""/resources/Order/15051300/"", ""is_prevailing"": true, ""tax_rate"": ""8.2500"", ""tax_table"": null, ""id"": 15095401, ""local_tax_id"": 590, ""tax_type"": 0, ""dining_options"": null, ""resource_uri"": ""/resources/AppliedTaxOrder/15095401/""}]",[],"[""/resources/OrderHistory/9005992/""]","""{\""service_fees\"":[],\""discounts\"":[]}""",,,,,{},,"""""","{""status"": 2, ""was_shown"": false}",,,15051300,true,false,false,false,false,Q,,,,0,true,true,false,0,,,true,false,3,115303,,0,be6d76159c3773091671b417cd5b79a8,false,false,false,false,,1,2,[2],"[{""id"": 8746939, ""payment_type"": 2, ""other_payment_type"": null, ""amount"": ""5.400000"", ""tip"": ""0.000000"", ""gratuity"": ""0.000000"", ""refunded"": false, ""refund_transaction_id"": null, ""transaction_status"": ""Captured"", ""transaction_id"": ""01Z6NU7EH600P812P8VNRTQFJNSPAGC5"", ""card_type"": 3, ""payment_date"": ""2026-06-18T00:31:18"", ""created_date"": ""2026-06-17T21:03:12"", ""station"": ""/resources/PosStation/1151/"", ""online"": false}]",false,false,1,false
15055080,ccff3f20-ed39-43da-8f4c-4094bdfeeb13,26,LCF Nederland,2026-06-18T10:36:44,2026-06-18 10:36:44-05:00,2026-06-18T10:36:44,2026-06-18 10:36:44-05:00,4,Drive Through,/enterprise/User/35616/,35616,/enterprise/User/35616/,35616,,,,0.000000,,0.000000,,,,0.000000,0.000000,0.000000,0.000000,0.000000,0.000000,0.000000,,0.000000,0.000000,0.000000,0.000000,0.000000,0.000000,8.250000,0.000000,"[{""max_quantity_threshold"": 0, ""min_quantity_threshold"": 0, ""fiscal_rate"": ""2"", ""uuid"": ""8a6a566f-cb33-4449-a46d-496750272c03"", ""name"": ""Sales Tax"", ""max_threshold"": ""0.0000"", ""min_threshold"": ""0.0000"", ""rounding_type"": 0, ""on_full_price"": true, ""order"": ""/resources/Order/15055080/"", ""is_prevailing"": true, ""tax_rate"": ""8.2500"", ""tax_table"": null, ""id"": 15099156, ""local_tax_id"": 590, ""tax_type"": 0, ""dining_options"": null, ""resource_uri"": ""/resources/AppliedTaxOrder/15099156/""}]",[],[],"""{\""service_fees\"":[],\""discounts\"":[]}""",,,,,,,"""""","{""status"": 0, ""was_shown"": false}",,,,false,false,true,false,false,Q,,,,0,false,false,false,0,,,true,false,,,,0,,false,false,false,false,,0,,,,false,false,0,false
15058425,069d9a6e-93c0-403a-9f0a-50676a23fb28,26,LCF Nederland,2026-06-18T12:24:52,2026-06-18 12:24:52-05:00,2026-06-19T00:31:17,2026-06-19 00:31:17-05:00,4,Drive Through,/enterprise/User/35616/,35616,/enterprise/User/84406/,84406,,,,10.480000,,0.000000,,,,0.860000,11.340000,0.000000,0.000000,0.000000,0.000000,0.000000,0.000000,0.000000,0.000000,0.000000,0.860000,0.000000,0.000000,8.250000,0.000000,"[{""max_quantity_threshold"": 0, ""min_quantity_threshold"": 0, ""fiscal_rate"": ""2"", ""uuid"": ""8c07ebbe-a114-4ba1-aa42-9be623cc8767"", ""name"": ""Sales Tax"", ""max_threshold"": ""0.0000"", ""min_threshold"": ""0.0000"", ""rounding_type"": 0, ""on_full_price"": true, ""order"": ""/resources/Order/15058425/"", ""is_prevailing"": true, ""tax_rate"": ""8.2500"", ""tax_table"": null, ""id"": 15102561, ""local_tax_id"": 590, ""tax_type"": 0, ""dining_options"": null, ""resource_uri"": ""/resources/AppliedTaxOrder/15102561/""}]",[],"[""/resources/OrderHistory/9010749/""]","""{\""service_fees\"":[],\""discounts\"":[]}""",,,,,{},,"""""","{""status"": 2, ""was_shown"": false}",,,15058425,true,false,false,false,false,Q,,,,0,true,true,false,0,,,true,false,3,115354,,0,c2403ad95ea5603a67a14ac05dc014f2,false,false,false,false,,1,2,[2],"[{""id"": 8751620, ""payment_type"": 2, ""other_payment_type"": null, ""amount"": ""11.340000"", ""tip"": ""0.000000"", ""gratuity"": ""0.000000"", ""refunded"": false, ""refund_transaction_id"": null, ""transaction_status"": ""Captured"", ""transaction_id"": ""01Z6NUA2T500P812PKU0EM70FSOSHBNT"", ""card_type"": 1, ""payment_date"": ""2026-06-19T00:31:17"", ""created_date"": ""2026-06-18T12:25:39"", ""station"": ""/resources/PosStation/1151/"", ""online"": false}]",false,false,5,false
15064767,fe202b48-eec9-4d4f-a480-c7251eebbad3,26,LCF Nederland,2026-06-18T14:59:39,2026-06-18 14:59:39-05:00,2026-06-18T14:59:39,2026-06-18 14:59:39-05:00,4,Drive Through,/enterprise/User/38670/,38670,/enterprise/User/38670/,38670,,,,0.000000,,0.000000,,,,0.000000,0.000000,0.000000,0.000000,0.000000,0.000000,0.000000,,0.000000,0.000000,0.000000,0.000000,0.000000,0.000000,8.250000,0.000000,"[{""max_quantity_threshold"": 0, ""min_quantity_threshold"": 0, ""fiscal_rate"": ""2"", ""uuid"": ""e0a3f811-840e-41b1-bf23-1378c2eb6578"", ""name"": ""Sales Tax"", ""max_threshold"": ""0.0000"", ""min_threshold"": ""0.0000"", ""rounding_type"": 0, ""on_full_price"": true, ""order"": ""/resources/Order/15064767/"", ""is_prevailing"": true, ""tax_rate"": ""8.2500"", ""tax_table"": null, ""id"": 15108930, ""local_tax_id"": 590, ""tax_type"": 0, ""dining_options"": null, ""resource_uri"": ""/resources/AppliedTaxOrder/15108930/""}]",[],[],"""{\""service_fees\"":[],\""discounts\"":[]}""",,,,,,,"""""","{""status"": 0, ""was_shown"": false}",,,,false,false,true,false,false,Q,,,,0,false,false,false,0,,,true,false,,,,0,,false,false,false,false,,0,,,,false,false,0,false
15068147,6f92809d-f1c8-47e7-84fb-5495cc78f737,26,LCF Nederland,2026-06-18T17:16:35,2026-06-18 17:16:35-05:00,2026-06-18T17:18:25,2026-06-18 17:18:25-05:00,4,Drive Through,/enterprise/User/38670/,38670,/enterprise/User/84406/,84406,,,,13.990000,,0.000000,,,,1.150000,15.140000,0.000000,0.000000,0.000000,0.000000,0.000000,0.000000,0.000000,0.000000,0.000000,1.150000,0.000000,0.000000,8.250000,0.000000,"[{""max_quantity_threshold"": 0, ""min_quantity_threshold"": 0, ""fiscal_rate"": ""2"", ""uuid"": ""ceacf202-fb76-464c-9a09-bede81d64f63"", ""name"": ""Sales Tax"", ""max_threshold"": ""0.0000"", ""min_threshold"": ""0.0000"", ""rounding_type"": 0, ""on_full_price"": true, ""order"": ""/resources/Order/15068147/"", ""is_prevailing"": true, ""tax_rate"": ""8.2500"", ""tax_table"": null, ""id"": 15112340, ""local_tax_id"": 590, ""tax_type"": 0, ""dining_options"": null, ""resource_uri"": ""/resources/AppliedTaxOrder/15112340/""}]",[],"[""/resources/OrderHistory/9016226/""]","""{\""service_fees\"":[],\""discounts\"":[]}""",,,,,{},,"""""","{""status"": 2, ""was_shown"": false}",,,15068147,true,false,false,false,false,Q,,,,0,true,true,false,0,,,true,false,2,115401,,0,063c0aba601937c052959f563c17c033,false,false,false,false,,1,1,[1],"[{""id"": 8756990, ""payment_type"": 1, ""other_payment_type"": null, ""amount"": ""15.140000"", ""tip"": ""0.000000"", ""gratuity"": ""0.000000"", ""refunded"": false, ""refund_transaction_id"": null, ""transaction_status"": null, ""transaction_id"": ""1781821066"", ""card_type"": null, ""payment_date"": ""2026-06-18T17:17:46"", ""created_date"": ""2026-06-18T17:17:46"", ""station"": ""/resources/PosStation/1151/"", ""online"": false}]",false,false,5,false
15069405,c910b970-266c-4f3f-a3a6-f2b6590508a6,26,LCF Nederland,2026-06-18T17:49:07,2026-06-18 17:49:07-05:00,2026-06-19T00:31:29,2026-06-19 00:31:29-05:00,0,To Go,/enterprise/User/52540/,52540,/enterprise/User/84406/,84406,,,,5.490000,,9.790000,,,,0.450000,5.940000,0.000000,0.000000,0.000000,0.000000,0.000000,0.000000,0.000000,0.000000,0.000000,0.450000,0.000000,0.000000,8.250000,0.000000,"[{""max_quantity_threshold"": 0, ""min_quantity_threshold"": 0, ""fiscal_rate"": ""2"", ""uuid"": ""8a671a12-cd3d-4722-8562-7d3a5b1f59be"", ""name"": ""Sales Tax"", ""max_threshold"": ""0.0000"", ""min_threshold"": ""0.0000"", ""rounding_type"": 0, ""on_full_price"": true, ""order"": ""/resources/Order/15069405/"", ""is_prevailing"": true, ""tax_rate"": ""8.2500"", ""tax_table"": null, ""id"": 15113603, ""local_tax_id"": 590, ""tax_type"": 0, ""dining_options"": null, ""resource_uri"": ""/resources/AppliedTaxOrder/15113603/""}]",[],"[""/resources/OrderHistory/9016895/""]","""{\""service_fees\"":[],\""discounts\"":[]}""",,,,,{},,"""{\""paymentBalance\"":0,\""customerName\"":\""Brian Magana\"",\""birthday\"":\""2001-06-11 00:00:00 +0000\"",\""orderConfirmationId\"":null,\""tags\"":[\""NEWMEMBER\"",\""Potential_VN Recommendation: allow\"",\""Potential_VN Risk: low\"",\""Potential_VN Score: 20\"",\""*Behavior|Days Since Last App Open|0d_to_6d*\"",\""WELCOMEREMINDER\"",\""*Behavior|RFM|Occasional*\"",\""*Behavior|Days Since Last Visit|0-6*\""],\""consent\"":\""yes\"",\""forgotVisitCodeData\"":null,\""availableRewards\"":[{\""name\"":\""Free 3 Finger Meal\"",\""id\"":\""7k9C7K5P0Lm9DiVboujcL5K16RxfwzZ5vLAjtzqtw8\"",\""expirationDates\"":[{\""date\"":\""2026-07-01 00:00:00 +0000\""}]}],\""appliedRewards\"":[{\""quantity\"":1,\""discount\"":{\""rewardType\"":null,\""id\"":\""7k9C7K5P0Lm9DiVboujcL5K16RxfwzZ5vLAjtzqtw8\"",\""quantity\"":1,\""subDiscountDict\"":null,\""orderItemId\"":\""9D8C1A9C-FD7B-4A12-AAF9-8550E3C675F0\"",\""isAutomaticReward\"":false,\""groupItemIds\"":null,\""source\"":\""loyalty\"",\""code\"":null,\""menuItemId\"":null,\""expirationDates\"":[{\""date\"":804571200}],\""totalPrice\"":9.79,\""groupId\"":\""4kOvH4foImPWSa4igbXuIFGHuOkgU4u9C9BihbjsQ8\"",\""name\"":\""Free 3 Finger Meal - 1\""},\""totalAmount\"":9.79,\""confirmationIds\"":null}],\""orderSubtotalWithoutServiceFee\"":5.49,\""appliedPaymentReward\"":null,\""totalPoints\"":110,\""printedCardNumber\"":\""4099991188\"",\""applicableRewards\"":[{\""rewardType\"":null,\""id\"":\""7k9C7K5P0Lm9DiVboujcL5K16RxfwzZ5vLAjtzqtw8\"",\""quantity\"":1,\""subDiscountDict\"":{\""7k9C7K5P0Lm9DiVboujcL5K16RxfwzZ5vLAjtzqtw8\"":[{\""quantity\"":1,\""id\"":\""7k9C7K5P0Lm9DiVboujcL5K16RxfwzZ5vLAjtzqtw8\"",\""isAutomaticReward\"":false,\""rewardType\"":null,\""orderItemId\"":\""9D8C1A9C-FD7B-4A12-AAF9-8550E3C675F0\"",\""groupItemIds\"":null,\""subDiscountDict\"":null,\""source\"":\""loyalty\"",\""code\"":null,\""menuItemId\"":null,\""expirationDates\"":[{\""date\"":804571200}],\""groupId\"":\""4kOvH4foImPWSa4igbXuIFGHuOkgU4u9C9BihbjsQ8\"",\""totalPrice\"":9.79,\""name\"":\""Free 3 Finger Meal\""}]},\""orderItemId\"":\""9D8C1A9C-FD7B-4A12-AAF9-8550E3C675F0\"",\""isAutomaticReward\"":false,\""groupItemIds\"":[\""7k9C7K5P0Lm9DiVboujcL5K16RxfwzZ5vLAjtzqtw8\""],\""source\"":\""loyalty\"",\""code\"":null,\""menuItemId\"":null,\""expirationDates\"":[{\""date\"":804571200}],\""totalPrice\"":9.79,\""groupId\"":\""4kOvH4foImPWSa4igbXuIFGHuOkgU4u9C9BihbjsQ8\"",\""name\"":\""Free 3 Finger Meal\""}],\""orderVoided\"":null,\""user\"":{\""consent\"":\""yes\"",\""paymentBalance\"":0,\""customerName\"":\""Brian Magana\"",\""totalPoints\"":110,\""printedCardNumber\"":\""4099991188\"",\""birthday\"":13910400,\""availableRewards\"":[{\""id\"":\""7k9C7K5P0Lm9DiVboujcL5K16RxfwzZ5vLAjtzqtw8\"",\""name\"":\""Free 3 Finger Meal\"",\""expirationDates\"":[{\""date\"":804556800}]}],\""isRegistered\"":true,\""tags\"":[\""NEWMEMBER\"",\""Potential_VN Recommendation: allow\"",\""Potential_VN Risk: low\"",\""Potential_VN Score: 20\"",\""*Behavior|Days Since Last App Open|0d_to_6d*\"",\""WELCOMEREMINDER\"",\""*Behavior|RFM|Occasional*\"",\""*Behavior|Days Since Last Visit|0-6*\""],\""externalId\"":\""4099991188\""},\""receiptText\"":null,\""shouldPrintForgotVisitCodeOnReceipt\"":null,\""firstName\"":\""Brian\"",\""externalId\"":\""4099991188\"",\""isRegistered\"":true,\""lastName\"":\""Magana\"",\""phoneNumber\"":\""4099991188\"",\""orderTotal\"":5.94}""",,,,15069405,true,false,false,false,false,Q,,,,0,true,true,false,0,,,true,false,3,115417,,0,7e6f7b420a45efabec5045bfa7b50f3f,false,false,false,false,,1,2,[2],"[{""id"": 8757649, ""payment_type"": 2, ""other_payment_type"": null, ""amount"": ""5.940000"", ""tip"": ""0.000000"", ""gratuity"": ""0.000000"", ""refunded"": false, ""refund_transaction_id"": null, ""transaction_status"": ""Captured"", ""transaction_id"": ""01Z6NUA2TG00P812PKU16N2207HH3QQG"", ""card_type"": 3, ""payment_date"": ""2026-06-19T00:31:29"", ""created_date"": ""2026-06-18T17:50:33"", ""station"": ""/resources/PosStation/1157/"", ""online"": false}]",false,false,6,false
15072754,67fb11a4-ff92-4383-86de-b0730da377d0,26,LCF Nederland,2026-06-18T19:22:36,2026-06-18 19:22:36-05:00,2026-06-18T19:22:36,2026-06-18 19:22:36-05:00,4,Drive Through,/enterprise/User/84406/,84406,/enterprise/User/84406/,84406,,,,0.000000,,0.000000,,,,0.000000,0.000000,0.000000,0.000000,0.000000,0.000000,0.000000,,0.000000,0.000000,0.000000,0.000000,0.000000,0.000000,8.250000,0.000000,"[{""max_quantity_threshold"": 0, ""min_quantity_threshold"": 0, ""fiscal_rate"": ""2"", ""uuid"": ""babb6259-98fc-47d2-9303-47a852910767"", ""name"": ""Sales Tax"", ""max_threshold"": ""0.0000"", ""min_threshold"": ""0.0000"", ""rounding_type"": 0, ""on_full_price"": true, ""order"": ""/resources/Order/15072754/"", ""is_prevailing"": true, ""tax_rate"": ""8.2500"", ""tax_table"": null, ""id"": 15116970, ""local_tax_id"": 590, ""tax_type"": 0, ""dining_options"": null, ""resource_uri"": ""/resources/AppliedTaxOrder/15116970/""}]",[],[],"""{\""service_fees\"":[],\""discounts\"":[]}""",,,,,,,"""""","{""status"": 0, ""was_shown"": false}",,,,false,false,true,false,false,Q,,,,0,false,false,false,0,,,true,false,,,,0,,false,false,false,false,,0,,,,false,false,0,false
15077217,dc45bccd-ba67-467d-93e8-567a4977bb3a,26,LCF Nederland,2026-06-18T22:04:44,2026-06-18 22:04:44-05:00,2026-06-19T00:31:38,2026-06-19 00:31:38-05:00,4,Drive Through,/enterprise/User/38670/,38670,/enterprise/User/84406/,84406,,,,15.980000,,0.000000,,,,1.320000,17.300000,0.000000,0.000000,0.000000,0.000000,0.000000,0.000000,0.000000,0.000000,0.000000,1.320000,0.000000,0.000000,8.250000,0.000000,"[{""max_quantity_threshold"": 0, ""min_quantity_threshold"": 0, ""fiscal_rate"": ""2"", ""uuid"": ""20167e33-0922-45c5-9d9a-9c14b51ca34a"", ""name"": ""Sales Tax"", ""max_threshold"": ""0.0000"", ""min_threshold"": ""0.0000"", ""rounding_type"": 0, ""on_full_price"": true, ""order"": ""/resources/Order/15077217/"", ""is_prevailing"": true, ""tax_rate"": ""8.2500"", ""tax_table"": null, ""id"": 15121373, ""local_tax_id"": 590, ""tax_type"": 0, ""dining_options"": null, ""resource_uri"": ""/resources/AppliedTaxOrder/15121373/""}]",[],"[""/resources/OrderHistory/9021796/""]","""{\""service_fees\"":[],\""discounts\"":[]}""",,,,,{},,"""""","{""status"": 2, ""was_shown"": false}",,,15077217,true,false,false,false,false,Q,,,,0,true,true,false,0,,,true,false,3,115471,,0,8a657a4bcb000a31a774387310706411,false,false,false,false,,1,2,[2],"[{""id"": 8762438, ""payment_type"": 2, ""other_payment_type"": null, ""amount"": ""17.300000"", ""tip"": ""0.000000"", ""gratuity"": ""0.000000"", ""refunded"": false, ""refund_transaction_id"": null, ""transaction_status"": ""Captured"", ""transaction_id"": ""01Z6NUA2TQ00P812PKU1S7ND7J55M6RK"", ""card_type"": 3, ""payment_date"": ""2026-06-19T00:31:38"", ""created_date"": ""2026-06-18T22:06:41"", ""station"": ""/resources/PosStation/1151/"", ""online"": false}]",false,false,5,false
15082528,27f049c8-6035-4c20-8684-4de78d559199,26,LCF Nederland,2026-06-19T12:00:03,2026-06-19 12:00:03-05:00,2026-06-20T00:15:31,2026-06-20 00:15:31-05:00,1,Eat In,/enterprise/User/38670/,38670,/enterprise/User/84406/,84406,,,,9.790000,,0.000000,,,,0.810000,10.600000,0.000000,0.000000,0.000000,0.000000,0.000000,0.000000,0.000000,0.000000,0.000000,0.810000,0.000000,0.000000,8.250000,0.000000,"[{""max_quantity_threshold"": 0, ""min_quantity_threshold"": 0, ""fiscal_rate"": ""2"", ""uuid"": ""7a3b4f7d-26e9-4e34-a8c3-a14bf11a005f"", ""name"": ""Sales Tax"", ""max_threshold"": ""0.0000"", ""min_threshold"": ""0.0000"", ""rounding_type"": 0, ""on_full_price"": true, ""order"": ""/resources/Order/15082528/"", ""is_prevailing"": true, ""tax_rate"": ""8.2500"", ""tax_table"": null, ""id"": 15126703, ""local_tax_id"": 590, ""tax_type"": 0, ""dining_options"": null, ""resource_uri"": ""/resources/AppliedTaxOrder/15126703/""}]",[],"[""/resources/OrderHistory/9024903/""]","""{\""service_fees\"":[],\""discounts\"":[]}""",,,,,{},,"""""",,,,15082528,true,false,false,false,false,Q,,,,0,true,true,false,0,,,true,false,2,115501,,0,93a4f24fd0d94e2b6b51b36194dcabfe,false,false,false,false,,1,2,[2],"[{""id"": 8765519, ""payment_type"": 2, ""other_payment_type"": null, ""amount"": ""10.600000"", ""tip"": ""0.000000"", ""gratuity"": ""0.000000"", ""refunded"": false, ""refund_transaction_id"": null, ""transaction_status"": ""Captured"", ""transaction_id"": ""01Z6NUCMBJ00P812Q1EV10UOFQBLL6E3"", ""card_type"": 3, ""payment_date"": ""2026-06-20T00:15:31"", ""created_date"": ""2026-06-19T12:00:25"", ""station"": ""/resources/PosStation/1157/"", ""online"": false}]",false,false,5,false
15085744,8a395c3b-7047-4eeb-99ec-b80cdc48d366,26,LCF Nederland,2026-06-19T13:23:14,2026-06-19 13:23:14-05:00,2026-06-20T00:15:40,2026-06-20 00:15:40-05:00,4,Drive Through,/enterprise/User/38670/,38670,/enterprise/User/84406/,84406,,,,10.480000,,0.000000,,,,0.860000,11.340000,0.000000,0.000000,0.000000,0.000000,0.000000,0.000000,0.000000,0.000000,0.000000,0.860000,0.000000,0.000000,8.250000,0.000000,"[{""max_quantity_threshold"": 0, ""min_quantity_threshold"": 0, ""fiscal_rate"": ""2"", ""uuid"": ""0139b7de-56b5-4597-83ef-6ef8c52d79d3"", ""name"": ""Sales Tax"", ""max_threshold"": ""0.0000"", ""min_threshold"": ""0.0000"", ""rounding_type"": 0, ""on_full_price"": true, ""order"": ""/resources/Order/15085744/"", ""is_prevailing"": true, ""tax_rate"": ""8.2500"", ""tax_table"": null, ""id"": 15129964, ""local_tax_id"": 590, ""tax_type"": 0, ""dining_options"": null, ""resource_uri"": ""/resources/AppliedTaxOrder/15129964/""}]",[],"[""/resources/OrderHistory/9027269/""]","""{\""service_fees\"":[],\""discounts\"":[]}""",,,,,{},,"""""","{""status"": 2, ""was_shown"": false}",,,15085744,true,false,false,false,false,Q,,,,0,true,true,false,0,,,true,false,3,115528,,0,cdfa12711f11182804375d3ccfc1f4f0,false,false,false,false,,1,2,[2],"[{""id"": 8767897, ""payment_type"": 2, ""other_payment_type"": null, ""amount"": ""11.340000"", ""tip"": ""0.000000"", ""gratuity"": ""0.000000"", ""refunded"": false, ""refund_transaction_id"": null, ""transaction_status"": ""Captured"", ""transaction_id"": ""01Z6NUCMBR00P812Q1EVKHRK841H9AMD"", ""card_type"": 3, ""payment_date"": ""2026-06-20T00:15:40"", ""created_date"": ""2026-06-19T13:23:55"", ""station"": ""/resources/PosStation/1151/"", ""online"": false}]",false,false,5,false
15092451,4abb8bae-3916-408f-a3d1-0626f97c4677,26,LCF Nederland,2026-06-19T16:34:30,2026-06-19 16:34:30-05:00,2026-06-19T16:34:30,2026-06-19 16:34:30-05:00,1,Eat In,/enterprise/User/52540/,52540,/enterprise/User/52540/,52540,,,,0.000000,,0.000000,,,,0.000000,0.000000,0.000000,0.000000,0.000000,0.000000,0.000000,,0.000000,0.000000,0.000000,0.000000,0.000000,0.000000,8.250000,0.000000,"[{""max_quantity_threshold"": 0, ""min_quantity_threshold"": 0, ""fiscal_rate"": ""2"", ""uuid"": ""63040898-45bb-4a7c-911b-3b24562520a0"", ""name"": ""Sales Tax"", ""max_threshold"": ""0.0000"", ""min_threshold"": ""0.0000"", ""rounding_type"": 0, ""on_full_price"": true, ""order"": ""/resources/Order/15092451/"", ""is_prevailing"": true, ""tax_rate"": ""8.2500"", ""tax_table"": null, ""id"": 15136706, ""local_tax_id"": 590, ""tax_type"": 0, ""dining_options"": null, ""resource_uri"": ""/resources/AppliedTaxOrder/15136706/""}]",[],[],"""{\""service_fees\"":[],\""discounts\"":[]}""",,,,,,,"""""",,,,,false,false,true,false,false,Q,,,,0,false,false,false,0,,,true,false,,,,0,,false,false,false,false,,0,,,,false,false,0,false
15097152,f232c3ac-e250-4bdd-85ef-e049eed91372,26,LCF Nederland,2026-06-19T18:50:32,2026-06-19 18:50:32-05:00,2026-06-19T18:57:10,2026-06-19 18:57:10-05:00,4,Drive Through,/enterprise/User/75716/,75716,/enterprise/User/84406/,84406,,,,20.480000,,0.000000,,,,1.650000,22.130000,0.000000,0.000000,0.000000,0.000000,0.000000,0.000000,0.000000,0.000000,0.000000,1.650000,0.000000,0.000000,8.250000,0.000000,"[{""max_quantity_threshold"": 0, ""min_quantity_threshold"": 0, ""fiscal_rate"": ""2"", ""uuid"": ""a3eac38a-8d7e-4987-99a5-7965de7f5f01"", ""name"": ""Sales Tax"", ""max_threshold"": ""0.0000"", ""min_threshold"": ""0.0000"", ""rounding_type"": 0, ""on_full_price"": true, ""order"": ""/resources/Order/15097152/"", ""is_prevailing"": true, ""tax_rate"": ""8.2500"", ""tax_table"": null, ""id"": 15141391, ""local_tax_id"": 590, ""tax_type"": 0, ""dining_options"": null, ""resource_uri"": ""/resources/AppliedTaxOrder/15141391/""}]",[],"[""/resources/OrderHistory/9033734/""]","""{\""service_fees\"":[],\""discounts\"":[]}""",,,,,{},,"""""","{""status"": 0, ""was_shown"": false}",,,15097152,true,false,false,false,false,Q,,,,0,true,true,false,0,,,true,false,2,115578,,0,d1be1352bbec930352f55029fda898e3,false,false,false,false,,1,1,[1],"[{""id"": 8774070, ""payment_type"": 1, ""other_payment_type"": null, ""amount"": ""22.130000"", ""tip"": ""0.000000"", ""gratuity"": ""0.000000"", ""refunded"": false, ""refund_transaction_id"": null, ""transaction_status"": null, ""transaction_id"": ""1781913054"", ""card_type"": null, ""payment_date"": ""2026-06-19T18:50:54"", ""created_date"": ""2026-06-19T18:50:54"", ""station"": ""/resources/PosStation/1151/"", ""online"": false}]",false,false,9,false
15099825,3832e898-beca-4782-bc1a-3ba8531da5cc,26,LCF Nederland,2026-06-19T20:10:52,2026-06-19 20:10:52-05:00,2026-06-20T00:16:00,2026-06-20 00:16:00-05:00,4,Drive Through,/enterprise/User/75716/,75716,/enterprise/User/84406/,84406,,,,20.600000,,0.000000,,,,1.700000,22.300000,0.000000,0.000000,0.000000,0.000000,0.000000,0.000000,0.000000,0.000000,0.000000,1.700000,0.000000,0.000000,8.250000,0.000000,"[{""max_quantity_threshold"": 0, ""min_quantity_threshold"": 0, ""fiscal_rate"": ""2"", ""uuid"": ""61d8b5bd-8d15-497f-95a6-18284e8c408c"", ""name"": ""Sales Tax"", ""max_threshold"": ""0.0000"", ""min_threshold"": ""0.0000"", ""rounding_type"": 0, ""on_full_price"": true, ""order"": ""/resources/Order/15099825/"", ""is_prevailing"": true, ""tax_rate"": ""8.2500"", ""tax_table"": null, ""id"": 15144073, ""local_tax_id"": 590, ""tax_type"": 0, ""dining_options"": null, ""resource_uri"": ""/resources/AppliedTaxOrder/15144073/""}]",[],"[""/resources/OrderHistory/9035378/""]","""{\""service_fees\"":[],\""discounts\"":[]}""",,,,,{},,"""""","{""status"": 2, ""was_shown"": false}",,,15099825,true,false,false,false,false,Q,,,,0,true,true,false,0,,,true,false,3,115605,,0,43d64110150779876f3d1aec47d8305a,false,false,false,false,,1,2,[2],"[{""id"": 8775859, ""payment_type"": 2, ""other_payment_type"": null, ""amount"": ""22.300000"", ""tip"": ""0.000000"", ""gratuity"": ""0.000000"", ""refunded"": false, ""refund_transaction_id"": null, ""transaction_status"": ""Captured"", ""transaction_id"": ""01Z6NUCMCF00P812Q1F12HPUVLJRLRFG"", ""card_type"": 3, ""payment_date"": ""2026-06-20T00:16:00"", ""created_date"": ""2026-06-19T20:22:59"", ""station"": ""/resources/PosStation/1151/"", ""online"": false}]",false,false,10,false
15103803,173728c4-d6c1-43d5-bf43-aa5c1728659b,26,LCF Nederland,2026-06-19T22:46:39,2026-06-19 22:46:39-05:00,2026-06-19T22:53:04,2026-06-19 22:53:04-05:00,4,Drive Through,/enterprise/User/52540/,52540,/enterprise/User/84406/,84406,,,,11.790000,,0.000000,,,,0.970000,12.760000,0.000000,0.000000,0.000000,0.000000,0.000000,0.000000,0.000000,0.000000,0.000000,0.970000,0.000000,0.000000,8.250000,0.000000,"[{""max_quantity_threshold"": 0, ""min_quantity_threshold"": 0, ""fiscal_rate"": ""2"", ""uuid"": ""df193b5c-c8c8-4398-a296-fb0838def53d"", ""name"": ""Sales Tax"", ""max_threshold"": ""0.0000"", ""min_threshold"": ""0.0000"", ""rounding_type"": 0, ""on_full_price"": true, ""order"": ""/resources/Order/15103803/"", ""is_prevailing"": true, ""tax_rate"": ""8.2500"", ""tax_table"": null, ""id"": 15147994, ""local_tax_id"": 590, ""tax_type"": 0, ""dining_options"": null, ""resource_uri"": ""/resources/AppliedTaxOrder/15147994/""}]",[],"[""/resources/OrderHistory/9037813/""]","""{\""service_fees\"":[],\""discounts\"":[]}""",,,,,{},,"""""","{""status"": 2, ""was_shown"": false}",,,15103803,true,false,false,false,false,Q,,,,0,true,true,false,0,,,true,false,3,115632,,0,6dd76e35465a567398104d59823bbc6c,false,false,false,false,,1,1,[1],"[{""id"": 8778142, ""payment_type"": 1, ""other_payment_type"": null, ""amount"": ""12.760000"", ""tip"": ""0.000000"", ""gratuity"": ""0.000000"", ""refunded"": false, ""refund_transaction_id"": null, ""transaction_status"": null, ""transaction_id"": ""1781927255"", ""card_type"": null, ""payment_date"": ""2026-06-19T22:47:34"", ""created_date"": ""2026-06-19T22:47:34"", ""station"": ""/resources/PosStation/1151/"", ""online"": false}]",false,false,5,false
15107013,a3eba451-985b-41ed-9440-efe1f2f5b469,26,LCF Nederland,2026-06-20T11:38:26,2026-06-20 11:38:26-05:00,2026-06-21T00:26:58,2026-06-21 00:26:58-05:00,0,To Go,/enterprise/User/38670/,38670,/enterprise/User/35616/,35616,,,,23.580000,,0.000000,,,,1.950000,25.530000,0.000000,0.000000,0.000000,0.000000,0.000000,0.000000,0.000000,0.000000,0.000000,1.950000,0.000000,0.000000,8.250000,0.000000,"[{""max_quantity_threshold"": 0, ""min_quantity_threshold"": 0, ""fiscal_rate"": ""2"", ""uuid"": ""8121e991-1617-420d-82be-d871c8904a7e"", ""name"": ""Sales Tax"", ""max_threshold"": ""0.0000"", ""min_threshold"": ""0.0000"", ""rounding_type"": 0, ""on_full_price"": true, ""order"": ""/resources/Order/15107013/"", ""is_prevailing"": true, ""tax_rate"": ""8.2500"", ""tax_table"": null, ""id"": 15151183, ""local_tax_id"": 590, ""tax_type"": 0, ""dining_options"": null, ""resource_uri"": ""/resources/AppliedTaxOrder/15151183/""}]",[],"[""/resources/OrderHistory/9039548/""]","""{\""service_fees\"":[],\""discounts\"":[]}""",,,,,{},,"""""",,,,15107013,true,false,false,false,false,Q,,,,0,true,true,false,0,,,true,false,3,115650,,0,a78f466a925ba2bb4701ea7a41d6978f,false,false,false,false,,1,2,[2],"[{""id"": 8779841, ""payment_type"": 2, ""other_payment_type"": null, ""amount"": ""25.530000"", ""tip"": ""0.000000"", ""gratuity"": ""0.000000"", ""refunded"": false, ""refund_transaction_id"": null, ""transaction_status"": ""Captured"", ""transaction_id"": ""01Z6NUFBD100P812QD2ITAPCT8M1CKO8"", ""card_type"": 3, ""payment_date"": ""2026-06-21T00:26:58"", ""created_date"": ""2026-06-20T11:39:00"", ""station"": ""/resources/PosStation/1157/"", ""online"": false}]",false,false,10,false
15110464,698f4aad-0b20-4b98-8eb3-5f891af8ab3b,26,LCF Nederland,2026-06-20T13:21:43,2026-06-20 13:21:43-05:00,2026-06-20T13:21:43,2026-06-20 13:21:43-05:00,1,Eat In,/enterprise/User/38670/,38670,/enterprise/User/38670/,38670,,,,0.000000,,0.000000,,,,0.000000,0.000000,0.000000,0.000000,0.000000,0.000000,0.000000,,0.000000,0.000000,0.000000,0.000000,0.000000,0.000000,8.250000,0.000000,"[{""max_quantity_threshold"": 0, ""min_quantity_threshold"": 0, ""fiscal_rate"": ""2"", ""uuid"": ""f43c12b1-3fae-4940-b165-1be7efeca45c"", ""name"": ""Sales Tax"", ""max_threshold"": ""0.0000"", ""min_threshold"": ""0.0000"", ""rounding_type"": 0, ""on_full_price"": true, ""order"": ""/resources/Order/15110464/"", ""is_prevailing"": true, ""tax_rate"": ""8.2500"", ""tax_table"": null, ""id"": 15154666, ""local_tax_id"": 590, ""tax_type"": 0, ""dining_options"": null, ""resource_uri"": ""/resources/AppliedTaxOrder/15154666/""}]",[],[],"""{\""service_fees\"":[],\""discounts\"":[]}""",,,,,,,"""""",,,,,false,false,true,false,false,Q,,,,0,false,false,false,0,,,true,false,,,,0,,false,false,false,false,,0,,,,false,false,0,false
15115088,8c5b7b50-a993-4056-a01d-d9eb87ef0170,26,LCF Nederland,2026-06-20T15:54:08,2026-06-20 15:54:08-05:00,2026-06-21T00:27:11,2026-06-21 00:27:11-05:00,1,Eat In,/enterprise/User/38670/,38670,/enterprise/User/35616/,35616,,,,21.580000,,0.000000,,,,1.780000,23.360000,0.000000,0.000000,0.000000,0.000000,0.000000,0.000000,0.000000,0.000000,0.000000,1.780000,0.000000,0.000000,8.250000,0.000000,"[{""max_quantity_threshold"": 0, ""min_quantity_threshold"": 0, ""fiscal_rate"": ""2"", ""uuid"": ""46212d2f-1d3e-4efa-88a1-a21f241c067d"", ""name"": ""Sales Tax"", ""max_threshold"": ""0.0000"", ""min_threshold"": ""0.0000"", ""rounding_type"": 0, ""on_full_price"": true, ""order"": ""/resources/Order/15115088/"", ""is_prevailing"": true, ""tax_rate"": ""8.2500"", ""tax_table"": null, ""id"": 15159312, ""local_tax_id"": 590, ""tax_type"": 0, ""dining_options"": null, ""resource_uri"": ""/resources/AppliedTaxOrder/15159312/""}]",[],"[""/resources/OrderHistory/9044428/""]","""{\""service_fees\"":[],\""discounts\"":[]}""",,,,,{},,"""""",,,,15115088,true,false,false,false,false,Q,,,,0,true,true,false,0,,,true,false,3,115699,,0,f3e2373179481d6ff916ff5946886bee,false,false,false,false,,1,2,[2],"[{""id"": 8784583, ""payment_type"": 2, ""other_payment_type"": null, ""amount"": ""23.360000"", ""tip"": ""0.000000"", ""gratuity"": ""0.000000"", ""refunded"": false, ""refund_transaction_id"": null, ""transaction_status"": ""Captured"", ""transaction_id"": ""01Z6NUFBDF00P812QD2JTR3FC6KPG33F"", ""card_type"": 2, ""payment_date"": ""2026-06-21T00:27:11"", ""created_date"": ""2026-06-20T15:54:58"", ""station"": ""/resources/PosStation/1157/"", ""online"": false}]",false,false,10,false
15117980,56b2f6cf-31a7-4e60-80de-241bc1ade510,26,LCF Nederland,2026-06-20T17:35:59,2026-06-20 17:35:59-05:00,2026-06-20T17:35:59,2026-06-20 17:35:59-05:00,1,Eat In,/enterprise/User/35616/,35616,/enterprise/User/35616/,35616,,,,0.000000,,0.000000,,,,0.000000,0.000000,0.000000,0.000000,0.000000,0.000000,0.000000,,0.000000,0.000000,0.000000,0.000000,0.000000,0.000000,8.250000,0.000000,"[{""max_quantity_threshold"": 0, ""min_quantity_threshold"": 0, ""fiscal_rate"": ""2"", ""uuid"": ""fa7ce0d8-f0c2-4854-80bd-9aa2c90e1241"", ""name"": ""Sales Tax"", ""max_threshold"": ""0.0000"", ""min_threshold"": ""0.0000"", ""rounding_type"": 0, ""on_full_price"": true, ""order"": ""/resources/Order/15117980/"", ""is_prevailing"": true, ""tax_rate"": ""8.2500"", ""tax_table"": null, ""id"": 15162205, ""local_tax_id"": 590, ""tax_type"": 0, ""dining_options"": null, ""resource_uri"": ""/resources/AppliedTaxOrder/15162205/""}]",[],[],"""{\""service_fees\"":[],\""discounts\"":[]}""",,,,,,,"""""",,,,,false,false,true,false,false,Q,,,,0,false,false,false,0,,,true,false,,,,0,,false,false,false,false,,0,,,,false,false,0,false
15120799,c888f183-073d-4e4e-b17b-96d03df5860e,26,LCF Nederland,2026-06-20T19:10:21,2026-06-20 19:10:21-05:00,2026-06-20T19:25:14,2026-06-20 19:25:14-05:00,100,DD Marketplace,/enterprise/User/1/,1,/enterprise/User/38670/,38670,,,13922,15.320000,,0.000000,,,,1.260000,16.580000,0.000000,0.000000,0.000000,0.000000,0.000000,0.000000,0.000000,0.000000,0.000000,1.260000,0.000000,0.000000,8.250000,0.000000,"[{""max_quantity_threshold"": 0, ""min_quantity_threshold"": 0, ""fiscal_rate"": ""2"", ""uuid"": ""a6275bc7-156d-4d4d-90d9-c6d5e9d12d78"", ""name"": ""Sales Tax"", ""max_threshold"": ""0.0000"", ""min_threshold"": ""0.0000"", ""rounding_type"": 0, ""on_full_price"": true, ""order"": ""/resources/Order/15120799/"", ""is_prevailing"": true, ""tax_rate"": ""8.2500"", ""tax_table"": null, ""id"": 15164993, ""local_tax_id"": 590, ""tax_type"": 0, ""dining_options"": null, ""resource_uri"": ""/resources/AppliedTaxOrder/15164993/""}]",[],"[""/resources/OrderHistory/9047718/""]","""{\""service_fees\"":[],\""discounts\"":[]}""",,,,,{},,"""null""",,,,68ab1dfd,true,false,false,false,true,Q,,,,0,true,true,false,0,,,true,false,6,115738,,0,67883a64a7ec3cce42ce4f3c4e291348,false,false,true,false,,1,209,[209],"[{""id"": 8787752, ""payment_type"": 209, ""other_payment_type"": null, ""amount"": ""16.580000"", ""tip"": ""0.000000"", ""gratuity"": ""0.000000"", ""refunded"": false, ""refund_transaction_id"": null, ""transaction_status"": null, ""transaction_id"": ""ddd5041e-df13-401e-a148-2245ae2fe13f"", ""card_type"": null, ""payment_date"": ""2026-06-20T19:10:21"", ""created_date"": ""2026-06-20T19:10:21"", ""station"": ""/resources/PosStation/1150/"", ""online"": true}]",false,false,1,false
15124435,55e3f2c3-3f41-43f7-a1dc-a95e8ed621e1,26,LCF Nederland,2026-06-20T21:25:31,2026-06-20 21:25:31-05:00,2026-06-21T00:27:25,2026-06-21 00:27:25-05:00,4,Drive Through,/enterprise/User/35616/,35616,/enterprise/User/35616/,35616,,,,13.990000,,0.000000,,,,1.150000,15.140000,0.000000,0.000000,0.000000,0.000000,0.000000,0.000000,0.000000,0.000000,0.000000,1.150000,0.000000,0.000000,8.250000,0.000000,"[{""max_quantity_threshold"": 0, ""min_quantity_threshold"": 0, ""fiscal_rate"": ""2"", ""uuid"": ""9630b5b6-b74d-40ed-a783-e948d4eb9c4d"", ""name"": ""Sales Tax"", ""max_threshold"": ""0.0000"", ""min_threshold"": ""0.0000"", ""rounding_type"": 0, ""on_full_price"": true, ""order"": ""/resources/Order/15124435/"", ""is_prevailing"": true, ""tax_rate"": ""8.2500"", ""tax_table"": null, ""id"": 15168609, ""local_tax_id"": 590, ""tax_type"": 0, ""dining_options"": null, ""resource_uri"": ""/resources/AppliedTaxOrder/15168609/""}]",[],"[""/resources/OrderHistory/9050024/""]","""{\""service_fees\"":[],\""discounts\"":[]}""",,,,,{},,"""""","{""status"": 2, ""was_shown"": false}",,,15124435,true,false,false,false,false,Q,,,,0,true,true,false,0,,,true,false,3,115765,,0,8465cfccccb869731de57049a7d53957,false,false,false,false,,1,2,[2],"[{""id"": 8790013, ""payment_type"": 2, ""other_payment_type"": null, ""amount"": ""15.140000"", ""tip"": ""0.000000"", ""gratuity"": ""0.000000"", ""refunded"": false, ""refund_transaction_id"": null, ""transaction_status"": ""Captured"", ""transaction_id"": ""01Z6NUFBDT00P812QD2L01DV0GPK52O1"", ""card_type"": 2, ""payment_date"": ""2026-06-21T00:27:25"", ""created_date"": ""2026-06-20T21:26:26"", ""station"": ""/resources/PosStation/1151/"", ""online"": false}]",false,false,5,false
15126844,9291cb85-3420-46d8-998e-49f900615dfe,26,LCF Nederland,2026-06-20T23:29:10,2026-06-20 23:29:10-05:00,2026-06-20T23:29:10,2026-06-20 23:29:10-05:00,4,Drive Through,/enterprise/User/35616/,35616,/enterprise/User/35616/,35616,,,,0.000000,,0.000000,,,,0.000000,0.000000,0.000000,0.000000,0.000000,0.000000,0.000000,,0.000000,0.000000,0.000000,0.000000,0.000000,0.000000,8.250000,0.000000,"[{""max_quantity_threshold"": 0, ""min_quantity_threshold"": 0, ""fiscal_rate"": ""2"", ""uuid"": ""8b7c934f-602e-46f1-ac1f-22ffb48b2814"", ""name"": ""Sales Tax"", ""max_threshold"": ""0.0000"", ""min_threshold"": ""0.0000"", ""rounding_type"": 0, ""on_full_price"": true, ""order"": ""/resources/Order/15126844/"", ""is_prevailing"": true, ""tax_rate"": ""8.2500"", ""tax_table"": null, ""id"": 15170992, ""local_tax_id"": 590, ""tax_type"": 0, ""dining_options"": null, ""resource_uri"": ""/resources/AppliedTaxOrder/15170992/""}]",[],[],"""{\""service_fees\"":[],\""discounts\"":[]}""",,,,,,,"""""","{""status"": 0, ""was_shown"": false}",,,,false,false,true,false,false,Q,,,,0,false,false,false,0,,,true,false,,,,0,,false,false,false,false,,0,,,,false,false,0,false
15130495,8e8e0551-6cc6-4b9c-b64e-b0f45fb74d7f,26,LCF Nederland,2026-06-21T13:01:21,2026-06-21 13:01:21-05:00,2026-06-22T00:21:17,2026-06-22 00:21:17-05:00,0,To Go,/enterprise/User/84406/,84406,/enterprise/User/52540/,52540,/enterprise/User/84406/,84406,,14.970000,1.500000,1.500000,10.000000,,,1.110000,14.580000,0.000000,0.000000,0.000000,0.000000,0.000000,0.000000,0.000000,0.000000,0.000000,1.110000,0.000000,0.000000,8.250000,0.000000,"[{""max_quantity_threshold"": 0, ""min_quantity_threshold"": 0, ""fiscal_rate"": ""2"", ""uuid"": ""d9f00940-a349-4eee-9734-ae73c6d5a229"", ""name"": ""Sales Tax"", ""max_threshold"": ""0.0000"", ""min_threshold"": ""0.0000"", ""rounding_type"": 0, ""on_full_price"": true, ""order"": ""/resources/Order/15130495/"", ""is_prevailing"": true, ""tax_rate"": ""8.2500"", ""tax_table"": null, ""id"": 15174659, ""local_tax_id"": 590, ""tax_type"": 0, ""dining_options"": null, ""resource_uri"": ""/resources/AppliedTaxOrder/15174659/""}]","[{""rule_type"": 1, ""discounted_by"": null, ""name"": ""Military Discount"", ""rule_amount"": ""10.000000"", ""discount_amount"": ""1.500000"", ""tax_amount_included"": ""0.000000"", ""discount_function"": 0, ""qty"": 0, ""discount"": ""/resources/Discount/3308/"", ""taxed"": true, ""id"": 541545, ""stackable_type"": 0, ""resource_uri"": ""/resources/AppliedDiscountOrder/541545/"", ""order"": ""/resources/Order/15130495/"", ""discount_code"": """", ""uuid"": ""87d13193-f89e-4677-ab26-1308628965d9""}]","[""/resources/OrderHistory/9054407/""]","""{\""service_fees\"":[],\""discounts\"":[]}""",,,,,{},,"""""",,,,15130495,true,false,false,true,false,Q,Military Discount,,1,0,true,true,false,0,,,true,false,4,115816,,0,39be011feb1b05de0bd87b600c83eb38,false,false,false,false,,1,2,[2],"[{""id"": 8794328, ""payment_type"": 2, ""other_payment_type"": null, ""amount"": ""14.580000"", ""tip"": ""0.000000"", ""gratuity"": ""0.000000"", ""refunded"": false, ""refund_transaction_id"": null, ""transaction_status"": ""Captured"", ""transaction_id"": ""01Z6NUHVEC00P812QN3GRH939GKA2LEW"", ""card_type"": 3, ""payment_date"": ""2026-06-22T00:21:17"", ""created_date"": ""2026-06-21T13:02:20"", ""station"": ""/resources/PosStation/1150/"", ""online"": false}]",false,false,5,false
15136092,17dba6a9-11dc-44b9-be8b-c322209c4a15,26,LCF Nederland,2026-06-21T15:28:25,2026-06-21 15:28:25-05:00,2026-06-22T00:21:23,2026-06-22 00:21:23-05:00,4,Drive Through,/enterprise/User/75716/,75716,/enterprise/User/52540/,52540,,,,23.780000,,0.000000,,,,1.960000,25.740000,0.000000,0.000000,0.000000,0.000000,0.000000,0.000000,0.000000,0.000000,0.000000,1.960000,0.000000,0.000000,8.250000,0.000000,"[{""max_quantity_threshold"": 0, ""min_quantity_threshold"": 0, ""fiscal_rate"": ""2"", ""uuid"": ""3f24d088-c838-4e95-bf71-7b4996b8c8c4"", ""name"": ""Sales Tax"", ""max_threshold"": ""0.0000"", ""min_threshold"": ""0.0000"", ""rounding_type"": 0, ""on_full_price"": true, ""order"": ""/resources/Order/15136092/"", ""is_prevailing"": true, ""tax_rate"": ""8.2500"", ""tax_table"": null, ""id"": 15180267, ""local_tax_id"": 590, ""tax_type"": 0, ""dining_options"": null, ""resource_uri"": ""/resources/AppliedTaxOrder/15180267/""}]",[],"[""/resources/OrderHistory/9056952/""]","""{\""service_fees\"":[],\""discounts\"":[]}""",,,,,{},,"""""","{""status"": 2, ""was_shown"": false}",,,15136092,true,false,false,false,false,Q,,,,0,true,true,false,0,,,true,false,3,115838,,0,2f6af8a705496b8c0eca7070f5d01f36,false,false,false,false,,1,2,[2],"[{""id"": 8796809, ""payment_type"": 2, ""other_payment_type"": null, ""amount"": ""25.740000"", ""tip"": ""0.000000"", ""gratuity"": ""0.000000"", ""refunded"": false, ""refund_transaction_id"": null, ""transaction_status"": ""Captured"", ""transaction_id"": ""01Z6NUHVEI00P812QN3H41QS5JVG5ACE"", ""card_type"": 0, ""payment_date"": ""2026-06-22T00:21:23"", ""created_date"": ""2026-06-21T15:29:39"", ""station"": ""/resources/PosStation/1151/"", ""online"": false}]",false,false,10,false
15140062,d709b235-9030-4f92-a0d5-c7692c5c122d,26,LCF Nederland,2026-06-21T18:01:31,2026-06-21 18:01:31-05:00,2026-06-21T18:01:31,2026-06-21 18:01:31-05:00,1,Eat In,/enterprise/User/75716/,75716,/enterprise/User/75716/,75716,,,,0.000000,,0.000000,,,,0.000000,0.000000,0.000000,0.000000,0.000000,0.000000,0.000000,,0.000000,0.000000,0.000000,0.000000,0.000000,0.000000,8.250000,0.000000,"[{""max_quantity_threshold"": 0, ""min_quantity_threshold"": 0, ""fiscal_rate"": ""2"", ""uuid"": ""c704773a-bc4e-45e0-97b5-fe9688dddee3"", ""name"": ""Sales Tax"", ""max_threshold"": ""0.0000"", ""min_threshold"": ""0.0000"", ""rounding_type"": 0, ""on_full_price"": true, ""order"": ""/resources/Order/15140062/"", ""is_prevailing"": true, ""tax_rate"": ""8.2500"", ""tax_table"": null, ""id"": 15184245, ""local_tax_id"": 590, ""tax_type"": 0, ""dining_options"": null, ""resource_uri"": ""/resources/AppliedTaxOrder/15184245/""}]",[],[],"""{\""service_fees\"":[],\""discounts\"":[]}""",,,,,,,"""""",,,,,false,false,true,false,false,Q,,,,0,false,false,false,0,,,true,false,,,,0,,false,false,false,false,,0,,,,false,false,0,false
15144566,75380d6b-7aff-4910-a6a5-be12a4c47437,26,LCF Nederland,2026-06-21T20:52:05,2026-06-21 20:52:05-05:00,2026-06-21T20:56:53,2026-06-21 20:56:53-05:00,100,DD Marketplace,/enterprise/User/1/,1,/enterprise/User/75716/,75716,,,13922,35.710000,,0.000000,,,,2.950000,38.660000,0.000000,0.000000,0.000000,0.000000,0.000000,0.000000,0.000000,0.000000,0.000000,2.950000,0.000000,0.000000,8.250000,0.000000,"[{""max_quantity_threshold"": 0, ""min_quantity_threshold"": 0, ""fiscal_rate"": ""2"", ""uuid"": ""536346eb-0167-4c83-be8b-97bcb4aa33db"", ""name"": ""Sales Tax"", ""max_threshold"": ""0.0000"", ""min_threshold"": ""0.0000"", ""rounding_type"": 0, ""on_full_price"": true, ""order"": ""/resources/Order/15144566/"", ""is_prevailing"": true, ""tax_rate"": ""8.2500"", ""tax_table"": null, ""id"": 15188713, ""local_tax_id"": 590, ""tax_type"": 0, ""dining_options"": null, ""resource_uri"": ""/resources/AppliedTaxOrder/15188713/""}]",[],"[""/resources/OrderHistory/9061867/""]","""{\""service_fees\"":[],\""discounts\"":[]}""",,,,,{},,"""null""",,,,458bc14e,true,false,false,false,true,Q,,,,0,true,true,false,0,,,true,false,6,115882,,0,2ecc28e704b0b0194bc07ebeeb3ac4ec,false,false,true,false,,1,209,[209],"[{""id"": 8801603, ""payment_type"": 209, ""other_payment_type"": null, ""amount"": ""38.660000"", ""tip"": ""0.000000"", ""gratuity"": ""0.000000"", ""refunded"": false, ""refund_transaction_id"": null, ""transaction_status"": null, ""transaction_id"": ""629197cf-2a0a-401f-a715-01406dac397e"", ""card_type"": null, ""payment_date"": ""2026-06-21T20:52:05"", ""created_date"": ""2026-06-21T20:52:05"", ""station"": ""/resources/PosStation/1150/"", ""online"": true}]",false,false,3,false
15147384,42adb884-1b0a-40a9-98f8-a4bef66ecf74,26,LCF Nederland,2026-06-22T00:22:37,2026-06-22 00:22:37-05:00,2026-06-22T00:22:37,2026-06-22 00:22:37-05:00,4,Drive Through,/enterprise/User/52540/,52540,/enterprise/User/52540/,52540,,,,0.000000,,0.000000,,,,0.000000,0.000000,0.000000,0.000000,0.000000,0.000000,0.000000,,0.000000,0.000000,0.000000,0.000000,0.000000,0.000000,8.250000,0.000000,"[{""max_quantity_threshold"": 0, ""min_quantity_threshold"": 0, ""fiscal_rate"": ""2"", ""uuid"": ""7ccaab28-3875-410d-a0c9-f0c356a6026f"", ""name"": ""Sales Tax"", ""max_threshold"": ""0.0000"", ""min_threshold"": ""0.0000"", ""rounding_type"": 0, ""on_full_price"": true, ""order"": ""/resources/Order/15147384/"", ""is_prevailing"": true, ""tax_rate"": ""8.2500"", ""tax_table"": null, ""id"": 15191446, ""local_tax_id"": 590, ""tax_type"": 0, ""dining_options"": null, ""resource_uri"": ""/resources/AppliedTaxOrder/15191446/""}]",[],[],"""{\""service_fees\"":[],\""discounts\"":[]}""",,,,,,,"""""","{""status"": 0, ""was_shown"": false}",,,,false,false,true,false,false,Q,,,,0,false,false,false,0,,,true,false,,,,0,,false,false,false,false,,0,,,,false,false,0,false
15151907,5d58ac4a-e789-463a-a3e2-32665b8bacb2,26,LCF Nederland,2026-06-22T12:27:29,2026-06-22 12:27:29-05:00,2026-06-22T12:27:29,2026-06-22 12:27:29-05:00,1,Eat In,/enterprise/User/38670/,38670,/enterprise/User/38670/,38670,,,,0.000000,,0.000000,,,,0.000000,0.000000,0.000000,0.000000,0.000000,0.000000,0.000000,,0.000000,0.000000,0.000000,0.000000,0.000000,0.000000,8.250000,0.000000,"[{""max_quantity_threshold"": 0, ""min_quantity_threshold"": 0, ""fiscal_rate"": ""2"", ""uuid"": ""a1b9c1d1-afe2-4a94-b121-4ec49daf4330"", ""name"": ""Sales Tax"", ""max_threshold"": ""0.0000"", ""min_threshold"": ""0.0000"", ""rounding_type"": 0, ""on_full_price"": true, ""order"": ""/resources/Order/15151907/"", ""is_prevailing"": true, ""tax_rate"": ""8.2500"", ""tax_table"": null, ""id"": 15196010, ""local_tax_id"": 590, ""tax_type"": 0, ""dining_options"": null, ""resource_uri"": ""/resources/AppliedTaxOrder/15196010/""}]",[],[],"""{\""service_fees\"":[],\""discounts\"":[]}""",,,,,,,"""""",,,,,false,false,true,false,false,Q,,,,0,false,false,false,0,,,true,false,,,,0,,false,false,false,false,,0,,,,false,false,0,false
15156497,40df630b-2319-4ce9-93b5-fddc95387daf,26,LCF Nederland,2026-06-22T14:45:43,2026-06-22 14:45:43-05:00,2026-06-22T14:45:43,2026-06-22 14:45:43-05:00,1,Eat In,/enterprise/User/37532/,37532,/enterprise/User/37532/,37532,,,,0.000000,,0.000000,,,,0.000000,0.000000,0.000000,0.000000,0.000000,0.000000,0.000000,,0.000000,0.000000,0.000000,0.000000,0.000000,0.000000,8.250000,0.000000,"[{""max_quantity_threshold"": 0, ""min_quantity_threshold"": 0, ""fiscal_rate"": ""2"", ""uuid"": ""58f032e0-d00a-4197-87cf-a5ccfb18fce6"", ""name"": ""Sales Tax"", ""max_threshold"": ""0.0000"", ""min_threshold"": ""0.0000"", ""rounding_type"": 0, ""on_full_price"": true, ""order"": ""/resources/Order/15156497/"", ""is_prevailing"": true, ""tax_rate"": ""8.2500"", ""tax_table"": null, ""id"": 15200622, ""local_tax_id"": 590, ""tax_type"": 0, ""dining_options"": null, ""resource_uri"": ""/resources/AppliedTaxOrder/15200622/""}]",[],[],"""{\""service_fees\"":[],\""discounts\"":[]}""",,,,,,,"""""",,,,,false,false,true,false,false,Q,,,,0,false,false,false,0,,,true,false,,,,0,,false,false,false,false,,0,,,,false,false,0,false
15159429,c20fcbd6-f7a3-4b60-9e2f-a3b5b4849834,26,LCF Nederland,2026-06-22T16:46:38,2026-06-22 16:46:38-05:00,2026-06-22T18:02:24,2026-06-22 18:02:24-05:00,100,DD Marketplace,/enterprise/User/35616/,35616,/enterprise/User/35616/,35616,/enterprise/User/35616/,35616,13922,24.130000,0.370000,0.370000,0.370000,,,1.960000,25.720000,0.000000,0.000000,0.000000,0.000000,0.000000,0.000000,0.000000,0.000000,0.000000,1.960000,0.000000,0.000000,8.250000,0.000000,"[{""max_quantity_threshold"": 0, ""min_quantity_threshold"": 0, ""fiscal_rate"": ""2"", ""uuid"": ""7c99eea7-da2a-4b54-9916-0145895ce938"", ""name"": ""Sales Tax"", ""max_threshold"": ""0.0000"", ""min_threshold"": ""0.0000"", ""rounding_type"": 0, ""on_full_price"": true, ""order"": ""/resources/Order/15159429/"", ""is_prevailing"": true, ""tax_rate"": ""8.2500"", ""tax_table"": null, ""id"": 15203578, ""local_tax_id"": 590, ""tax_type"": 0, ""dining_options"": null, ""resource_uri"": ""/resources/AppliedTaxOrder/15203578/""}]","[{""rule_type"": 0, ""discounted_by"": null, ""name"": ""DSP Open Discount"", ""rule_amount"": ""0.370000"", ""discount_amount"": ""0.370000"", ""tax_amount_included"": ""0.000000"", ""discount_function"": 0, ""qty"": 0, ""discount"": ""/resources/Discount/7310/"", ""taxed"": true, ""id"": 542883, ""stackable_type"": 0, ""resource_uri"": ""/resources/AppliedDiscountOrder/542883/"", ""order"": ""/resources/Order/15159429/"", ""discount_code"": """", ""uuid"": ""a1242a2d-6dec-4cdf-824c-d47c4e1892ee""}]","[""/resources/OrderHistory/9070728/""]","""{\""service_fees\"":[],\""discounts\"":[]}""",,,,,{},,"""null""",,,,1a3462a5,true,false,false,true,true,Q,DSP Open Discount,,0,0,true,true,false,0,,,true,false,6,115966,,0,b204a60691403a81f51a1b8a2250fa10,false,false,false,false,,1,209,[209],"[{""id"": 8810224, ""payment_type"": 209, ""other_payment_type"": null, ""amount"": ""25.720000"", ""tip"": ""0.000000"", ""gratuity"": ""0.000000"", ""refunded"": false, ""refund_transaction_id"": null, ""transaction_status"": null, ""transaction_id"": ""c2ef137c-b20b-4b9b-96f7-60ee1bcdf0b0"", ""card_type"": null, ""payment_date"": ""2026-06-22T16:46:38"", ""created_date"": ""2026-06-22T16:46:38"", ""station"": ""/resources/PosStation/1150/"", ""online"": true}]",false,false,2,false
15163265,264f2437-943c-4cc8-9d40-bc0f6f7611aa,26,LCF Nederland,2026-06-22T19:03:51,2026-06-22 19:03:51-05:00,2026-06-22T19:08:56,2026-06-22 19:08:56-05:00,4,Drive Through,/enterprise/User/52540/,52540,/enterprise/User/84406/,84406,,,,13.990000,,0.000000,,,,1.150000,15.140000,0.000000,0.000000,0.000000,0.000000,0.000000,0.000000,0.000000,0.000000,0.000000,1.150000,0.000000,0.000000,8.250000,0.000000,"[{""max_quantity_threshold"": 0, ""min_quantity_threshold"": 0, ""fiscal_rate"": ""2"", ""uuid"": ""aad266e1-029d-4a8b-ad49-24aae15d9fbf"", ""name"": ""Sales Tax"", ""max_threshold"": ""0.0000"", ""min_threshold"": ""0.0000"", ""rounding_type"": 0, ""on_full_price"": true, ""order"": ""/resources/Order/15163265/"", ""is_prevailing"": true, ""tax_rate"": ""8.2500"", ""tax_table"": null, ""id"": 15207422, ""local_tax_id"": 590, ""tax_type"": 0, ""dining_options"": null, ""resource_uri"": ""/resources/AppliedTaxOrder/15207422/""}]",[],"[""/resources/OrderHistory/9072965/""]","""{\""service_fees\"":[],\""discounts\"":[]}""",,,,,{},,"""""","{""status"": 2, ""was_shown"": false}",,,15163265,true,false,false,false,false,Q,,,,0,true,true,false,0,,,true,false,2,115987,,0,99db10a461150352b0213b0edd6b4336,false,false,false,false,,1,1,[1],"[{""id"": 8812420, ""payment_type"": 1, ""other_payment_type"": null, ""amount"": ""15.140000"", ""tip"": ""0.000000"", ""gratuity"": ""0.000000"", ""refunded"": false, ""refund_transaction_id"": null, ""transaction_status"": null, ""transaction_id"": ""1782173301"", ""card_type"": null, ""payment_date"": ""2026-06-22T19:08:20"", ""created_date"": ""2026-06-22T19:08:20"", ""station"": ""/resources/PosStation/1151/"", ""online"": false}]",false,false,6,false
15165545,a30f0058-9228-44ed-bd55-24db90b90a03,26,LCF Nederland,2026-06-22T20:34:11,2026-06-22 20:34:11-05:00,2026-06-23T00:16:28,2026-06-23 00:16:28-05:00,4,Drive Through,/enterprise/User/52540/,52540,/enterprise/User/84406/,84406,,,,13.990000,,0.000000,,,,1.150000,15.140000,0.000000,0.000000,0.000000,0.000000,0.000000,0.000000,0.000000,0.000000,0.000000,1.150000,0.000000,0.000000,8.250000,0.000000,"[{""max_quantity_threshold"": 0, ""min_quantity_threshold"": 0, ""fiscal_rate"": ""2"", ""uuid"": ""058a1a71-b7dd-4311-8039-6afd076be5a9"", ""name"": ""Sales Tax"", ""max_threshold"": ""0.0000"", ""min_threshold"": ""0.0000"", ""rounding_type"": 0, ""on_full_price"": true, ""order"": ""/resources/Order/15165545/"", ""is_prevailing"": true, ""tax_rate"": ""8.2500"", ""tax_table"": null, ""id"": 15209673, ""local_tax_id"": 590, ""tax_type"": 0, ""dining_options"": null, ""resource_uri"": ""/resources/AppliedTaxOrder/15209673/""}]",[],"[""/resources/OrderHistory/9074458/""]","""{\""service_fees\"":[],\""discounts\"":[]}""",,,,,{},,"""""","{""status"": 2, ""was_shown"": false}",,,15165545,true,false,false,false,false,Q,,,,0,true,true,false,0,,,true,false,3,116011,,0,2582a7f169a5bed2fd63b70e1eb9dd03,false,false,false,false,,1,2,[2],"[{""id"": 8813816, ""payment_type"": 2, ""other_payment_type"": null, ""amount"": ""15.140000"", ""tip"": ""0.000000"", ""gratuity"": ""0.000000"", ""refunded"": false, ""refund_transaction_id"": null, ""transaction_status"": ""Captured"", ""transaction_id"": ""01Z6NUKJHC00P812R1PNGDFJA30GM3AT"", ""card_type"": 2, ""payment_date"": ""2026-06-23T00:16:28"", ""created_date"": ""2026-06-22T20:34:51"", ""station"": ""/resources/PosStation/1151/"", ""online"": false}]",false,false,5,false
15168207,9115d87d-8b2b-4a78-8fcb-ed32da3003eb,26,LCF Nederland,2026-06-22T22:33:57,2026-06-22 22:33:57-05:00,2026-06-22T22:33:57,2026-06-22 22:33:57-05:00,4,Drive Through,/enterprise/User/52540/,52540,/enterprise/User/52540/,52540,,,,0.000000,,0.000000,,,,0.000000,0.000000,0.000000,0.000000,0.000000,0.000000,0.000000,,0.000000,0.000000,0.000000,0.000000,0.000000,0.000000,8.250000,0.000000,"[{""max_quantity_threshold"": 0, ""min_quantity_threshold"": 0, ""fiscal_rate"": ""2"", ""uuid"": ""ca22b84d-f8cd-4206-884b-ecd25fb213e8"", ""name"": ""Sales Tax"", ""max_threshold"": ""0.0000"", ""min_threshold"": ""0.0000"", ""rounding_type"": 0, ""on_full_price"": true, ""order"": ""/resources/Order/15168207/"", ""is_prevailing"": true, ""tax_rate"": ""8.2500"", ""tax_table"": null, ""id"": 15212277, ""local_tax_id"": 590, ""tax_type"": 0, ""dining_options"": null, ""resource_uri"": ""/resources/AppliedTaxOrder/15212277/""}]",[],[],"""{\""service_fees\"":[],\""discounts\"":[]}""",,,,,,,"""""","{""status"": 0, ""was_shown"": false}",,,,false,false,true,false,false,Q,,,,0,false,false,false,0,,,true,false,,,,0,,false,false,false,false,,0,,,,false,false,0,false
15171028,e490b228-6417-4adf-bc92-c950c3406bcc,26,LCF Nederland,2026-06-23T11:36:06,2026-06-23 11:36:06-05:00,2026-06-23T11:36:06,2026-06-23 11:36:06-05:00,1,Eat In,/enterprise/User/37426/,37426,/enterprise/User/37426/,37426,,,,0.000000,,0.000000,,,,0.000000,0.000000,0.000000,0.000000,0.000000,0.000000,0.000000,,0.000000,0.000000,0.000000,0.000000,0.000000,0.000000,8.250000,0.000000,"[{""max_quantity_threshold"": 0, ""min_quantity_threshold"": 0, ""fiscal_rate"": ""2"", ""uuid"": ""3f215981-9ede-4603-b6ba-7dfe73c3d297"", ""name"": ""Sales Tax"", ""max_threshold"": ""0.0000"", ""min_threshold"": ""0.0000"", ""rounding_type"": 0, ""on_full_price"": true, ""order"": ""/resources/Order/15171028/"", ""is_prevailing"": true, ""tax_rate"": ""8.2500"", ""tax_table"": null, ""id"": 15215102, ""local_tax_id"": 590, ""tax_type"": 0, ""dining_options"": null, ""resource_uri"": ""/resources/AppliedTaxOrder/15215102/""}]",[],[],"""{\""service_fees\"":[],\""discounts\"":[]}""",,,,,,,"""""",,,,,false,false,true,false,false,Q,,,,0,false,false,false,0,,,true,false,,,,0,,false,false,false,false,,0,,,,false,false,0,false
15174942,3824f0b6-8ce8-431d-a985-1e6e1f645408,26,LCF Nederland,2026-06-23T13:07:05,2026-06-23 13:07:05-05:00,2026-06-23T13:09:27,2026-06-23 13:09:27-05:00,4,Drive Through,/enterprise/User/38670/,38670,/enterprise/User/38670/,38670,,,,10.480000,,0.000000,,,,0.860000,11.340000,0.000000,0.000000,0.000000,0.000000,0.000000,0.000000,0.000000,0.000000,0.000000,0.860000,0.000000,0.000000,8.250000,0.000000,"[{""max_quantity_threshold"": 0, ""min_quantity_threshold"": 0, ""fiscal_rate"": ""2"", ""uuid"": ""a18320dc-ca24-4c03-b9e1-6d400a0603b1"", ""name"": ""Sales Tax"", ""max_threshold"": ""0.0000"", ""min_threshold"": ""0.0000"", ""rounding_type"": 0, ""on_full_price"": true, ""order"": ""/resources/Order/15174942/"", ""is_prevailing"": true, ""tax_rate"": ""8.2500"", ""tax_table"": null, ""id"": 15219034, ""local_tax_id"": 590, ""tax_type"": 0, ""dining_options"": null, ""resource_uri"": ""/resources/AppliedTaxOrder/15219034/""}]",[],"[""/resources/OrderHistory/9079996/""]","""{\""service_fees\"":[],\""discounts\"":[]}""",,,,,{},,"""""","{""status"": 2, ""was_shown"": false}",,,15174942,true,false,false,false,false,Q,,,,0,true,true,false,0,,,true,false,2,116079,,0,69bdee9ca806a9ec9044064c270a2318,false,false,false,false,,1,1,[1],"[{""id"": 8819263, ""payment_type"": 1, ""other_payment_type"": null, ""amount"": ""11.340000"", ""tip"": ""0.000000"", ""gratuity"": ""0.000000"", ""refunded"": false, ""refund_transaction_id"": null, ""transaction_status"": null, ""transaction_id"": ""1782238066"", ""card_type"": null, ""payment_date"": ""2026-06-23T13:07:46"", ""created_date"": ""2026-06-23T13:07:46"", ""station"": ""/resources/PosStation/1151/"", ""online"": false}]",false,false,5,false
15178199,7e58e962-2536-43b4-b0a0-4535daf51579,26,LCF Nederland,2026-06-23T14:59:15,2026-06-23 14:59:15-05:00,2026-06-24T00:38:36,2026-06-24 00:38:36-05:00,4,Drive Through,/enterprise/User/38670/,38670,/enterprise/User/84406/,84406,,,,9.790000,,0.000000,,,,0.810000,10.600000,0.000000,0.000000,0.000000,0.000000,0.000000,0.000000,0.000000,0.000000,0.000000,0.810000,0.000000,0.000000,8.250000,0.000000,"[{""max_quantity_threshold"": 0, ""min_quantity_threshold"": 0, ""fiscal_rate"": ""2"", ""uuid"": ""3d355542-7315-418e-879c-d006b410b3d3"", ""name"": ""Sales Tax"", ""max_threshold"": ""0.0000"", ""min_threshold"": ""0.0000"", ""rounding_type"": 0, ""on_full_price"": true, ""order"": ""/resources/Order/15178199/"", ""is_prevailing"": true, ""tax_rate"": ""8.2500"", ""tax_table"": null, ""id"": 15222321, ""local_tax_id"": 590, ""tax_type"": 0, ""dining_options"": null, ""resource_uri"": ""/resources/AppliedTaxOrder/15222321/""}]",[],"[""/resources/OrderHistory/9081889/""]","""{\""service_fees\"":[],\""discounts\"":[]}""",,,,,{},,"""""","{""status"": 2, ""was_shown"": false}",,,15178199,true,false,false,false,false,Q,,,,0,true,true,false,0,,,true,false,4,116105,,0,506b5d2afcc08402fde0e9128fb39f7a,false,false,false,false,,1,2,[2],"[{""id"": 8821121, ""payment_type"": 2, ""other_payment_type"": null, ""amount"": ""10.600000"", ""tip"": ""0.000000"", ""gratuity"": ""0.000000"", ""refunded"": false, ""refund_transaction_id"": null, ""transaction_status"": ""Captured"", ""transaction_id"": ""01Z6NUN96S00P812RD46G8A3H3H15S4Z"", ""card_type"": 3, ""payment_date"": ""2026-06-24T00:38:36"", ""created_date"": ""2026-06-23T15:02:51"", ""station"": ""/resources/PosStation/1151/"", ""online"": false}]",false,false,5,false
15182352,73a1ffa7-76ae-4089-b056-87f20d69a422,26,LCF Nederland,2026-06-23T17:46:04,2026-06-23 17:46:04-05:00,2026-06-23T17:53:57,2026-06-23 17:53:57-05:00,8,Pickup,/enterprise/User/1/,1,/enterprise/User/88846/,88846,,,259033,18.480000,,0.000000,,,,1.520000,20.000000,0.000000,0.000000,0.000000,0.000000,0.000000,0.000000,0.000000,0.000000,0.000000,1.520000,0.000000,0.000000,8.250000,0.000000,"[{""max_quantity_threshold"": 0, ""min_quantity_threshold"": 0, ""fiscal_rate"": ""2"", ""uuid"": ""8564784a-94a7-4ecd-8d98-dcde415ee6c6"", ""name"": ""Sales Tax"", ""max_threshold"": ""0.0000"", ""min_threshold"": ""0.0000"", ""rounding_type"": 0, ""on_full_price"": true, ""order"": ""/resources/Order/15182352/"", ""is_prevailing"": true, ""tax_rate"": ""8.2500"", ""tax_table"": null, ""id"": 15226509, ""local_tax_id"": 590, ""tax_type"": 0, ""dining_options"": null, ""resource_uri"": ""/resources/AppliedTaxOrder/15226509/""}]",[],"[""/resources/OrderHistory/9084201/""]","""{\""service_fees\"":[],\""discounts\"":[]}""",,,"{""status"": 2, ""pickup_type"": 1, ""send_confirmation"": true, ""vehicle_color"": null, ""vehicle_make"": null, ""call_name"": ""StoreFront / Kassidy Riley / Jun 23, 17:57 / +14095490543"", ""customer_arrived"": false, ""vehicle_type"": null, ""phone_number"": ""+14095490543"", ""email"": ""kass_redfern22@yahoo.com""}",,{},,"""null""",,,,38796f90,true,false,false,false,true,Q,,,,0,true,true,false,0,,,true,false,6,116131,,0,fc862409e9bfc5beda53168c384cdaa9,false,false,true,false,,1,209,[209],"[{""id"": 8823274, ""payment_type"": 209, ""other_payment_type"": null, ""amount"": ""20.000000"", ""tip"": ""0.000000"", ""gratuity"": ""0.000000"", ""refunded"": false, ""refund_transaction_id"": null, ""transaction_status"": null, ""transaction_id"": ""f58d5b27-9190-4e91-ace6-23ee079cce61"", ""card_type"": null, ""payment_date"": ""2026-06-23T17:46:04"", ""created_date"": ""2026-06-23T17:46:04"", ""station"": ""/resources/PosStation/1150/"", ""online"": true}]",false,false,2,false
15185068,9228ef4d-b55c-4d13-b871-7bea2f28ca9e,26,LCF Nederland,2026-06-23T19:16:47,2026-06-23 19:16:47-05:00,2026-06-24T00:38:47,2026-06-24 00:38:47-05:00,4,Drive Through,/enterprise/User/75716/,75716,/enterprise/User/84406/,84406,,,,27.980000,,0.000000,,,,2.310000,30.290000,0.000000,0.000000,0.000000,0.000000,0.000000,0.000000,0.000000,0.000000,0.000000,2.310000,0.000000,0.000000,8.250000,0.000000,"[{""max_quantity_threshold"": 0, ""min_quantity_threshold"": 0, ""fiscal_rate"": ""2"", ""uuid"": ""544854f4-d0f9-4c64-b8cd-3a64321fc823"", ""name"": ""Sales Tax"", ""max_threshold"": ""0.0000"", ""min_threshold"": ""0.0000"", ""rounding_type"": 0, ""on_full_price"": true, ""order"": ""/resources/Order/15185068/"", ""is_prevailing"": true, ""tax_rate"": ""8.2500"", ""tax_table"": null, ""id"": 15229226, ""local_tax_id"": 590, ""tax_type"": 0, ""dining_options"": null, ""resource_uri"": ""/resources/AppliedTaxOrder/15229226/""}]",[],"[""/resources/OrderHistory/9085892/""]","""{\""service_fees\"":[],\""discounts\"":[]}""",,,,,{},,"""""","{""status"": 2, ""was_shown"": false}",,,15185068,true,false,false,false,false,Q,,,,0,true,true,false,0,,,true,false,3,116152,,0,495950a8633b3bdb41b9a66d59c2e84e,false,false,false,false,,1,2,[2],"[{""id"": 8824975, ""payment_type"": 2, ""other_payment_type"": null, ""amount"": ""30.290000"", ""tip"": ""0.000000"", ""gratuity"": ""0.000000"", ""refunded"": false, ""refund_transaction_id"": null, ""transaction_status"": ""Captured"", ""transaction_id"": ""01Z6NUN97700P812RD46V5J4RDGVN13B"", ""card_type"": 3, ""payment_date"": ""2026-06-24T00:38:47"", ""created_date"": ""2026-06-23T19:19:02"", ""station"": ""/resources/PosStation/1151/"", ""online"": false}]",false,false,11,false
15188085,a9e2b81b-f731-49e6-859d-34cd2545c467,26,LCF Nederland,2026-06-23T21:09:51,2026-06-23 21:09:51-05:00,2026-06-23T21:09:51,2026-06-23 21:09:51-05:00,1,Eat In,/enterprise/User/75716/,75716,/enterprise/User/75716/,75716,,,,0.000000,,0.000000,,,,0.000000,0.000000,0.000000,0.000000,0.000000,0.000000,0.000000,,0.000000,0.000000,0.000000,0.000000,0.000000,0.000000,8.250000,0.000000,"[{""max_quantity_threshold"": 0, ""min_quantity_threshold"": 0, ""fiscal_rate"": ""2"", ""uuid"": ""e373eecc-6c31-47f4-ad9c-a0edc226d6c8"", ""name"": ""Sales Tax"", ""max_threshold"": ""0.0000"", ""min_threshold"": ""0.0000"", ""rounding_type"": 0, ""on_full_price"": true, ""order"": ""/resources/Order/15188085/"", ""is_prevailing"": true, ""tax_rate"": ""8.2500"", ""tax_table"": null, ""id"": 15232199, ""local_tax_id"": 590, ""tax_type"": 0, ""dining_options"": null, ""resource_uri"": ""/resources/AppliedTaxOrder/15232199/""}]",[],[],"""{\""service_fees\"":[],\""discounts\"":[]}""",,,,,,,"""""",,,,,false,false,true,false,false,Q,,,,0,false,false,false,0,,,true,false,,,,0,,false,false,false,false,,0,,,,false,false,0,false
15190967,0fd599c3-0dc1-4334-805b-2612c09941d7,26,LCF Nederland,2026-06-24T10:18:14,2026-06-24 10:18:14-05:00,2026-06-24T10:18:14,2026-06-24 10:18:14-05:00,1,Eat In,/enterprise/User/35616/,35616,/enterprise/User/35616/,35616,,,,0.000000,,0.000000,,,,0.000000,0.000000,0.000000,0.000000,0.000000,0.000000,0.000000,,0.000000,0.000000,0.000000,0.000000,0.000000,0.000000,8.250000,0.000000,"[{""max_quantity_threshold"": 0, ""min_quantity_threshold"": 0, ""fiscal_rate"": ""2"", ""uuid"": ""230e0e37-6394-447b-9f5e-6c7eac0755d0"", ""name"": ""Sales Tax"", ""max_threshold"": ""0.0000"", ""min_threshold"": ""0.0000"", ""rounding_type"": 0, ""on_full_price"": true, ""order"": ""/resources/Order/15190967/"", ""is_prevailing"": true, ""tax_rate"": ""8.2500"", ""tax_table"": null, ""id"": 15235010, ""local_tax_id"": 590, ""tax_type"": 0, ""dining_options"": null, ""resource_uri"": ""/resources/AppliedTaxOrder/15235010/""}]",[],[],"""{\""service_fees\"":[],\""discounts\"":[]}""",,,,,,,"""""",,,,,false,false,true,false,false,Q,,,,0,false,false,false,0,,,true,false,,,,0,,false,false,false,false,,0,,,,false,false,0,false
15192590,977e406b-098f-409e-8b22-56a677d9a533,26,LCF Nederland,2026-06-24T11:33:14,2026-06-24 11:33:14-05:00,2026-06-24T11:33:14,2026-06-24 11:33:14-05:00,4,Drive Through,/enterprise/User/35616/,35616,/enterprise/User/35616/,35616,,,,0.000000,,0.000000,,,,0.000000,0.000000,0.000000,0.000000,0.000000,0.000000,0.000000,,0.000000,0.000000,0.000000,0.000000,0.000000,0.000000,8.250000,0.000000,"[{""max_quantity_threshold"": 0, ""min_quantity_threshold"": 0, ""fiscal_rate"": ""2"", ""uuid"": ""0be61b94-e385-4df5-8f93-bbdfb6505356"", ""name"": ""Sales Tax"", ""max_threshold"": ""0.0000"", ""min_threshold"": ""0.0000"", ""rounding_type"": 0, ""on_full_price"": true, ""order"": ""/resources/Order/15192590/"", ""is_prevailing"": true, ""tax_rate"": ""8.2500"", ""tax_table"": null, ""id"": 15236667, ""local_tax_id"": 590, ""tax_type"": 0, ""dining_options"": null, ""resource_uri"": ""/resources/AppliedTaxOrder/15236667/""}]",[],[],"""{\""service_fees\"":[],\""discounts\"":[]}""",,,,,,,"""""","{""status"": 0, ""was_shown"": false}",,,,false,false,true,false,false,Q,,,,0,false,false,false,0,,,true,false,,,,0,,false,false,false,false,,0,,,,false,false,0,false
15194498,57e15c77-90d9-4bfd-add1-7006ce51cbff,26,LCF Nederland,2026-06-24T12:17:06,2026-06-24 12:17:06-05:00,2026-06-25T21:53:50,2026-06-25 21:53:50-05:00,1,Eat In,/enterprise/User/35616/,35616,/enterprise/User/35616/,35616,,,,10.480000,,0.000000,,,,0.860000,11.340000,0.000000,0.000000,0.000000,0.000000,0.000000,0.000000,0.000000,0.000000,0.000000,0.860000,0.000000,0.000000,8.250000,0.000000,"[{""max_quantity_threshold"": 0, ""min_quantity_threshold"": 0, ""fiscal_rate"": ""2"", ""uuid"": ""a0420742-2656-4d31-8887-df167e6df8a1"", ""name"": ""Sales Tax"", ""max_threshold"": ""0.0000"", ""min_threshold"": ""0.0000"", ""rounding_type"": 0, ""on_full_price"": true, ""order"": ""/resources/Order/15194498/"", ""is_prevailing"": true, ""tax_rate"": ""8.2500"", ""tax_table"": null, ""id"": 15238576, ""local_tax_id"": 590, ""tax_type"": 0, ""dining_options"": null, ""resource_uri"": ""/resources/AppliedTaxOrder/15238576/""}]",[],"[""/resources/OrderHistory/9091564/""]","""{\""service_fees\"":[],\""discounts\"":[]}""",,,,,{},,"""""",,,,15194498,true,false,false,false,false,Q,,,,0,true,true,false,0,,,true,false,6,116235,,0,2bc69163ee5cfceee57861738ffa4b36,false,false,false,false,,1,2,[2],"[{""id"": 8830502, ""payment_type"": 2, ""other_payment_type"": null, ""amount"": ""11.340000"", ""tip"": ""0.000000"", ""gratuity"": ""0.000000"", ""refunded"": false, ""refund_transaction_id"": null, ""transaction_status"": ""Captured"", ""transaction_id"": ""01Z6NUS89U00P812S3NGHDHNIGR59LQT"", ""card_type"": 3, ""payment_date"": ""2026-06-25T21:53:50"", ""created_date"": ""2026-06-24T12:17:24"", ""station"": ""/resources/PosStation/1157/"", ""online"": false}]",false,false,5,false
15197935,f6940631-a586-4e8a-aac1-088a9227069a,26,LCF Nederland,2026-06-24T13:36:35,2026-06-24 13:36:35-05:00,2026-06-24T13:36:35,2026-06-24 13:36:35-05:00,1,Eat In,/enterprise/User/35616/,35616,/enterprise/User/35616/,35616,,,,0.000000,,0.000000,,,,0.000000,0.000000,0.000000,0.000000,0.000000,0.000000,0.000000,,0.000000,0.000000,0.000000,0.000000,0.000000,0.000000,8.250000,0.000000,"[{""max_quantity_threshold"": 0, ""min_quantity_threshold"": 0, ""fiscal_rate"": ""2"", ""uuid"": ""1eab1d4c-b621-4a1b-ae5d-a7bd167c37ac"", ""name"": ""Sales Tax"", ""max_threshold"": ""0.0000"", ""min_threshold"": ""0.0000"", ""rounding_type"": 0, ""on_full_price"": true, ""order"": ""/resources/Order/15197935/"", ""is_prevailing"": true, ""tax_rate"": ""8.2500"", ""tax_table"": null, ""id"": 15241996, ""local_tax_id"": 590, ""tax_type"": 0, ""dining_options"": null, ""resource_uri"": ""/resources/AppliedTaxOrder/15241996/""}]",[],[],"""{\""service_fees\"":[],\""discounts\"":[]}""",,,,,,,"""""",,,,,false,false,true,false,false,Q,,,,0,false,false,false,0,,,true,false,,,,0,,false,false,false,false,,0,,,,false,false,0,false
15201164,6f5526ac-90e0-4144-b374-1b1d0fb97d59,26,LCF Nederland,2026-06-24T15:37:17,2026-06-24 15:37:17-05:00,2026-06-24T15:37:17,2026-06-24 15:37:17-05:00,4,Drive Through,/enterprise/User/38670/,38670,/enterprise/User/38670/,38670,,,,0.000000,,0.000000,,,,0.000000,0.000000,0.000000,0.000000,0.000000,0.000000,0.000000,,0.000000,0.000000,0.000000,0.000000,0.000000,0.000000,8.250000,0.000000,"[{""max_quantity_threshold"": 0, ""min_quantity_threshold"": 0, ""fiscal_rate"": ""2"", ""uuid"": ""eb6da97e-72a4-4e61-a881-c207c027592b"", ""name"": ""Sales Tax"", ""max_threshold"": ""0.0000"", ""min_threshold"": ""0.0000"", ""rounding_type"": 0, ""on_full_price"": true, ""order"": ""/resources/Order/15201164/"", ""is_prevailing"": true, ""tax_rate"": ""8.2500"", ""tax_table"": null, ""id"": 15245242, ""local_tax_id"": 590, ""tax_type"": 0, ""dining_options"": null, ""resource_uri"": ""/resources/AppliedTaxOrder/15245242/""}]",[],[],"""{\""service_fees\"":[],\""discounts\"":[]}""",,,,,,,"""""","{""status"": 0, ""was_shown"": false}",,,,false,false,true,false,false,Q,,,,0,false,false,false,0,,,true,false,,,,0,,false,false,false,false,,0,,,,false,false,0,false
15203374,08ca8a2f-5838-44d2-9d4e-03300d1f283f,26,LCF Nederland,2026-06-24T17:05:16,2026-06-24 17:05:16-05:00,2026-06-24T17:05:16,2026-06-24 17:05:16-05:00,4,Drive Through,/enterprise/User/38670/,38670,/enterprise/User/38670/,38670,,,,0.000000,,0.000000,,,,0.000000,0.000000,0.000000,0.000000,0.000000,0.000000,0.000000,,0.000000,0.000000,0.000000,0.000000,0.000000,0.000000,8.250000,0.000000,"[{""max_quantity_threshold"": 0, ""min_quantity_threshold"": 0, ""fiscal_rate"": ""2"", ""uuid"": ""37364b4d-e62e-4079-a937-20ecba9410a5"", ""name"": ""Sales Tax"", ""max_threshold"": ""0.0000"", ""min_threshold"": ""0.0000"", ""rounding_type"": 0, ""on_full_price"": true, ""order"": ""/resources/Order/15203374/"", ""is_prevailing"": true, ""tax_rate"": ""8.2500"", ""tax_table"": null, ""id"": 15247450, ""local_tax_id"": 590, ""tax_type"": 0, ""dining_options"": null, ""resource_uri"": ""/resources/AppliedTaxOrder/15247450/""}]",[],[],"""{\""service_fees\"":[],\""discounts\"":[]}""",,,,,,,"""""","{""status"": 0, ""was_shown"": false}",,,,false,false,true,false,false,Q,,,,0,false,false,false,0,,,true,false,,,,0,,false,false,false,false,,0,,,,false,false,0,false
15208314,46a88efe-ad84-4e05-925d-db0a9ee9d18e,26,LCF Nederland,2026-06-24T19:45:00,2026-06-24 19:45:00-05:00,2026-06-25T21:54:04,2026-06-25 21:54:04-05:00,4,Drive Through,/enterprise/User/52540/,52540,/enterprise/User/35616/,35616,,,,13.990000,,0.000000,,,,1.150000,15.140000,0.000000,0.000000,0.000000,0.000000,0.000000,0.000000,0.000000,0.000000,0.000000,1.150000,0.000000,0.000000,8.250000,0.000000,"[{""max_quantity_threshold"": 0, ""min_quantity_threshold"": 0, ""fiscal_rate"": ""2"", ""uuid"": ""e8a6f7a0-b864-4de9-a467-99106f434061"", ""name"": ""Sales Tax"", ""max_threshold"": ""0.0000"", ""min_threshold"": ""0.0000"", ""rounding_type"": 0, ""on_full_price"": true, ""order"": ""/resources/Order/15208314/"", ""is_prevailing"": true, ""tax_rate"": ""8.2500"", ""tax_table"": null, ""id"": 15252364, ""local_tax_id"": 590, ""tax_type"": 0, ""dining_options"": null, ""resource_uri"": ""/resources/AppliedTaxOrder/15252364/""}]",[],"[""/resources/OrderHistory/9099720/""]","""{\""service_fees\"":[],\""discounts\"":[]}""",,,,,{},,"""""","{""status"": 2, ""was_shown"": false}",,,15208314,true,false,false,false,false,Q,,,,0,true,true,false,0,,,true,false,5,116319,,0,417e4212c6cae0a5868c97d17f4f929f,false,false,false,false,,1,2,[2],"[{""id"": 8838427, ""payment_type"": 2, ""other_payment_type"": null, ""amount"": ""15.140000"", ""tip"": ""0.000000"", ""gratuity"": ""0.000000"", ""refunded"": false, ""refund_transaction_id"": null, ""transaction_status"": ""Captured"", ""transaction_id"": ""01Z6NUS8AC00P812S3NI1SSPTOE0I4VP"", ""card_type"": 3, ""payment_date"": ""2026-06-25T21:54:04"", ""created_date"": ""2026-06-24T19:45:44"", ""station"": ""/resources/PosStation/1151/"", ""online"": false}]",false,false,5,false
15212601,6cbff7f3-bb41-4301-8f2d-2cb1091141b0,26,LCF Nederland,2026-06-24T22:48:25,2026-06-24 22:48:25-05:00,2026-06-24T22:56:06,2026-06-24 22:56:06-05:00,100,DD Marketplace,/enterprise/User/1/,1,/enterprise/User/35616/,35616,,,13922,35.290000,,0.000000,,,,2.910000,38.200000,0.000000,0.000000,0.000000,0.000000,0.000000,0.000000,0.000000,0.000000,0.000000,2.910000,0.000000,0.000000,8.250000,0.000000,"[{""max_quantity_threshold"": 0, ""min_quantity_threshold"": 0, ""fiscal_rate"": ""2"", ""uuid"": ""bac8b5e7-3589-4f33-84b7-32c6e8f1350f"", ""name"": ""Sales Tax"", ""max_threshold"": ""0.0000"", ""min_threshold"": ""0.0000"", ""rounding_type"": 0, ""on_full_price"": true, ""order"": ""/resources/Order/15212601/"", ""is_prevailing"": true, ""tax_rate"": ""8.2500"", ""tax_table"": null, ""id"": 15256598, ""local_tax_id"": 590, ""tax_type"": 0, ""dining_options"": null, ""resource_uri"": ""/resources/AppliedTaxOrder/15256598/""}]",[],"[""/resources/OrderHistory/9102233/""]","""{\""service_fees\"":[],\""discounts\"":[]}""",,,,,{},,"""null""",,,,86fae353,true,false,false,false,true,Q,,,,0,true,true,false,0,,,true,false,6,116344,,0,4a19fc5a525044643c38e22d5ddad2fc,false,false,true,false,,1,209,[209],"[{""id"": 8840955, ""payment_type"": 209, ""other_payment_type"": null, ""amount"": ""38.200000"", ""tip"": ""0.000000"", ""gratuity"": ""0.000000"", ""refunded"": false, ""refund_transaction_id"": null, ""transaction_status"": null, ""transaction_id"": ""8175d8a4-a558-4497-8d8c-42b8347113d8"", ""card_type"": null, ""payment_date"": ""2026-06-24T22:48:25"", ""created_date"": ""2026-06-24T22:48:25"", ""station"": ""/resources/PosStation/1150/"", ""online"": true}]",false,false,4,false
15215268,8e7e7507-3768-4816-81e5-a4bf3979c3ca,26,LCF Nederland,2026-06-25T11:28:54,2026-06-25 11:28:54-05:00,2026-06-25T21:54:12,2026-06-25 21:54:12-05:00,4,Drive Through,/enterprise/User/52540/,52540,/enterprise/User/35616/,35616,,,,22.090000,,0.000000,,,,1.820000,23.910000,0.000000,0.000000,0.000000,0.000000,0.000000,0.000000,0.000000,0.000000,0.000000,1.820000,0.000000,0.000000,8.250000,0.000000,"[{""max_quantity_threshold"": 0, ""min_quantity_threshold"": 0, ""fiscal_rate"": ""2"", ""uuid"": ""3f32a140-1fb3-474f-9df3-5bb80c575406"", ""name"": ""Sales Tax"", ""max_threshold"": ""0.0000"", ""min_threshold"": ""0.0000"", ""rounding_type"": 0, ""on_full_price"": true, ""order"": ""/resources/Order/15215268/"", ""is_prevailing"": true, ""tax_rate"": ""8.2500"", ""tax_table"": null, ""id"": 15259267, ""local_tax_id"": 590, ""tax_type"": 0, ""dining_options"": null, ""resource_uri"": ""/resources/AppliedTaxOrder/15259267/""}]",[],"[""/resources/OrderHistory/9103855/""]","""{\""service_fees\"":[],\""discounts\"":[]}""",,,,,{},,"""""","{""status"": 2, ""was_shown"": false}",,,15215268,true,false,false,false,false,Q,,,,0,true,true,false,0,,,true,false,4,116365,,0,82a738beb2f04e074ce1a1412264a3ca,false,false,false,false,,1,2,[2],"[{""id"": 8842598, ""payment_type"": 2, ""other_payment_type"": null, ""amount"": ""23.910000"", ""tip"": ""0.000000"", ""gratuity"": ""0.000000"", ""refunded"": false, ""refund_transaction_id"": null, ""transaction_status"": ""Captured"", ""transaction_id"": ""01Z6NUS8AJ00P812S3NIN0HMBQERU5QK"", ""card_type"": 3, ""payment_date"": ""2026-06-25T21:54:12"", ""created_date"": ""2026-06-25T11:30:23"", ""station"": ""/resources/PosStation/1151/"", ""online"": false}]",false,false,10,false
15217437,7ca75a84-0913-4339-97c0-a4d8c32aa953,26,LCF Nederland,2026-06-25T12:15:49,2026-06-25 12:15:49-05:00,2026-06-25T21:54:19,2026-06-25 21:54:19-05:00,1,Eat In,/enterprise/User/35616/,35616,/enterprise/User/35616/,35616,,,,10.690000,,0.000000,,,,0.880000,11.570000,0.000000,0.000000,0.000000,0.000000,0.000000,0.000000,0.000000,0.000000,0.000000,0.880000,0.000000,0.000000,8.250000,0.000000,"[{""max_quantity_threshold"": 0, ""min_quantity_threshold"": 0, ""fiscal_rate"": ""2"", ""uuid"": ""70c6c0cd-37ea-432c-8101-0f95f684657f"", ""name"": ""Sales Tax"", ""max_threshold"": ""0.0000"", ""min_threshold"": ""0.0000"", ""rounding_type"": 0, ""on_full_price"": true, ""order"": ""/resources/Order/15217437/"", ""is_prevailing"": true, ""tax_rate"": ""8.2500"", ""tax_table"": null, ""id"": 15261447, ""local_tax_id"": 590, ""tax_type"": 0, ""dining_options"": null, ""resource_uri"": ""/resources/AppliedTaxOrder/15261447/""}]",[],"[""/resources/OrderHistory/9105281/""]","""{\""service_fees\"":[],\""discounts\"":[]}""",,,,,{},,"""""",,,,15217437,true,false,false,false,false,Q,,,,0,true,true,false,0,,,true,false,5,116396,,0,0127f0aeb21cfd36991eb7447a43f6f1,false,false,false,false,,1,2,[2],"[{""id"": 8844006, ""payment_type"": 2, ""other_payment_type"": null, ""amount"": ""11.570000"", ""tip"": ""1.600000"", ""gratuity"": ""0.000000"", ""refunded"": false, ""refund_transaction_id"": null, ""transaction_status"": ""Captured"", ""transaction_id"": ""01Z6NUS8AR00P812S3NJIPK16R1Q1CRO"", ""card_type"": 2, ""payment_date"": ""2026-06-25T21:54:19"", ""created_date"": ""2026-06-25T12:16:17"", ""station"": ""/resources/PosStation/1157/"", ""online"": false}]",false,false,4,false
15219986,2acceaaf-b1eb-4749-8f76-8d64d369feba,26,LCF Nederland,2026-06-25T13:10:10,2026-06-25 13:10:10-05:00,2026-06-25T13:10:10,2026-06-25 13:10:10-05:00,4,Drive Through,/enterprise/User/35616/,35616,/enterprise/User/35616/,35616,,,,0.000000,,0.000000,,,,0.000000,0.000000,0.000000,0.000000,0.000000,0.000000,0.000000,,0.000000,0.000000,0.000000,0.000000,0.000000,0.000000,8.250000,0.000000,"[{""max_quantity_threshold"": 0, ""min_quantity_threshold"": 0, ""fiscal_rate"": ""2"", ""uuid"": ""18f1cf60-eeaa-4ce7-b594-d0397d493982"", ""name"": ""Sales Tax"", ""max_threshold"": ""0.0000"", ""min_threshold"": ""0.0000"", ""rounding_type"": 0, ""on_full_price"": true, ""order"": ""/resources/Order/15219986/"", ""is_prevailing"": true, ""tax_rate"": ""8.2500"", ""tax_table"": null, ""id"": 15263999, ""local_tax_id"": 590, ""tax_type"": 0, ""dining_options"": null, ""resource_uri"": ""/resources/AppliedTaxOrder/15263999/""}]",[],[],"""{\""service_fees\"":[],\""discounts\"":[]}""",,,,,,,"""""","{""status"": 0, ""was_shown"": false}",,,,false,false,true,false,false,Q,,,,0,false,false,false,0,,,true,false,,,,0,,false,false,false,false,,0,,,,false,false,0,false
15222861,d5eb593b-2b03-490f-a91b-099d16ba1e1c,26,LCF Nederland,2026-06-25T14:30:24,2026-06-25 14:30:24-05:00,2026-06-25T14:30:24,2026-06-25 14:30:24-05:00,4,Drive Through,/enterprise/User/35616/,35616,/enterprise/User/35616/,35616,,,,0.000000,,0.000000,,,,0.000000,0.000000,0.000000,0.000000,0.000000,0.000000,0.000000,,0.000000,0.000000,0.000000,0.000000,0.000000,0.000000,8.250000,0.000000,"[{""max_quantity_threshold"": 0, ""min_quantity_threshold"": 0, ""fiscal_rate"": ""2"", ""uuid"": ""4a3359d8-d55d-4b75-a543-fabf150e3a4b"", ""name"": ""Sales Tax"", ""max_threshold"": ""0.0000"", ""min_threshold"": ""0.0000"", ""rounding_type"": 0, ""on_full_price"": true, ""order"": ""/resources/Order/15222861/"", ""is_prevailing"": true, ""tax_rate"": ""8.2500"", ""tax_table"": null, ""id"": 15266885, ""local_tax_id"": 590, ""tax_type"": 0, ""dining_options"": null, ""resource_uri"": ""/resources/AppliedTaxOrder/15266885/""}]",[],[],"""{\""service_fees\"":[],\""discounts\"":[]}""",,,,,,,"""""","{""status"": 0, ""was_shown"": false}",,,,false,false,true,false,false,Q,,,,0,false,false,false,0,,,true,false,,,,0,,false,false,false,false,,0,,,,false,false,0,false
15227403,30978aa9-934e-4ab0-9cc5-96c1e244b3ea,26,LCF Nederland,2026-06-25T17:14:37,2026-06-25 17:14:37-05:00,2026-06-25T17:47:09,2026-06-25 17:47:09-05:00,4,Drive Through,/enterprise/User/35616/,35616,/enterprise/User/35616/,35616,,,,31.370000,,0.000000,,,,2.590000,33.960000,0.000000,0.000000,0.000000,0.000000,0.000000,0.000000,0.000000,0.000000,0.000000,2.590000,0.000000,0.000000,8.250000,0.000000,"[{""max_quantity_threshold"": 0, ""min_quantity_threshold"": 0, ""fiscal_rate"": ""2"", ""uuid"": ""eba89ab4-2a47-4f63-a5fd-f1a1d9a3a287"", ""name"": ""Sales Tax"", ""max_threshold"": ""0.0000"", ""min_threshold"": ""0.0000"", ""rounding_type"": 0, ""on_full_price"": true, ""order"": ""/resources/Order/15227403/"", ""is_prevailing"": true, ""tax_rate"": ""8.2500"", ""tax_table"": null, ""id"": 15271425, ""local_tax_id"": 590, ""tax_type"": 0, ""dining_options"": null, ""resource_uri"": ""/resources/AppliedTaxOrder/15271425/""}]",[],"[""/resources/OrderHistory/9111208/""]","""{\""service_fees\"":[],\""discounts\"":[]}""",,,,,{},,"""""","{""status"": 2, ""was_shown"": false}",,,15227403,true,false,false,false,false,Q,,,,0,true,true,false,0,,,true,false,3,116471,,0,d9fe185b6c85c7adec48fec9f6cd6cad,false,false,false,false,,1,1,[1],"[{""id"": 8849681, ""payment_type"": 1, ""other_payment_type"": null, ""amount"": ""33.960000"", ""tip"": ""0.000000"", ""gratuity"": ""0.000000"", ""refunded"": false, ""refund_transaction_id"": null, ""transaction_status"": null, ""transaction_id"": ""1782425847"", ""card_type"": null, ""payment_date"": ""2026-06-25T17:17:27"", ""created_date"": ""2026-06-25T17:17:27"", ""station"": ""/resources/PosStation/1151/"", ""online"": false}]",false,false,13,false
15229373,88732974-790c-4125-8bd6-4aed3c789fa3,26,LCF Nederland,2026-06-25T18:14:29,2026-06-25 18:14:29-05:00,2026-06-25T18:14:29,2026-06-25 18:14:29-05:00,4,Drive Through,/enterprise/User/35616/,35616,/enterprise/User/35616/,35616,,,,0.000000,,0.000000,,,,0.000000,0.000000,0.000000,0.000000,0.000000,0.000000,0.000000,,0.000000,0.000000,0.000000,0.000000,0.000000,0.000000,8.250000,0.000000,"[{""max_quantity_threshold"": 0, ""min_quantity_threshold"": 0, ""fiscal_rate"": ""2"", ""uuid"": ""6ca8b935-047d-4493-ba1c-73c049e8cdbd"", ""name"": ""Sales Tax"", ""max_threshold"": ""0.0000"", ""min_threshold"": ""0.0000"", ""rounding_type"": 0, ""on_full_price"": true, ""order"": ""/resources/Order/15229373/"", ""is_prevailing"": true, ""tax_rate"": ""8.2500"", ""tax_table"": null, ""id"": 15273398, ""local_tax_id"": 590, ""tax_type"": 0, ""dining_options"": null, ""resource_uri"": ""/resources/AppliedTaxOrder/15273398/""}]",[],[],"""{\""service_fees\"":[],\""discounts\"":[]}""",,,,,,,"""""","{""status"": 0, ""was_shown"": false}",,,,false,false,true,false,false,Q,,,,0,false,false,false,0,,,true,false,,,,0,,false,false,false,false,,0,,,,false,false,0,false
15231630,90ac39d9-6c1a-44ab-a70e-5d7b9717ae4c,26,LCF Nederland,2026-06-25T19:37:31,2026-06-25 19:37:31-05:00,2026-06-25T19:39:31,2026-06-25 19:39:31-05:00,1,Eat In,/enterprise/User/84406/,84406,/enterprise/User/80870/,80870,,,,11.790000,,0.000000,,,,0.970000,12.760000,0.000000,0.000000,0.000000,0.000000,0.000000,0.000000,0.000000,0.000000,0.000000,0.970000,0.000000,0.000000,8.250000,0.000000,"[{""max_quantity_threshold"": 0, ""min_quantity_threshold"": 0, ""fiscal_rate"": ""2"", ""uuid"": ""731c6d74-30b5-4d1f-a6a1-f361aa275b77"", ""name"": ""Sales Tax"", ""max_threshold"": ""0.0000"", ""min_threshold"": ""0.0000"", ""rounding_type"": 0, ""on_full_price"": true, ""order"": ""/resources/Order/15231630/"", ""is_prevailing"": true, ""tax_rate"": ""8.2500"", ""tax_table"": null, ""id"": 15275640, ""local_tax_id"": 590, ""tax_type"": 0, ""dining_options"": null, ""resource_uri"": ""/resources/AppliedTaxOrder/15275640/""}]",[],"[""/resources/OrderHistory/9114036/""]","""{\""service_fees\"":[],\""discounts\"":[]}""",,,,,{},,"""""",,,,15231630,true,false,false,false,false,Q,,,,0,true,true,false,0,,,true,false,2,116514,,0,1acfef8c2965231a1e7acc6ab6b800e3,false,false,false,false,,1,1,[1],"[{""id"": 8852412, ""payment_type"": 1, ""other_payment_type"": null, ""amount"": ""12.760000"", ""tip"": ""0.000000"", ""gratuity"": ""0.000000"", ""refunded"": false, ""refund_transaction_id"": null, ""transaction_status"": null, ""transaction_id"": ""1782434286"", ""card_type"": null, ""payment_date"": ""2026-06-25T19:38:05"", ""created_date"": ""2026-06-25T19:38:05"", ""station"": ""/resources/PosStation/1157/"", ""online"": false}]",false,false,5,false
15235210,c0cd0c09-e2f4-4374-9772-b4a5b63a0884,26,LCF Nederland,2026-06-25T21:32:13,2026-06-25 21:32:13-05:00,2026-06-25T21:54:46,2026-06-25 21:54:46-05:00,4,Drive Through,/enterprise/User/75716/,75716,/enterprise/User/35616/,35616,,,,25.780000,,0.000000,,,,2.130000,27.910000,0.000000,0.000000,0.000000,0.000000,0.000000,0.000000,0.000000,0.000000,0.000000,2.130000,0.000000,0.000000,8.250000,0.000000,"[{""max_quantity_threshold"": 0, ""min_quantity_threshold"": 0, ""fiscal_rate"": ""2"", ""uuid"": ""92d096ae-518c-476e-9d00-69b97fa8812a"", ""name"": ""Sales Tax"", ""max_threshold"": ""0.0000"", ""min_threshold"": ""0.0000"", ""rounding_type"": 0, ""on_full_price"": true, ""order"": ""/resources/Order/15235210/"", ""is_prevailing"": true, ""tax_rate"": ""8.2500"", ""tax_table"": null, ""id"": 15279172, ""local_tax_id"": 590, ""tax_type"": 0, ""dining_options"": null, ""resource_uri"": ""/resources/AppliedTaxOrder/15279172/""}]",[],"[""/resources/OrderHistory/9116002/""]","""{\""service_fees\"":[],\""discounts\"":[]}""",,,,,{},,"""""","{""status"": 2, ""was_shown"": false}",,,15235210,true,false,false,false,false,Q,,,,0,true,true,false,0,,,true,false,3,116539,,0,aae4e37c846be9fdbc960149b02563d4,false,false,false,false,,1,2,[2],"[{""id"": 8854516, ""payment_type"": 2, ""other_payment_type"": null, ""amount"": ""27.910000"", ""tip"": ""0.000000"", ""gratuity"": ""0.000000"", ""refunded"": false, ""refund_transaction_id"": null, ""transaction_status"": ""Captured"", ""transaction_id"": ""01Z6NUS8BM00P812S3NMKCD0GO1IMNMW"", ""card_type"": 3, ""payment_date"": ""2026-06-25T21:54:46"", ""created_date"": ""2026-06-25T21:33:36"", ""station"": ""/resources/PosStation/1151/"", ""online"": false}]",false,false,10,false
15236943,3b62de2a-c5d1-40ab-9186-0d10a361443c,26,LCF Nederland,2026-06-25T23:01:34,2026-06-25 23:01:34-05:00,2026-06-25T23:07:04,2026-06-25 23:07:04-05:00,100,DD Marketplace,/enterprise/User/1/,1,/enterprise/User/84406/,84406,,,13922,12.960000,,0.000000,,,,1.070000,14.030000,0.000000,0.000000,0.000000,0.000000,0.000000,0.000000,0.000000,0.000000,0.000000,1.070000,0.000000,0.000000,8.250000,0.000000,"[{""max_quantity_threshold"": 0, ""min_quantity_threshold"": 0, ""fiscal_rate"": ""2"", ""uuid"": ""4dc85544-7a69-4f5c-bbad-ceb406e3a274"", ""name"": ""Sales Tax"", ""max_threshold"": ""0.0000"", ""min_threshold"": ""0.0000"", ""rounding_type"": 0, ""on_full_price"": true, ""order"": ""/resources/Order/15236943/"", ""is_prevailing"": true, ""tax_rate"": ""8.2500"", ""tax_table"": null, ""id"": 15280878, ""local_tax_id"": 590, ""tax_type"": 0, ""dining_options"": null, ""resource_uri"": ""/resources/AppliedTaxOrder/15280878/""}]",[],"[""/resources/OrderHistory/9116882/""]","""{\""service_fees\"":[],\""discounts\"":[]}""",,,,,{},,"""null""",,,,99bebb32,true,false,false,false,true,Q,,,,0,true,true,false,0,,,true,false,6,116560,,0,06a2fde5ab090f94ef4350d3c737b893,false,false,true,false,,1,209,[209],"[{""id"": 8855246, ""payment_type"": 209, ""other_payment_type"": null, ""amount"": ""14.030000"", ""tip"": ""0.000000"", ""gratuity"": ""0.000000"", ""refunded"": false, ""refund_transaction_id"": null, ""transaction_status"": null, ""transaction_id"": ""11cdf87c-0777-4dd7-8b88-80edea5e1c37"", ""card_type"": null, ""payment_date"": ""2026-06-25T23:01:34"", ""created_date"": ""2026-06-25T23:01:34"", ""station"": ""/resources/PosStation/1150/"", ""online"": true}]",false,false,1,false
15239621,7c579716-19ef-43d6-86f6-f8dd9df249b8,26,LCF Nederland,2026-06-26T11:38:49,2026-06-26 11:38:49-05:00,2026-06-27T00:21:06,2026-06-27 00:21:06-05:00,0,To Go,/enterprise/User/37532/,37532,/enterprise/User/52540/,52540,,,,9.790000,,0.000000,,,,0.810000,10.600000,0.000000,0.000000,0.000000,0.000000,0.000000,0.000000,0.000000,0.000000,0.000000,0.810000,0.000000,0.000000,8.250000,0.000000,"[{""max_quantity_threshold"": 0, ""min_quantity_threshold"": 0, ""fiscal_rate"": ""2"", ""uuid"": ""a7d29e7a-f034-4be5-838f-d151a338f099"", ""name"": ""Sales Tax"", ""max_threshold"": ""0.0000"", ""min_threshold"": ""0.0000"", ""rounding_type"": 0, ""on_full_price"": true, ""order"": ""/resources/Order/15239621/"", ""is_prevailing"": true, ""tax_rate"": ""8.2500"", ""tax_table"": null, ""id"": 15283564, ""local_tax_id"": 590, ""tax_type"": 0, ""dining_options"": null, ""resource_uri"": ""/resources/AppliedTaxOrder/15283564/""}]",[],"[""/resources/OrderHistory/9118680/""]","""{\""service_fees\"":[],\""discounts\"":[]}""",,,,,{},,"""""",,,,15239621,true,false,false,false,false,Q,,,,0,true,true,false,0,,,true,false,3,116586,,0,beb1c04944a48dcde586d52f9a8aac31,false,false,false,false,,1,2,[2],"[{""id"": 8857071, ""payment_type"": 2, ""other_payment_type"": null, ""amount"": ""10.600000"", ""tip"": ""0.000000"", ""gratuity"": ""0.000000"", ""refunded"": false, ""refund_transaction_id"": null, ""transaction_status"": ""Captured"", ""transaction_id"": ""01Z6NUV5A100P812SI6IL8HR5OG31HQJ"", ""card_type"": 1, ""payment_date"": ""2026-06-27T00:21:06"", ""created_date"": ""2026-06-26T11:40:28"", ""station"": ""/resources/PosStation/1150/"", ""online"": false}]",false,false,5,false
15243162,57262f6a-a33b-4821-89c1-a18a1913092d,26,LCF Nederland,2026-06-26T12:43:36,2026-06-26 12:43:36-05:00,2026-06-26T12:43:36,2026-06-26 12:43:36-05:00,4,Drive Through,/enterprise/User/84406/,84406,/enterprise/User/84406/,84406,,,,0.000000,,0.000000,,,,0.000000,0.000000,0.000000,0.000000,0.000000,0.000000,0.000000,,0.000000,0.000000,0.000000,0.000000,0.000000,0.000000,8.250000,0.000000,"[{""max_quantity_threshold"": 0, ""min_quantity_threshold"": 0, ""fiscal_rate"": ""2"", ""uuid"": ""4301d114-aba6-414c-8e29-dbf944850015"", ""name"": ""Sales Tax"", ""max_threshold"": ""0.0000"", ""min_threshold"": ""0.0000"", ""rounding_type"": 0, ""on_full_price"": true, ""order"": ""/resources/Order/15243162/"", ""is_prevailing"": true, ""tax_rate"": ""8.2500"", ""tax_table"": null, ""id"": 15287115, ""local_tax_id"": 590, ""tax_type"": 0, ""dining_options"": null, ""resource_uri"": ""/resources/AppliedTaxOrder/15287115/""}]",[],[],"""{\""service_fees\"":[],\""discounts\"":[]}""",,,,,,,"""""","{""status"": 0, ""was_shown"": false}",,,,false,false,true,false,false,Q,,,,0,false,false,false,0,,,true,false,,,,0,,false,false,false,false,,0,,,,false,false,0,false
15247860,fbb9503b-9259-4de2-bd03-0879637bf6f7,26,LCF Nederland,2026-06-26T14:50:20,2026-06-26 14:50:20-05:00,2026-06-26T14:50:20,2026-06-26 14:50:20-05:00,4,Drive Through,/enterprise/User/84406/,84406,/enterprise/User/84406/,84406,,,,0.000000,,0.000000,,,,0.000000,0.000000,0.000000,0.000000,0.000000,0.000000,0.000000,,0.000000,0.000000,0.000000,0.000000,0.000000,0.000000,8.250000,0.000000,"[{""max_quantity_threshold"": 0, ""min_quantity_threshold"": 0, ""fiscal_rate"": ""2"", ""uuid"": ""2c43f862-6343-425e-b8a6-699803e488c0"", ""name"": ""Sales Tax"", ""max_threshold"": ""0.0000"", ""min_threshold"": ""0.0000"", ""rounding_type"": 0, ""on_full_price"": true, ""order"": ""/resources/Order/15247860/"", ""is_prevailing"": true, ""tax_rate"": ""8.2500"", ""tax_table"": null, ""id"": 15291816, ""local_tax_id"": 590, ""tax_type"": 0, ""dining_options"": null, ""resource_uri"": ""/resources/AppliedTaxOrder/15291816/""}]",[],[],"""{\""service_fees\"":[],\""discounts\"":[]}""",,,,,,,"""""","{""status"": 0, ""was_shown"": false}",,,,false,false,true,false,false,Q,,,,0,false,false,false,0,,,true,false,,,,0,,false,false,false,false,,0,,,,false,false,0,false
15252358,a3b7add3-727c-4324-9867-fb84c016e57f,26,LCF Nederland,2026-06-26T17:27:01,2026-06-26 17:27:01-05:00,2026-06-27T00:21:17,2026-06-27 00:21:17-05:00,1,Eat In,/enterprise/User/84406/,84406,/enterprise/User/52540/,52540,,,,11.790000,,0.000000,,,,0.970000,12.760000,0.000000,0.000000,0.000000,0.000000,0.000000,0.000000,0.000000,0.000000,0.000000,0.970000,0.000000,0.000000,8.250000,0.000000,"[{""max_quantity_threshold"": 0, ""min_quantity_threshold"": 0, ""fiscal_rate"": ""2"", ""uuid"": ""01bffebb-46bc-4175-a5f1-27c5ba9bd5b0"", ""name"": ""Sales Tax"", ""max_threshold"": ""0.0000"", ""min_threshold"": ""0.0000"", ""rounding_type"": 0, ""on_full_price"": true, ""order"": ""/resources/Order/15252358/"", ""is_prevailing"": true, ""tax_rate"": ""8.2500"", ""tax_table"": null, ""id"": 15296311, ""local_tax_id"": 590, ""tax_type"": 0, ""dining_options"": null, ""resource_uri"": ""/resources/AppliedTaxOrder/15296311/""}]",[],"[""/resources/OrderHistory/9126260/""]","""{\""service_fees\"":[],\""discounts\"":[]}""",,,,,{},,"""""",,,,15252358,true,false,false,false,false,Q,,,,0,true,true,false,0,,,true,false,3,116657,,0,2890a3a6126fd219de37865680fa7ce5,false,false,false,false,,1,2,[2],"[{""id"": 8864413, ""payment_type"": 2, ""other_payment_type"": null, ""amount"": ""12.760000"", ""tip"": ""1.770000"", ""gratuity"": ""0.000000"", ""refunded"": false, ""refund_transaction_id"": null, ""transaction_status"": ""Captured"", ""transaction_id"": ""01Z6NUV5AD00P812SI6JFFQ3N4J1J1OE"", ""card_type"": 3, ""payment_date"": ""2026-06-27T00:21:17"", ""created_date"": ""2026-06-26T17:27:28"", ""station"": ""/resources/PosStation/1157/"", ""online"": false}]",false,false,6,false
15256636,5b565805-3dd8-4566-b4c4-87cf3d308361,26,LCF Nederland,2026-06-26T19:34:34,2026-06-26 19:34:34-05:00,2026-06-27T00:21:21,2026-06-27 00:21:21-05:00,4,Drive Through,/enterprise/User/52540/,52540,/enterprise/User/52540/,52540,,,,17.180000,,0.000000,,,,1.420000,18.600000,0.000000,0.000000,0.000000,0.000000,0.000000,0.000000,0.000000,0.000000,0.000000,1.420000,0.000000,0.000000,8.250000,0.000000,"[{""max_quantity_threshold"": 0, ""min_quantity_threshold"": 0, ""fiscal_rate"": ""2"", ""uuid"": ""38fc04f4-926e-4d73-a55a-26cadbdc65e3"", ""name"": ""Sales Tax"", ""max_threshold"": ""0.0000"", ""min_threshold"": ""0.0000"", ""rounding_type"": 0, ""on_full_price"": true, ""order"": ""/resources/Order/15256636/"", ""is_prevailing"": true, ""tax_rate"": ""8.2500"", ""tax_table"": null, ""id"": 15300558, ""local_tax_id"": 590, ""tax_type"": 0, ""dining_options"": null, ""resource_uri"": ""/resources/AppliedTaxOrder/15300558/""}]",[],"[""/resources/OrderHistory/9128938/""]","""{\""service_fees\"":[],\""discounts\"":[]}""",,,,,{},,"""""","{""status"": 2, ""was_shown"": false}",,,15256636,true,false,false,false,false,Q,,,,0,true,true,false,0,,,true,false,4,116681,,0,6b826703940d361ba92236c3176d99a9,false,false,false,false,,1,2,[2],"[{""id"": 8867153, ""payment_type"": 2, ""other_payment_type"": null, ""amount"": ""18.600000"", ""tip"": ""0.000000"", ""gratuity"": ""0.000000"", ""refunded"": false, ""refund_transaction_id"": null, ""transaction_status"": ""Captured"", ""transaction_id"": ""01Z6NUV5AH00P812SI6JPBOOO63NHQRT"", ""card_type"": 3, ""payment_date"": ""2026-06-27T00:21:21"", ""created_date"": ""2026-06-26T19:39:38"", ""station"": ""/resources/PosStation/1151/"", ""online"": false}]",false,false,6,false
15261358,e4af9faf-d3b6-4ca9-8d64-7d073b80cf4c,26,LCF Nederland,2026-06-26T21:54:09,2026-06-26 21:54:09-05:00,2026-06-26T21:54:09,2026-06-26 21:54:09-05:00,4,Drive Through,/enterprise/User/52540/,52540,/enterprise/User/52540/,52540,,,,0.000000,,0.000000,,,,0.000000,0.000000,0.000000,0.000000,0.000000,0.000000,0.000000,,0.000000,0.000000,0.000000,0.000000,0.000000,0.000000,8.250000,0.000000,"[{""max_quantity_threshold"": 0, ""min_quantity_threshold"": 0, ""fiscal_rate"": ""2"", ""uuid"": ""c9eb1ff1-ba54-4a81-95bb-a4a528efc1f2"", ""name"": ""Sales Tax"", ""max_threshold"": ""0.0000"", ""min_threshold"": ""0.0000"", ""rounding_type"": 0, ""on_full_price"": true, ""order"": ""/resources/Order/15261358/"", ""is_prevailing"": true, ""tax_rate"": ""8.2500"", ""tax_table"": null, ""id"": 15305205, ""local_tax_id"": 590, ""tax_type"": 0, ""dining_options"": null, ""resource_uri"": ""/resources/AppliedTaxOrder/15305205/""}]",[],[],"""{\""service_fees\"":[],\""discounts\"":[]}""",,,,,,,"""""","{""status"": 0, ""was_shown"": false}",,,,false,false,true,false,false,Q,,,,0,false,false,false,0,,,true,false,,,,0,,false,false,false,false,,0,,,,false,false,0,false
15266541,a132c468-86e0-49fd-aecc-6e0fa93af1a4,26,LCF Nederland,2026-06-27T12:03:10,2026-06-27 12:03:10-05:00,2026-06-28T00:22:48,2026-06-28 00:22:48-05:00,1,Eat In,/enterprise/User/89994/,89994,/enterprise/User/52540/,52540,,,,13.990000,,0.000000,,,,1.150000,15.140000,0.000000,0.000000,0.000000,0.000000,0.000000,0.000000,0.000000,0.000000,0.000000,1.150000,0.000000,0.000000,8.250000,0.000000,"[{""max_quantity_threshold"": 0, ""min_quantity_threshold"": 0, ""fiscal_rate"": ""2"", ""uuid"": ""e10e3b37-b103-4901-819c-30aaceb0745b"", ""name"": ""Sales Tax"", ""max_threshold"": ""0.0000"", ""min_threshold"": ""0.0000"", ""rounding_type"": 0, ""on_full_price"": true, ""order"": ""/resources/Order/15266541/"", ""is_prevailing"": true, ""tax_rate"": ""8.2500"", ""tax_table"": null, ""id"": 15310377, ""local_tax_id"": 590, ""tax_type"": 0, ""dining_options"": null, ""resource_uri"": ""/resources/AppliedTaxOrder/15310377/""}]",[],"[""/resources/OrderHistory/9134790/""]","""{\""service_fees\"":[],\""discounts\"":[]}""",,,,,{},,"""""",,,,15266541,true,false,false,false,false,Q,,,,0,true,true,false,0,,,true,false,3,116730,,0,6325903ec7755b491bc686a910b23522,false,false,false,false,,1,2,[2],"[{""id"": 8872749, ""payment_type"": 2, ""other_payment_type"": null, ""amount"": ""15.140000"", ""tip"": ""0.000000"", ""gratuity"": ""0.000000"", ""refunded"": false, ""refund_transaction_id"": null, ""transaction_status"": ""Captured"", ""transaction_id"": ""01Z6NV1PP800P812SV1HLA4I33N8FIEH"", ""card_type"": 3, ""payment_date"": ""2026-06-28T00:22:48"", ""created_date"": ""2026-06-27T12:04:00"", ""station"": ""/resources/PosStation/1157/"", ""online"": false}]",false,false,6,false
15271155,1d49e081-c344-4ae7-919c-6024688cae67,26,LCF Nederland,2026-06-27T14:19:41,2026-06-27 14:19:41-05:00,2026-06-28T00:26:54,2026-06-28 00:26:54-05:00,100,DD Marketplace,/enterprise/User/52540/,52540,/enterprise/User/52540/,52540,,,13922,18.180000,,0.000000,,,,1.500000,19.680000,0.000000,0.000000,0.000000,0.000000,0.000000,0.000000,0.000000,0.000000,0.000000,1.500000,0.000000,0.000000,8.250000,0.000000,"[{""max_quantity_threshold"": 0, ""min_quantity_threshold"": 0, ""fiscal_rate"": ""2"", ""uuid"": ""d21bebe1-d43a-4dfd-b09a-37b58ff99287"", ""name"": ""Sales Tax"", ""max_threshold"": ""0.0000"", ""min_threshold"": ""0.0000"", ""rounding_type"": 0, ""on_full_price"": true, ""order"": ""/resources/Order/15271155/"", ""is_prevailing"": true, ""tax_rate"": ""8.2500"", ""tax_table"": null, ""id"": 15315015, ""local_tax_id"": 590, ""tax_type"": 0, ""dining_options"": null, ""resource_uri"": ""/resources/AppliedTaxOrder/15315015/""}]",[],"[""/resources/OrderHistory/9137673/""]","""{\""service_fees\"":[],\""discounts\"":[]}""",,,,,{},,"""null""",,,,a3e79e89,true,false,false,false,true,Q,,,,0,true,true,false,0,,,true,false,18,116753,,0,fa55d8a293c8196d6cec1f28717ff0c9,false,false,false,false,,2,,"[209, 200]","[{""id"": 8875539, ""payment_type"": 209, ""other_payment_type"": null, ""amount"": ""19.230000"", ""tip"": ""0.000000"", ""gratuity"": ""0.000000"", ""refunded"": false, ""refund_transaction_id"": null, ""transaction_status"": null, ""transaction_id"": ""82c2c76b-e2ca-4737-b509-89b8b5cf6331"", ""card_type"": null, ""payment_date"": ""2026-06-27T14:19:41"", ""created_date"": ""2026-06-27T14:19:41"", ""station"": ""/resources/PosStation/1150/"", ""online"": true}, {""id"": 8884300, ""payment_type"": 200, ""other_payment_type"": null, ""amount"": ""0.450000"", ""tip"": ""0.000000"", ""gratuity"": ""0.000000"", ""refunded"": false, ""refund_transaction_id"": null, ""transaction_status"": null, ""transaction_id"": ""1"", ""card_type"": null, ""payment_date"": ""2026-06-28T00:26:54"", ""created_date"": ""2026-06-28T00:26:54"", ""station"": ""/resources/PosStation/1151/"", ""online"": false}]",false,false,1,false
15273571,46e0bc8e-000d-4bf4-b313-34294a14f01b,26,LCF Nederland,2026-06-27T15:37:04,2026-06-27 15:37:04-05:00,2026-06-27T15:38:07,2026-06-27 15:38:07-05:00,8,Pickup,/enterprise/User/1/,1,/enterprise/User/38670/,38670,,,261250,9.770000,,0.000000,,,,0.810000,10.580000,0.000000,0.000000,0.000000,0.000000,0.000000,0.000000,0.000000,0.000000,0.000000,0.810000,0.000000,0.000000,8.250000,0.000000,"[{""max_quantity_threshold"": 0, ""min_quantity_threshold"": 0, ""fiscal_rate"": ""2"", ""uuid"": ""704107af-e169-4bbe-9859-18278cdb28fc"", ""name"": ""Sales Tax"", ""max_threshold"": ""0.0000"", ""min_threshold"": ""0.0000"", ""rounding_type"": 0, ""on_full_price"": true, ""order"": ""/resources/Order/15273571/"", ""is_prevailing"": true, ""tax_rate"": ""8.2500"", ""tax_table"": null, ""id"": 15317423, ""local_tax_id"": 590, ""tax_type"": 0, ""dining_options"": null, ""resource_uri"": ""/resources/AppliedTaxOrder/15317423/""}]",[],"[""/resources/OrderHistory/9139083/""]","""{\""service_fees\"":[],\""discounts\"":[]}""",,,"{""status"": 2, ""pickup_type"": 1, ""send_confirmation"": true, ""vehicle_color"": null, ""vehicle_make"": null, ""call_name"": ""StoreFront / Walter Holmes / Jun 27, 15:46 / +13465263896"", ""customer_arrived"": false, ""vehicle_type"": null, ""phone_number"": ""+13465263896"", ""email"": ""bgwalt09@icloud.com""}",,{},,"""null""",,,,33d0793a,true,false,false,false,true,Q,,,,0,true,true,false,0,,,true,false,5,116775,,0,125d1609c2096e28fce3809d5123d8cf,false,false,true,false,,1,209,[209],"[{""id"": 8876905, ""payment_type"": 209, ""other_payment_type"": null, ""amount"": ""10.580000"", ""tip"": ""0.000000"", ""gratuity"": ""0.000000"", ""refunded"": false, ""refund_transaction_id"": null, ""transaction_status"": null, ""transaction_id"": ""e0a720dc-adc2-488f-87e2-f67d1b27469b"", ""card_type"": null, ""payment_date"": ""2026-06-27T15:37:04"", ""created_date"": ""2026-06-27T15:37:04"", ""station"": ""/resources/PosStation/1150/"", ""online"": true}]",false,false,1,false
15276754,c3c96db4-0739-44f8-992e-e9087da4f0bc,26,LCF Nederland,2026-06-27T17:45:28,2026-06-27 17:45:28-05:00,2026-06-28T00:22:59,2026-06-28 00:22:59-05:00,4,Drive Through,/enterprise/User/52540/,52540,/enterprise/User/52540/,52540,,,,26.510000,,0.000000,,,,2.190000,28.700000,0.000000,0.000000,0.000000,0.000000,0.000000,0.000000,0.000000,0.000000,0.000000,2.190000,0.000000,0.000000,8.250000,0.000000,"[{""max_quantity_threshold"": 0, ""min_quantity_threshold"": 0, ""fiscal_rate"": ""2"", ""uuid"": ""4fa2f057-90d2-4a7b-81e6-bf42d7b2c9d2"", ""name"": ""Sales Tax"", ""max_threshold"": ""0.0000"", ""min_threshold"": ""0.0000"", ""rounding_type"": 0, ""on_full_price"": true, ""order"": ""/resources/Order/15276754/"", ""is_prevailing"": true, ""tax_rate"": ""8.2500"", ""tax_table"": null, ""id"": 15320592, ""local_tax_id"": 590, ""tax_type"": 0, ""dining_options"": null, ""resource_uri"": ""/resources/AppliedTaxOrder/15320592/""}]",[],"[""/resources/OrderHistory/9141235/""]","""{\""service_fees\"":[],\""discounts\"":[]}""",,,,,{},,"""""","{""status"": 2, ""was_shown"": false}",,,15276754,true,false,false,false,false,Q,,,,0,true,true,false,0,,,true,false,3,116802,,0,132805e0c791c880bca8f2f1c4ab60a5,false,false,false,false,,1,2,[2],"[{""id"": 8879001, ""payment_type"": 2, ""other_payment_type"": null, ""amount"": ""28.700000"", ""tip"": ""0.000000"", ""gratuity"": ""0.000000"", ""refunded"": false, ""refund_transaction_id"": null, ""transaction_status"": ""Captured"", ""transaction_id"": ""01Z6NV1PPJ00P812SV1IGGESJ938ORFO"", ""card_type"": 3, ""payment_date"": ""2026-06-28T00:22:59"", ""created_date"": ""2026-06-27T17:47:17"", ""station"": ""/resources/PosStation/1151/"", ""online"": false}]",false,false,10,false
15280698,0f5b03d1-d48b-4242-9ca9-8289a24c4643,26,LCF Nederland,2026-06-27T19:45:46,2026-06-27 19:45:46-05:00,2026-06-27T19:45:46,2026-06-27 19:45:46-05:00,4,Drive Through,/enterprise/User/52540/,52540,/enterprise/User/52540/,52540,,,,0.000000,,0.000000,,,,0.000000,0.000000,0.000000,0.000000,0.000000,0.000000,0.000000,,0.000000,0.000000,0.000000,0.000000,0.000000,0.000000,8.250000,0.000000,"[{""max_quantity_threshold"": 0, ""min_quantity_threshold"": 0, ""fiscal_rate"": ""2"", ""uuid"": ""673e3d86-16b1-49b7-81a5-78688e760278"", ""name"": ""Sales Tax"", ""max_threshold"": ""0.0000"", ""min_threshold"": ""0.0000"", ""rounding_type"": 0, ""on_full_price"": true, ""order"": ""/resources/Order/15280698/"", ""is_prevailing"": true, ""tax_rate"": ""8.2500"", ""tax_table"": null, ""id"": 15324501, ""local_tax_id"": 590, ""tax_type"": 0, ""dining_options"": null, ""resource_uri"": ""/resources/AppliedTaxOrder/15324501/""}]",[],[],"""{\""service_fees\"":[],\""discounts\"":[]}""",,,,,,,"""""","{""status"": 0, ""was_shown"": false}",,,,false,false,true,false,false,Q,,,,0,false,false,false,0,,,true,false,,,,0,,false,false,false,false,,0,,,,false,false,0,false
15284046,f08a5247-dadc-4b2d-9867-98c779479b70,26,LCF Nederland,2026-06-27T22:09:53,2026-06-27 22:09:53-05:00,2026-06-27T22:15:12,2026-06-27 22:15:12-05:00,4,Drive Through,/enterprise/User/52540/,52540,/enterprise/User/75716/,75716,,,,22.190000,,0.000000,,,,1.830000,24.020000,0.000000,0.000000,0.000000,0.000000,0.000000,0.000000,0.000000,0.000000,0.000000,1.830000,0.000000,0.000000,8.250000,0.000000,"[{""max_quantity_threshold"": 0, ""min_quantity_threshold"": 0, ""fiscal_rate"": ""2"", ""uuid"": ""77de210c-7cc0-4785-8a12-4bdbdf288a5b"", ""name"": ""Sales Tax"", ""max_threshold"": ""0.0000"", ""min_threshold"": ""0.0000"", ""rounding_type"": 0, ""on_full_price"": true, ""order"": ""/resources/Order/15284046/"", ""is_prevailing"": true, ""tax_rate"": ""8.2500"", ""tax_table"": null, ""id"": 15327791, ""local_tax_id"": 590, ""tax_type"": 0, ""dining_options"": null, ""resource_uri"": ""/resources/AppliedTaxOrder/15327791/""}]",[],"[""/resources/OrderHistory/9145530/""]","""{\""service_fees\"":[],\""discounts\"":[]}""",,,,,{},,"""""","{""status"": 2, ""was_shown"": false}",,,15284046,true,false,false,false,false,Q,,,,0,true,true,false,0,,,true,false,2,116850,,0,8c4a91cb8a5bd851a078d1f93ed00751,false,false,false,false,,1,1,[1],"[{""id"": 8883192, ""payment_type"": 1, ""other_payment_type"": null, ""amount"": ""24.020000"", ""tip"": ""0.000000"", ""gratuity"": ""0.000000"", ""refunded"": false, ""refund_transaction_id"": null, ""transaction_status"": null, ""transaction_id"": ""1782616273"", ""card_type"": null, ""payment_date"": ""2026-06-27T22:11:12"", ""created_date"": ""2026-06-27T22:11:12"", ""station"": ""/resources/PosStation/1151/"", ""online"": false}]",false,false,9,false
15288983,aaa6517c-3159-4b22-8fe9-13fa3f84fc19,26,LCF Nederland,2026-06-28T11:49:28,2026-06-28 11:49:28-05:00,2026-06-29T00:01:41,2026-06-29 00:01:41-05:00,1,Eat In,/enterprise/User/88846/,88846,/enterprise/User/52540/,52540,,,,13.990000,,0.000000,,,,1.150000,15.140000,0.000000,0.000000,0.000000,0.000000,0.000000,0.000000,0.000000,0.000000,0.000000,1.150000,0.000000,0.000000,8.250000,0.000000,"[{""max_quantity_threshold"": 0, ""min_quantity_threshold"": 0, ""fiscal_rate"": ""2"", ""uuid"": ""a9aec697-24a6-45d7-bdbe-660a8486c3be"", ""name"": ""Sales Tax"", ""max_threshold"": ""0.0000"", ""min_threshold"": ""0.0000"", ""rounding_type"": 0, ""on_full_price"": true, ""order"": ""/resources/Order/15288983/"", ""is_prevailing"": true, ""tax_rate"": ""8.2500"", ""tax_table"": null, ""id"": 15332726, ""local_tax_id"": 590, ""tax_type"": 0, ""dining_options"": null, ""resource_uri"": ""/resources/AppliedTaxOrder/15332726/""}]",[],"[""/resources/OrderHistory/9148075/""]","""{\""service_fees\"":[],\""discounts\"":[]}""",,,,,{},,"""""",,,,15288983,true,false,false,false,false,Q,,,,0,true,true,false,0,,,true,false,3,116869,,0,0da9771d670843f46ffcfc6f59bde76e,false,false,false,false,,1,2,[2],"[{""id"": 8885738, ""payment_type"": 2, ""other_payment_type"": null, ""amount"": ""15.140000"", ""tip"": ""0.000000"", ""gratuity"": ""0.000000"", ""refunded"": false, ""refund_transaction_id"": null, ""transaction_status"": ""Captured"", ""transaction_id"": ""01Z6NV4CTL00P812TABBQT25AP0GCQKK"", ""card_type"": 3, ""payment_date"": ""2026-06-29T00:01:41"", ""created_date"": ""2026-06-28T11:50:01"", ""station"": ""/resources/PosStation/1157/"", ""online"": false}]",false,false,6,false
15293780,567a8897-9b66-4f69-b494-f65ba6ea99f8,26,LCF Nederland,2026-06-28T14:00:46,2026-06-28 14:00:46-05:00,2026-06-29T00:01:48,2026-06-29 00:01:48-05:00,4,Drive Through,/enterprise/User/52540/,52540,/enterprise/User/52540/,52540,,,,9.790000,,0.000000,,,,0.810000,10.600000,0.000000,0.000000,0.000000,0.000000,0.000000,0.000000,0.000000,0.000000,0.000000,0.810000,0.000000,0.000000,8.250000,0.000000,"[{""max_quantity_threshold"": 0, ""min_quantity_threshold"": 0, ""fiscal_rate"": ""2"", ""uuid"": ""c255468b-2459-4f3a-b23b-3230f38e9ae2"", ""name"": ""Sales Tax"", ""max_threshold"": ""0.0000"", ""min_threshold"": ""0.0000"", ""rounding_type"": 0, ""on_full_price"": true, ""order"": ""/resources/Order/15293780/"", ""is_prevailing"": true, ""tax_rate"": ""8.2500"", ""tax_table"": null, ""id"": 15337564, ""local_tax_id"": 590, ""tax_type"": 0, ""dining_options"": null, ""resource_uri"": ""/resources/AppliedTaxOrder/15337564/""}]",[],"[""/resources/OrderHistory/9151364/""]","""{\""service_fees\"":[],\""discounts\"":[]}""",,,,,{},,"""""","{""status"": 2, ""was_shown"": false}",,,15293780,true,false,false,false,false,Q,,,,0,true,true,false,0,,,true,false,2,116898,,0,6c1d57106bc64603dfd22aadb53d6f27,false,false,false,false,,1,2,[2],"[{""id"": 8888963, ""payment_type"": 2, ""other_payment_type"": null, ""amount"": ""10.600000"", ""tip"": ""0.000000"", ""gratuity"": ""0.000000"", ""refunded"": false, ""refund_transaction_id"": null, ""transaction_status"": ""Captured"", ""transaction_id"": ""01Z6NV4CTS00P812TABCOD8PD9H19HRS"", ""card_type"": 3, ""payment_date"": ""2026-06-29T00:01:48"", ""created_date"": ""2026-06-28T14:01:44"", ""station"": ""/resources/PosStation/1151/"", ""online"": false}]",false,false,5,false
15296828,b51eaf27-40df-4856-a5eb-a7410f252d39,26,LCF Nederland,2026-06-28T15:32:58,2026-06-28 15:32:58-05:00,2026-06-29T00:01:55,2026-06-29 00:01:55-05:00,4,Drive Through,/enterprise/User/52540/,52540,/enterprise/User/52540/,52540,,,,11.780000,,0.000000,,,,0.970000,12.750000,0.000000,0.000000,0.000000,0.000000,0.000000,0.000000,0.000000,0.000000,0.000000,0.970000,0.000000,0.000000,8.250000,0.000000,"[{""max_quantity_threshold"": 0, ""min_quantity_threshold"": 0, ""fiscal_rate"": ""2"", ""uuid"": ""26ce308f-fcf3-40a9-944c-5ab28ea311b6"", ""name"": ""Sales Tax"", ""max_threshold"": ""0.0000"", ""min_threshold"": ""0.0000"", ""rounding_type"": 0, ""on_full_price"": true, ""order"": ""/resources/Order/15296828/"", ""is_prevailing"": true, ""tax_rate"": ""8.2500"", ""tax_table"": null, ""id"": 15340631, ""local_tax_id"": 590, ""tax_type"": 0, ""dining_options"": null, ""resource_uri"": ""/resources/AppliedTaxOrder/15340631/""}]",[],"[""/resources/OrderHistory/9153036/""]","""{\""service_fees\"":[],\""discounts\"":[]}""",,,,,{},,"""""","{""status"": 2, ""was_shown"": false}",,,15296828,true,false,false,false,false,Q,,,,0,true,true,false,0,,,true,false,3,116926,,0,9cab6083bcea621c17b1b12831533b7c,false,false,false,false,,1,2,[2],"[{""id"": 8890600, ""payment_type"": 2, ""other_payment_type"": null, ""amount"": ""12.750000"", ""tip"": ""0.000000"", ""gratuity"": ""0.000000"", ""refunded"": false, ""refund_transaction_id"": null, ""transaction_status"": ""Captured"", ""transaction_id"": ""01Z6NV4CU300P812TABDJ92GRCTEJ597"", ""card_type"": 2, ""payment_date"": ""2026-06-29T00:01:55"", ""created_date"": ""2026-06-28T15:34:00"", ""station"": ""/resources/PosStation/1151/"", ""online"": false}]",false,false,5,false
15301424,be75f101-7963-4997-99d6-ca7d98667840,26,LCF Nederland,2026-06-28T17:53:31,2026-06-28 17:53:31-05:00,2026-06-28T17:53:31,2026-06-28 17:53:31-05:00,4,Drive Through,/enterprise/User/89994/,89994,/enterprise/User/89994/,89994,,,,0.000000,,0.000000,,,,0.000000,0.000000,0.000000,0.000000,0.000000,0.000000,0.000000,,0.000000,0.000000,0.000000,0.000000,0.000000,0.000000,8.250000,0.000000,"[{""max_quantity_threshold"": 0, ""min_quantity_threshold"": 0, ""fiscal_rate"": ""2"", ""uuid"": ""b5021c75-3025-435c-ae2e-7b6366e8c977"", ""name"": ""Sales Tax"", ""max_threshold"": ""0.0000"", ""min_threshold"": ""0.0000"", ""rounding_type"": 0, ""on_full_price"": true, ""order"": ""/resources/Order/15301424/"", ""is_prevailing"": true, ""tax_rate"": ""8.2500"", ""tax_table"": null, ""id"": 15345238, ""local_tax_id"": 590, ""tax_type"": 0, ""dining_options"": null, ""resource_uri"": ""/resources/AppliedTaxOrder/15345238/""}]",[],[],"""{\""service_fees\"":[],\""discounts\"":[]}""",,,,,,,"""""","{""status"": 0, ""was_shown"": false}",,,,false,false,true,false,false,Q,,,,0,false,false,false,0,,,true,false,,,,0,,false,false,false,false,,0,,,,false,false,0,false
15302283,4788dbea-40fc-40fe-b073-cccf45ac5407,26,LCF Nederland,2026-06-28T19:57:32,2026-06-28 19:57:32-05:00,2026-06-28T20:01:45,2026-06-28 20:01:45-05:00,1,Eat In,/enterprise/User/52540/,52540,/enterprise/User/88846/,88846,,,,24.570000,,0.000000,,,,2.030000,26.600000,0.000000,0.000000,0.000000,0.000000,0.000000,0.000000,0.000000,0.000000,0.000000,2.030000,0.000000,0.000000,8.250000,0.000000,"[{""max_quantity_threshold"": 0, ""min_quantity_threshold"": 0, ""fiscal_rate"": ""2"", ""uuid"": ""5031ed37-b771-4d3e-8a46-04893ec8a93e"", ""name"": ""Sales Tax"", ""max_threshold"": ""0.0000"", ""min_threshold"": ""0.0000"", ""rounding_type"": 0, ""on_full_price"": true, ""order"": ""/resources/Order/15302283/"", ""is_prevailing"": true, ""tax_rate"": ""8.2500"", ""tax_table"": null, ""id"": 15346127, ""local_tax_id"": 590, ""tax_type"": 0, ""dining_options"": null, ""resource_uri"": ""/resources/AppliedTaxOrder/15346127/""}]",[],"[""/resources/OrderHistory/9157901/""]","""{\""service_fees\"":[],\""discounts\"":[]}""",,,,,{},,"""""",,,,15302283,true,false,false,false,false,Q,,,,0,true,true,false,0,,,true,false,3,116976,,0,93c9c0683a2de3dd9933670fea070950,false,false,false,false,,1,1,[1],"[{""id"": 8895354, ""payment_type"": 1, ""other_payment_type"": null, ""amount"": ""26.600000"", ""tip"": ""0.000000"", ""gratuity"": ""0.000000"", ""refunded"": false, ""refund_transaction_id"": null, ""transaction_status"": null, ""transaction_id"": ""1782694764"", ""card_type"": null, ""payment_date"": ""2026-06-28T19:59:23"", ""created_date"": ""2026-06-28T19:59:23"", ""station"": ""/resources/PosStation/1157/"", ""online"": false}]",false,false,11,false
15308196,30b2f785-ea83-443d-b462-29e9a75b70c1,26,LCF Nederland,2026-06-28T21:39:53,2026-06-28 21:39:53-05:00,2026-06-28T21:54:04,2026-06-28 21:54:04-05:00,1,Eat In,/enterprise/User/52540/,52540,/enterprise/User/88846/,88846,,,,17.870000,,0.000000,,,,1.470000,19.340000,0.000000,0.000000,0.000000,0.000000,0.000000,0.000000,0.000000,0.000000,0.000000,1.470000,0.000000,0.000000,8.250000,0.000000,"[{""max_quantity_threshold"": 0, ""min_quantity_threshold"": 0, ""fiscal_rate"": ""2"", ""uuid"": ""9b69a223-538d-4882-9002-7f82901cf567"", ""name"": ""Sales Tax"", ""max_threshold"": ""0.0000"", ""min_threshold"": ""0.0000"", ""rounding_type"": 0, ""on_full_price"": true, ""order"": ""/resources/Order/15308196/"", ""is_prevailing"": true, ""tax_rate"": ""8.2500"", ""tax_table"": null, ""id"": 15351987, ""local_tax_id"": 590, ""tax_type"": 0, ""dining_options"": null, ""resource_uri"": ""/resources/AppliedTaxOrder/15351987/""}]",[],"[""/resources/OrderHistory/9159649/""]","""{\""service_fees\"":[],\""discounts\"":[]}""",,,,,{},,"""""",,,,15308196,true,false,false,false,false,Q,,,,0,true,true,false,0,,,true,false,3,117006,,0,cc337fa85356edc971ff7bc2b90bc238,false,false,false,false,,1,1,[1],"[{""id"": 8897043, ""payment_type"": 1, ""other_payment_type"": null, ""amount"": ""19.340000"", ""tip"": ""0.000000"", ""gratuity"": ""0.000000"", ""refunded"": false, ""refund_transaction_id"": null, ""transaction_status"": null, ""transaction_id"": ""1782700812"", ""card_type"": null, ""payment_date"": ""2026-06-28T21:40:11"", ""created_date"": ""2026-06-28T21:40:11"", ""station"": ""/resources/PosStation/1157/"", ""online"": false}]",false,false,5,false
15309843,8eb41063-8aae-48e5-a503-4cc228ccc412,26,LCF Nederland,2026-06-28T23:23:03,2026-06-28 23:23:03-05:00,2026-06-28T23:28:58,2026-06-28 23:28:58-05:00,101,Uber Eats,/enterprise/User/1/,1,/enterprise/User/88846/,88846,,,292093,18.840000,,0.000000,,,,1.550000,20.390000,0.000000,0.000000,0.000000,0.000000,0.000000,0.000000,0.000000,0.000000,0.000000,1.550000,0.000000,0.000000,8.250000,0.000000,"[{""max_quantity_threshold"": 0, ""min_quantity_threshold"": 0, ""fiscal_rate"": ""2"", ""uuid"": ""2350c8a3-9193-4efc-bdea-55a36de1097a"", ""name"": ""Sales Tax"", ""max_threshold"": ""0.0000"", ""min_threshold"": ""0.0000"", ""rounding_type"": 0, ""on_full_price"": true, ""order"": ""/resources/Order/15309843/"", ""is_prevailing"": true, ""tax_rate"": ""8.2500"", ""tax_table"": null, ""id"": 15353608, ""local_tax_id"": 590, ""tax_type"": 0, ""dining_options"": null, ""resource_uri"": ""/resources/AppliedTaxOrder/15353608/""}]",[],"[""/resources/OrderHistory/9160506/""]","""{\""service_fees\"":[],\""discounts\"":[]}""",,,,,{},,"""null""",,,,15309843,true,false,false,false,true,Q,,,,0,true,true,false,0,,,true,false,6,117032,,0,50d3fee91db4ab47ea5c08e08346be53,true,false,true,false,,1,202,[202],"[{""id"": 8897941, ""payment_type"": 202, ""other_payment_type"": null, ""amount"": ""20.390000"", ""tip"": ""0.000000"", ""gratuity"": ""0.000000"", ""refunded"": false, ""refund_transaction_id"": null, ""transaction_status"": null, ""transaction_id"": ""e935a014-4aa3-b53e-414d-3c299a7f9339"", ""card_type"": null, ""payment_date"": ""2026-06-28T23:23:03"", ""created_date"": ""2026-06-28T23:23:03"", ""station"": ""/resources/PosStation/1150/"", ""online"": true}]",false,false,1,false
15312775,a6d000c2-9c7e-47d4-9ed8-0c36bd6d6dda,26,LCF Nederland,2026-06-29T11:48:02,2026-06-29 11:48:02-05:00,2026-06-30T00:20:28,2026-06-30 00:20:28-05:00,4,Drive Through,/enterprise/User/38670/,38670,/enterprise/User/52540/,52540,,,,13.990000,,0.000000,,,,1.150000,15.140000,0.000000,0.000000,0.000000,0.000000,0.000000,0.000000,0.000000,0.000000,0.000000,1.150000,0.000000,0.000000,8.250000,0.000000,"[{""max_quantity_threshold"": 0, ""min_quantity_threshold"": 0, ""fiscal_rate"": ""2"", ""uuid"": ""ffb5d59e-cc60-481b-bf8e-c23205891616"", ""name"": ""Sales Tax"", ""max_threshold"": ""0.0000"", ""min_threshold"": ""0.0000"", ""rounding_type"": 0, ""on_full_price"": true, ""order"": ""/resources/Order/15312775/"", ""is_prevailing"": true, ""tax_rate"": ""8.2500"", ""tax_table"": null, ""id"": 15356553, ""local_tax_id"": 590, ""tax_type"": 0, ""dining_options"": null, ""resource_uri"": ""/resources/AppliedTaxOrder/15356553/""}]",[],"[""/resources/OrderHistory/9162159/""]","""{\""service_fees\"":[],\""discounts\"":[]}""",,,,,{},,"""""","{""status"": 2, ""was_shown"": false}",,,15312775,true,false,false,false,false,Q,,,,0,true,true,false,0,,,true,false,3,117053,,0,db21a7200a7e21f68a73bd61c4b26241,false,false,false,false,,1,2,[2],"[{""id"": 8899595, ""payment_type"": 2, ""other_payment_type"": null, ""amount"": ""15.140000"", ""tip"": ""0.000000"", ""gratuity"": ""0.000000"", ""refunded"": false, ""refund_transaction_id"": null, ""transaction_status"": ""Captured"", ""transaction_id"": ""01Z6NV72CS00P812TLVHNDQ43C3KCOV1"", ""card_type"": 3, ""payment_date"": ""2026-06-30T00:20:28"", ""created_date"": ""2026-06-29T11:49:47"", ""station"": ""/resources/PosStation/1151/"", ""online"": false}]",false,false,5,false
15314277,9355909a-9be9-4ed8-848a-71188eef479b,26,LCF Nederland,2026-06-29T13:09:26,2026-06-29 13:09:26-05:00,2026-06-30T00:20:35,2026-06-30 00:20:35-05:00,1,Eat In,/enterprise/User/38670/,38670,/enterprise/User/52540/,52540,/enterprise/User/38670/,38670,,12.690000,6.340000,6.340000,50.000000,,,0.520000,6.870000,0.000000,0.000000,0.000000,0.000000,0.000000,0.000000,0.000000,0.000000,0.000000,0.520000,0.000000,0.000000,8.250000,0.000000,"[{""max_quantity_threshold"": 0, ""min_quantity_threshold"": 0, ""fiscal_rate"": ""2"", ""uuid"": ""feafd6df-9f6e-4cdc-bdc5-ef168b6998bf"", ""name"": ""Sales Tax"", ""max_threshold"": ""0.0000"", ""min_threshold"": ""0.0000"", ""rounding_type"": 0, ""on_full_price"": true, ""order"": ""/resources/Order/15314277/"", ""is_prevailing"": true, ""tax_rate"": ""8.2500"", ""tax_table"": null, ""id"": 15358069, ""local_tax_id"": 590, ""tax_type"": 0, ""dining_options"": null, ""resource_uri"": ""/resources/AppliedTaxOrder/15358069/""}]","[{""rule_type"": 1, ""discounted_by"": null, ""name"": ""Employee 50%"", ""rule_amount"": ""50.000000"", ""discount_amount"": ""6.340000"", ""tax_amount_included"": ""0.000000"", ""discount_function"": 0, ""qty"": 0, ""discount"": ""/resources/Discount/9323/"", ""taxed"": true, ""id"": 549644, ""stackable_type"": 0, ""resource_uri"": ""/resources/AppliedDiscountOrder/549644/"", ""order"": ""/resources/Order/15314277/"", ""discount_code"": """", ""uuid"": ""2a26c182-6595-4d2f-859d-3fb42014ae60""}]","[""/resources/OrderHistory/9164395/""]","""{\""service_fees\"":[],\""discounts\"":[]}""",,,,,{},,"""""",,,,15314277,true,false,false,true,false,Q,Employee 50%,,1,0,true,true,false,0,,,true,false,4,117079,,0,9b929dc76c416c5435ec7911919aca48,false,false,false,false,,1,2,[2],"[{""id"": 8901995, ""payment_type"": 2, ""other_payment_type"": null, ""amount"": ""6.870000"", ""tip"": ""0.000000"", ""gratuity"": ""0.000000"", ""refunded"": false, ""refund_transaction_id"": null, ""transaction_status"": ""Captured"", ""transaction_id"": ""01Z6NV72D300P812TLVI189M1QTJ7ECF"", ""card_type"": 3, ""payment_date"": ""2026-06-30T00:20:35"", ""created_date"": ""2026-06-29T13:10:17"", ""station"": ""/resources/PosStation/1157/"", ""online"": false}]",false,false,4,false
15318906,c47de1a0-6d32-4dc5-bdc6-d7a6713204bf,26,LCF Nederland,2026-06-29T14:41:48,2026-06-29 14:41:48-05:00,2026-06-30T00:20:39,2026-06-30 00:20:39-05:00,4,Drive Through,/enterprise/User/38670/,38670,/enterprise/User/52540/,52540,,,,13.990000,,0.000000,,,,1.150000,15.140000,0.000000,0.000000,0.000000,0.000000,0.000000,0.000000,0.000000,0.000000,0.000000,1.150000,0.000000,0.000000,8.250000,0.000000,"[{""max_quantity_threshold"": 0, ""min_quantity_threshold"": 0, ""fiscal_rate"": ""2"", ""uuid"": ""81f165e1-39f4-4fc3-b0f2-5a1ab716c844"", ""name"": ""Sales Tax"", ""max_threshold"": ""0.0000"", ""min_threshold"": ""0.0000"", ""rounding_type"": 0, ""on_full_price"": true, ""order"": ""/resources/Order/15318906/"", ""is_prevailing"": true, ""tax_rate"": ""8.2500"", ""tax_table"": null, ""id"": 15362697, ""local_tax_id"": 590, ""tax_type"": 0, ""dining_options"": null, ""resource_uri"": ""/resources/AppliedTaxOrder/15362697/""}]",[],"[""/resources/OrderHistory/9166095/""]","""{\""service_fees\"":[],\""discounts\"":[]}""",,,,,{},,"""""","{""status"": 2, ""was_shown"": false}",,,15318906,true,false,false,false,false,Q,,,,0,true,true,false,0,,,true,false,3,117104,,0,f23bb495f77b69ab2a22c1f61cc8ca2a,false,false,false,false,,1,2,[2],"[{""id"": 8903426, ""payment_type"": 2, ""other_payment_type"": null, ""amount"": ""15.140000"", ""tip"": ""0.000000"", ""gratuity"": ""0.000000"", ""refunded"": false, ""refund_transaction_id"": null, ""transaction_status"": ""Captured"", ""transaction_id"": ""01Z6NV72D700P812TLVI6KVK1DEGGGAD"", ""card_type"": 1, ""payment_date"": ""2026-06-30T00:20:39"", ""created_date"": ""2026-06-29T14:42:30"", ""station"": ""/resources/PosStation/1151/"", ""online"": false}]",false,false,5,false
15322535,c85ffdac-426e-42fb-b36d-493ab4d83cd8,26,LCF Nederland,2026-06-29T17:05:12,2026-06-29 17:05:12-05:00,2026-06-29T17:05:12,2026-06-29 17:05:12-05:00,1,Eat In,/enterprise/User/38670/,38670,/enterprise/User/38670/,38670,,,,0.000000,,0.000000,,,,0.000000,0.000000,0.000000,0.000000,0.000000,0.000000,0.000000,,0.000000,0.000000,0.000000,0.000000,0.000000,0.000000,8.250000,0.000000,"[{""max_quantity_threshold"": 0, ""min_quantity_threshold"": 0, ""fiscal_rate"": ""2"", ""uuid"": ""2107c353-e250-43f5-8d71-b459f0ef2f44"", ""name"": ""Sales Tax"", ""max_threshold"": ""0.0000"", ""min_threshold"": ""0.0000"", ""rounding_type"": 0, ""on_full_price"": true, ""order"": ""/resources/Order/15322535/"", ""is_prevailing"": true, ""tax_rate"": ""8.2500"", ""tax_table"": null, ""id"": 15366316, ""local_tax_id"": 590, ""tax_type"": 0, ""dining_options"": null, ""resource_uri"": ""/resources/AppliedTaxOrder/15366316/""}]",[],[],"""{\""service_fees\"":[],\""discounts\"":[]}""",,,,,,,"""""",,,,,false,false,true,false,false,Q,,,,0,false,false,false,0,,,true,false,,,,0,,false,false,false,false,,0,,,,false,false,0,false
15325551,064c3709-2892-4ff2-bf3d-dab9fd3cf52e,26,LCF Nederland,2026-06-29T18:56:39,2026-06-29 18:56:39-05:00,2026-06-29T19:00:55,2026-06-29 19:00:55-05:00,4,Drive Through,/enterprise/User/38670/,38670,/enterprise/User/84406/,84406,,,,24.680000,,0.000000,,,,2.040000,26.720000,0.000000,0.000000,0.000000,0.000000,0.000000,0.000000,0.000000,0.000000,0.000000,2.040000,0.000000,0.000000,8.250000,0.000000,"[{""max_quantity_threshold"": 0, ""min_quantity_threshold"": 0, ""fiscal_rate"": ""2"", ""uuid"": ""72d5bdad-5382-45c0-8a04-ee7ab5e953b4"", ""name"": ""Sales Tax"", ""max_threshold"": ""0.0000"", ""min_threshold"": ""0.0000"", ""rounding_type"": 0, ""on_full_price"": true, ""order"": ""/resources/Order/15325551/"", ""is_prevailing"": true, ""tax_rate"": ""8.2500"", ""tax_table"": null, ""id"": 15369294, ""local_tax_id"": 590, ""tax_type"": 0, ""dining_options"": null, ""resource_uri"": ""/resources/AppliedTaxOrder/15369294/""}]",[],"[""/resources/OrderHistory/9169975/""]","""{\""service_fees\"":[],\""discounts\"":[]}""",,,,,{},,"""""","{""status"": 2, ""was_shown"": false}",,,15325551,true,false,false,false,false,Q,,,,0,true,true,false,0,,,true,false,3,117151,,0,72d70185fb22704a33b03999c565a274,false,false,false,false,,1,1,[1],"[{""id"": 8907171, ""payment_type"": 1, ""other_payment_type"": null, ""amount"": ""26.720000"", ""tip"": ""0.000000"", ""gratuity"": ""0.000000"", ""refunded"": false, ""refund_transaction_id"": null, ""transaction_status"": null, ""transaction_id"": ""1782777474"", ""card_type"": null, ""payment_date"": ""2026-06-29T18:57:54"", ""created_date"": ""2026-06-29T18:57:54"", ""station"": ""/resources/PosStation/1151/"", ""online"": false}]",false,false,9,false
15329142,da035de4-58e0-44c0-97d8-4c3eaa632d18,26,LCF Nederland,2026-06-29T21:05:36,2026-06-29 21:05:36-05:00,2026-06-29T21:05:36,2026-06-29 21:05:36-05:00,4,Drive Through,/enterprise/User/84406/,84406,/enterprise/User/84406/,84406,,,,0.000000,,0.000000,,,,0.000000,0.000000,0.000000,0.000000,0.000000,0.000000,0.000000,,0.000000,0.000000,0.000000,0.000000,0.000000,0.000000,8.250000,0.000000,"[{""max_quantity_threshold"": 0, ""min_quantity_threshold"": 0, ""fiscal_rate"": ""2"", ""uuid"": ""e600213f-7e81-4007-bf7e-17f7e6eb3c23"", ""name"": ""Sales Tax"", ""max_threshold"": ""0.0000"", ""min_threshold"": ""0.0000"", ""rounding_type"": 0, ""on_full_price"": true, ""order"": ""/resources/Order/15329142/"", ""is_prevailing"": true, ""tax_rate"": ""8.2500"", ""tax_table"": null, ""id"": 15372855, ""local_tax_id"": 590, ""tax_type"": 0, ""dining_options"": null, ""resource_uri"": ""/resources/AppliedTaxOrder/15372855/""}]",[],[],"""{\""service_fees\"":[],\""discounts\"":[]}""",,,,,,,"""""","{""status"": 0, ""was_shown"": false}",,,,false,false,true,false,false,Q,,,,0,false,false,false,0,,,true,false,,,,0,,false,false,false,false,,0,,,,false,false,0,false
15331856,baa08e70-b3a6-410f-96a3-41b7d97dfc90,26,LCF Nederland,2026-06-30T10:06:42,2026-06-30 10:06:42-05:00,2026-06-30T10:06:42,2026-06-30 10:06:42-05:00,4,Drive Through,/enterprise/User/38670/,38670,/enterprise/User/38670/,38670,,,,0.000000,,0.000000,,,,0.000000,0.000000,0.000000,0.000000,0.000000,0.000000,0.000000,,0.000000,0.000000,0.000000,0.000000,0.000000,0.000000,8.250000,0.000000,"[{""max_quantity_threshold"": 0, ""min_quantity_threshold"": 0, ""fiscal_rate"": ""2"", ""uuid"": ""66e194ae-235d-4432-81eb-cff1549f354b"", ""name"": ""Sales Tax"", ""max_threshold"": ""0.0000"", ""min_threshold"": ""0.0000"", ""rounding_type"": 0, ""on_full_price"": true, ""order"": ""/resources/Order/15331856/"", ""is_prevailing"": true, ""tax_rate"": ""8.2500"", ""tax_table"": null, ""id"": 15375531, ""local_tax_id"": 590, ""tax_type"": 0, ""dining_options"": null, ""resource_uri"": ""/resources/AppliedTaxOrder/15375531/""}]",[],[],"""{\""service_fees\"":[],\""discounts\"":[]}""",,,,,,,"""""","{""status"": 0, ""was_shown"": false}",,,,false,false,true,false,false,Q,,,,0,false,false,false,0,,,true,false,,,,0,,false,false,false,false,,0,,,,false,false,0,false
15335597,f393c0b0-5954-43fd-bb96-2cff46505cb9,26,LCF Nederland,2026-06-30T12:17:54,2026-06-30 12:17:54-05:00,2026-06-30T23:39:57,2026-06-30 23:39:57-05:00,1,Eat In,/enterprise/User/38670/,38670,/enterprise/User/84406/,84406,,,,20.270000,,0.000000,,,,1.670000,21.940000,0.000000,0.000000,0.000000,0.000000,0.000000,0.000000,0.000000,0.000000,0.000000,1.670000,0.000000,0.000000,8.250000,0.000000,"[{""max_quantity_threshold"": 0, ""min_quantity_threshold"": 0, ""fiscal_rate"": ""2"", ""uuid"": ""acf427ab-5738-4963-a51a-4c90e2c4473f"", ""name"": ""Sales Tax"", ""max_threshold"": ""0.0000"", ""min_threshold"": ""0.0000"", ""rounding_type"": 0, ""on_full_price"": true, ""order"": ""/resources/Order/15335597/"", ""is_prevailing"": true, ""tax_rate"": ""8.2500"", ""tax_table"": null, ""id"": 15379309, ""local_tax_id"": 590, ""tax_type"": 0, ""dining_options"": null, ""resource_uri"": ""/resources/AppliedTaxOrder/15379309/""}]",[],"[""/resources/OrderHistory/9176061/""]","""{\""service_fees\"":[],\""discounts\"":[]}""",,,,,{},,"""""",,,,15335597,true,false,false,false,false,Q,,,,0,true,true,false,0,,,true,false,3,117219,,0,716995d6880b8f599ab4bd742cdf73c7,false,false,false,false,,1,2,[2],"[{""id"": 8913012, ""payment_type"": 2, ""other_payment_type"": null, ""amount"": ""21.940000"", ""tip"": ""0.000000"", ""gratuity"": ""0.000000"", ""refunded"": false, ""refund_transaction_id"": null, ""transaction_status"": ""Captured"", ""transaction_id"": ""01Z6NV9KCT00P812U247SLUANCVJHVFJ"", ""card_type"": 3, ""payment_date"": ""2026-06-30T23:39:57"", ""created_date"": ""2026-06-30T12:18:29"", ""station"": ""/resources/PosStation/1157/"", ""online"": false}]",false,false,11,false
15339597,7d6f07ac-78de-4235-9bc3-54120382097b,26,LCF Nederland,2026-06-30T14:02:58,2026-06-30 14:02:58-05:00,2026-06-30T23:40:01,2026-06-30 23:40:01-05:00,4,Drive Through,/enterprise/User/38670/,38670,/enterprise/User/84406/,84406,,,,13.990000,,0.000000,,,,1.150000,15.140000,0.000000,0.000000,0.000000,0.000000,0.000000,0.000000,0.000000,0.000000,0.000000,1.150000,0.000000,0.000000,8.250000,0.000000,"[{""max_quantity_threshold"": 0, ""min_quantity_threshold"": 0, ""fiscal_rate"": ""2"", ""uuid"": ""bef2121b-e80f-490c-b2b4-fe1053a685f0"", ""name"": ""Sales Tax"", ""max_threshold"": ""0.0000"", ""min_threshold"": ""0.0000"", ""rounding_type"": 0, ""on_full_price"": true, ""order"": ""/resources/Order/15339597/"", ""is_prevailing"": true, ""tax_rate"": ""8.2500"", ""tax_table"": null, ""id"": 15383325, ""local_tax_id"": 590, ""tax_type"": 0, ""dining_options"": null, ""resource_uri"": ""/resources/AppliedTaxOrder/15383325/""}]",[],"[""/resources/OrderHistory/9178519/""]","""{\""service_fees\"":[],\""discounts\"":[]}""",,,,,{},,"""""","{""status"": 2, ""was_shown"": false}",,,15339597,true,false,false,false,false,Q,,,,0,true,true,false,0,,,true,false,3,117245,,0,7b63769199921cb9227fef469e39eeea,false,false,false,false,,1,2,[2],"[{""id"": 8915495, ""payment_type"": 2, ""other_payment_type"": null, ""amount"": ""15.140000"", ""tip"": ""0.000000"", ""gratuity"": ""0.000000"", ""refunded"": false, ""refund_transaction_id"": null, ""transaction_status"": ""Captured"", ""transaction_id"": ""01Z6NV9KD000P812U2489JHOC4F5LPA4"", ""card_type"": 1, ""payment_date"": ""2026-06-30T23:40:01"", ""created_date"": ""2026-06-30T14:07:25"", ""station"": ""/resources/PosStation/1151/"", ""online"": false}]",false,false,5,false
15343144,780700e0-c79c-4a28-86bb-0ffeaf2422c4,26,LCF Nederland,2026-06-30T16:25:25,2026-06-30 16:25:25-05:00,2026-06-30T23:40:04,2026-06-30 23:40:04-05:00,4,Drive Through,/enterprise/User/38670/,38670,/enterprise/User/84406/,84406,,,,21.580000,,0.000000,,,,1.780000,23.360000,0.000000,0.000000,0.000000,0.000000,0.000000,0.000000,0.000000,0.000000,0.000000,1.780000,0.000000,0.000000,8.250000,0.000000,"[{""max_quantity_threshold"": 0, ""min_quantity_threshold"": 0, ""fiscal_rate"": ""2"", ""uuid"": ""4273c54f-22cf-441f-8812-8c9eeb64deab"", ""name"": ""Sales Tax"", ""max_threshold"": ""0.0000"", ""min_threshold"": ""0.0000"", ""rounding_type"": 0, ""on_full_price"": true, ""order"": ""/resources/Order/15343144/"", ""is_prevailing"": true, ""tax_rate"": ""8.2500"", ""tax_table"": null, ""id"": 15386861, ""local_tax_id"": 590, ""tax_type"": 0, ""dining_options"": null, ""resource_uri"": ""/resources/AppliedTaxOrder/15386861/""}]",[],"[""/resources/OrderHistory/9180592/""]","""{\""service_fees\"":[],\""discounts\"":[]}""",,,,,{},,"""""","{""status"": 2, ""was_shown"": false}",,,15343144,true,false,false,false,false,Q,,,,0,true,true,false,0,,,true,false,3,117268,,0,f73c518f8e0816cd0bc10c4efa7b8806,false,false,false,false,,1,2,[2],"[{""id"": 8917423, ""payment_type"": 2, ""other_payment_type"": null, ""amount"": ""23.360000"", ""tip"": ""0.000000"", ""gratuity"": ""0.000000"", ""refunded"": false, ""refund_transaction_id"": null, ""transaction_status"": ""Captured"", ""transaction_id"": ""01Z6NV9KD300P812U248JT1G2H6J8O9F"", ""card_type"": 3, ""payment_date"": ""2026-06-30T23:40:04"", ""created_date"": ""2026-06-30T16:26:30"", ""station"": ""/resources/PosStation/1151/"", ""online"": false}]",false,false,10,false
15347276,951939eb-86c6-48a9-80c7-f2194363d791,26,LCF Nederland,2026-06-30T18:48:39,2026-06-30 18:48:39-05:00,2026-06-30T18:48:39,2026-06-30 18:48:39-05:00,4,Drive Through,/enterprise/User/75716/,75716,/enterprise/User/75716/,75716,,,,0.000000,,0.000000,,,,0.000000,0.000000,0.000000,0.000000,0.000000,0.000000,0.000000,,0.000000,0.000000,0.000000,0.000000,0.000000,0.000000,8.250000,0.000000,"[{""max_quantity_threshold"": 0, ""min_quantity_threshold"": 0, ""fiscal_rate"": ""2"", ""uuid"": ""f2ff7375-c31b-48e6-9c58-5098dbc158fb"", ""name"": ""Sales Tax"", ""max_threshold"": ""0.0000"", ""min_threshold"": ""0.0000"", ""rounding_type"": 0, ""on_full_price"": true, ""order"": ""/resources/Order/15347276/"", ""is_prevailing"": true, ""tax_rate"": ""8.2500"", ""tax_table"": null, ""id"": 15390968, ""local_tax_id"": 590, ""tax_type"": 0, ""dining_options"": null, ""resource_uri"": ""/resources/AppliedTaxOrder/15390968/""}]",[],[],"""{\""service_fees\"":[],\""discounts\"":[]}""",,,,,,,"""""","{""status"": 0, ""was_shown"": false}",,,,false,false,true,false,false,Q,,,,0,false,false,false,0,,,true,false,,,,0,,false,false,false,false,,0,,,,false,false,0,false
15350492,461bf6ba-1782-430f-a46e-18d488d02d53,26,LCF Nederland,2026-06-30T20:39:29,2026-06-30 20:39:29-05:00,2026-06-30T20:43:00,2026-06-30 20:43:00-05:00,100,DD Marketplace,/enterprise/User/1/,1,/enterprise/User/38670/,38670,,,13922,18.180000,,0.000000,,,,1.500000,19.680000,0.000000,0.000000,0.000000,0.000000,0.000000,0.000000,0.000000,0.000000,0.000000,1.500000,0.000000,0.000000,8.250000,0.000000,"[{""max_quantity_threshold"": 0, ""min_quantity_threshold"": 0, ""fiscal_rate"": ""2"", ""uuid"": ""b18d842c-888b-415c-9dd5-16408bf278ac"", ""name"": ""Sales Tax"", ""max_threshold"": ""0.0000"", ""min_threshold"": ""0.0000"", ""rounding_type"": 0, ""on_full_price"": true, ""order"": ""/resources/Order/15350492/"", ""is_prevailing"": true, ""tax_rate"": ""8.2500"", ""tax_table"": null, ""id"": 15394148, ""local_tax_id"": 590, ""tax_type"": 0, ""dining_options"": null, ""resource_uri"": ""/resources/AppliedTaxOrder/15394148/""}]",[],"[""/resources/OrderHistory/9184929/""]","""{\""service_fees\"":[],\""discounts\"":[]}""",,,,,{},,"""null""",,,,f99ee038,true,false,false,false,true,Q,,,,0,true,true,false,0,,,true,false,6,117322,,0,83f473ebb1791fef45f7f27a7a332bad,false,false,true,false,,1,209,[209],"[{""id"": 8921625, ""payment_type"": 209, ""other_payment_type"": null, ""amount"": ""19.680000"", ""tip"": ""0.000000"", ""gratuity"": ""0.000000"", ""refunded"": false, ""refund_transaction_id"": null, ""transaction_status"": null, ""transaction_id"": ""9e613ce8-d324-4e9f-ba1f-17f679aa8002"", ""card_type"": null, ""payment_date"": ""2026-06-30T20:39:29"", ""created_date"": ""2026-06-30T20:39:29"", ""station"": ""/resources/PosStation/1150/"", ""online"": true}]",false,false,1,false
